group,file,variant,prompt,t,layer,map,view,renorm,Z,raw_min,raw_max,win_row,win_col,win_score,win_on_border,noun_tokens,verb_tokens
group_stove,group_stove/t000_L00_allmax_stove_orig_base.png,stove_orig,turn on the stove,0,00,allmax,base,img512,6,8.679576591474956e-05,0.5231035145309049,13,2,0.5435333159885803,0,▁stove,turn
group_stove,group_stove/t000_L00_allsum_stove_orig_base.png,stove_orig,turn on the stove,0,00,allsum,base,img512,6,0.00017875681837536484,1.675186653344389,13,1,1.7061917615385969,1,▁stove,turn
group_stove,group_stove/t000_L00_noun_stove_orig_base.png,stove_orig,turn on the stove,0,00,noun,base,img512,6,1.0817874359707108e-06,0.5063396050545141,13,1,0.5088170371648528,1,▁stove,turn
group_stove,group_stove/t000_L00_verb_stove_orig_base.png,stove_orig,turn on the stove,0,00,verb,base,img512,6,5.850707735933814e-07,0.5231035145309049,13,1,0.526300267083232,1,▁stove,turn
group_stove,group_stove/t000_L00_func_stove_orig_base.png,stove_orig,turn on the stove,0,00,func,base,img512,6,0.00010776851131677159,0.6457435337589702,13,2,0.6710912938091859,0,▁stove,turn
group_stove,group_stove/t000_L01_allmax_stove_orig_base.png,stove_orig,turn on the stove,0,01,allmax,base,img512,6,3.954816313259902e-05,0.05700060185610018,2,6,0.1430821774720463,0,▁stove,turn
group_stove,group_stove/t000_L01_allsum_stove_orig_base.png,stove_orig,turn on the stove,0,01,allsum,base,img512,6,0.00012020663575375209,0.12290208360005367,2,6,0.346548574802837,0,▁stove,turn
group_stove,group_stove/t000_L01_noun_stove_orig_base.png,stove_orig,turn on the stove,0,01,noun,base,img512,6,3.3524322570192246e-06,0.03211483074347097,1,1,0.07138697720288106,1,▁stove,turn
group_stove,group_stove/t000_L01_verb_stove_orig_base.png,stove_orig,turn on the stove,0,01,verb,base,img512,6,1.3850158441972022e-05,0.020282645201648766,1,1,0.04325455228518863,1,▁stove,turn
group_stove,group_stove/t000_L01_func_stove_orig_base.png,stove_orig,turn on the stove,0,01,func,base,img512,6,9.846147939189016e-05,0.10781246540353112,2,6,0.3040757499905512,0,▁stove,turn
group_stove,group_stove/t000_L02_allmax_stove_orig_base.png,stove_orig,turn on the stove,0,02,allmax,base,img512,6,4.5448861377981966e-05,0.052738029489154986,13,1,0.08582964827498188,1,▁stove,turn
group_stove,group_stove/t000_L02_allsum_stove_orig_base.png,stove_orig,turn on the stove,0,02,allsum,base,img512,6,0.00012246282286170818,0.13613988564699403,13,2,0.23217422069367394,0,▁stove,turn
group_stove,group_stove/t000_L02_noun_stove_orig_base.png,stove_orig,turn on the stove,0,02,noun,base,img512,6,1.045596916499976e-05,0.01660684115488398,7,9,0.03951878637253576,0,▁stove,turn
group_stove,group_stove/t000_L02_verb_stove_orig_base.png,stove_orig,turn on the stove,0,02,verb,base,img512,6,6.610444953607808e-06,0.011898987628957957,7,9,0.027313743495485196,0,▁stove,turn
group_stove,group_stove/t000_L02_func_stove_orig_base.png,stove_orig,turn on the stove,0,02,func,base,img512,6,9.904686577151804e-05,0.11066176553055829,13,2,0.1817420939358965,0,▁stove,turn
group_stove,group_stove/t000_L03_allmax_stove_orig_base.png,stove_orig,turn on the stove,0,03,allmax,base,img512,6,9.216984714715499e-06,0.12084673624501974,7,9,0.27349460404892734,0,▁stove,turn
group_stove,group_stove/t000_L03_allsum_stove_orig_base.png,stove_orig,turn on the stove,0,03,allsum,base,img512,6,2.6433885377013857e-05,0.20291388304062508,7,9,0.5406913468330914,0,▁stove,turn
group_stove,group_stove/t000_L03_noun_stove_orig_base.png,stove_orig,turn on the stove,0,03,noun,base,img512,6,4.6317343371243967e-07,0.12084673624501974,7,9,0.2616976955922709,0,▁stove,turn
group_stove,group_stove/t000_L03_verb_stove_orig_base.png,stove_orig,turn on the stove,0,03,verb,base,img512,6,3.2518169232955315e-06,0.016255704675214498,7,9,0.061528190976258994,0,▁stove,turn
group_stove,group_stove/t000_L03_func_stove_orig_base.png,stove_orig,turn on the stove,0,03,func,base,img512,6,2.259355624166034e-05,0.07109822180445055,7,9,0.2174654602645616,0,▁stove,turn
group_stove,group_stove/t000_L04_allmax_stove_orig_base.png,stove_orig,turn on the stove,0,04,allmax,base,img512,6,3.311699151031989e-05,0.17719790334229157,7,8,0.38172191395528554,0,▁stove,turn
group_stove,group_stove/t000_L04_allsum_stove_orig_base.png,stove_orig,turn on the stove,0,04,allsum,base,img512,6,8.851120550512052e-05,0.4597038352945751,7,8,1.0890102541527382,0,▁stove,turn
group_stove,group_stove/t000_L04_noun_stove_orig_base.png,stove_orig,turn on the stove,0,04,noun,base,img512,6,8.686385853385244e-07,0.17719790334229157,7,8,0.32455046569184975,0,▁stove,turn
group_stove,group_stove/t000_L04_verb_stove_orig_base.png,stove_orig,turn on the stove,0,04,verb,base,img512,6,1.6209330469633202e-05,0.09642511565024074,7,9,0.25448086577911483,0,▁stove,turn
group_stove,group_stove/t000_L04_func_stove_orig_base.png,stove_orig,turn on the stove,0,04,func,base,img512,6,6.48373857295384e-05,0.18608081630204276,7,8,0.5100787346090229,0,▁stove,turn
group_stove,group_stove/t000_L05_allmax_stove_orig_base.png,stove_orig,turn on the stove,0,05,allmax,base,img512,6,7.3275143100180725e-06,0.13188132028405525,7,4,0.31548314353641277,0,▁stove,turn
group_stove,group_stove/t000_L05_allsum_stove_orig_base.png,stove_orig,turn on the stove,0,05,allsum,base,img512,6,2.3086014206362038e-05,0.24149426821615314,7,8,0.6348198920385166,0,▁stove,turn
group_stove,group_stove/t000_L05_noun_stove_orig_base.png,stove_orig,turn on the stove,0,05,noun,base,img512,6,1.3462312680122865e-06,0.13188132028405525,7,4,0.2569855544451251,0,▁stove,turn
group_stove,group_stove/t000_L05_verb_stove_orig_base.png,stove_orig,turn on the stove,0,05,verb,base,img512,6,2.1381945679663083e-06,0.04499127195667686,7,9,0.1299240491693445,0,▁stove,turn
group_stove,group_stove/t000_L05_func_stove_orig_base.png,stove_orig,turn on the stove,0,05,func,base,img512,6,1.7242566387977607e-05,0.12704754782216518,7,8,0.34899309358879876,0,▁stove,turn
group_stove,group_stove/t000_L06_allmax_stove_orig_base.png,stove_orig,turn on the stove,0,06,allmax,base,img512,6,2.958950717371986e-07,0.21462972600165606,6,8,0.4090219893487821,0,▁stove,turn
group_stove,group_stove/t000_L06_allsum_stove_orig_base.png,stove_orig,turn on the stove,0,06,allsum,base,img512,6,8.913700447900514e-07,0.7375559267473347,7,8,1.3727361078359896,0,▁stove,turn
group_stove,group_stove/t000_L06_noun_stove_orig_base.png,stove_orig,turn on the stove,0,06,noun,base,img512,6,2.5424223893580165e-08,0.21462972600165606,7,8,0.3996921160818941,0,▁stove,turn
group_stove,group_stove/t000_L06_verb_stove_orig_base.png,stove_orig,turn on the stove,0,06,verb,base,img512,6,3.7418003832368844e-08,0.18068093383294784,7,9,0.3328412444064534,0,▁stove,turn
group_stove,group_stove/t000_L06_func_stove_orig_base.png,stove_orig,turn on the stove,0,06,func,base,img512,6,7.374161600403411e-07,0.34224526691273083,7,8,0.6408963407611605,0,▁stove,turn
group_stove,group_stove/t000_L07_allmax_stove_orig_base.png,stove_orig,turn on the stove,0,07,allmax,base,img512,6,1.5374021177703043e-05,0.1233874753941116,7,8,0.4020286483981587,0,▁stove,turn
group_stove,group_stove/t000_L07_allsum_stove_orig_base.png,stove_orig,turn on the stove,0,07,allsum,base,img512,6,2.8624536272056888e-05,0.3628107907273855,7,8,1.1219600308215052,0,▁stove,turn
group_stove,group_stove/t000_L07_noun_stove_orig_base.png,stove_orig,turn on the stove,0,07,noun,base,img512,6,3.964109164344623e-07,0.11599502427133034,7,8,0.3554057935772834,0,▁stove,turn
group_stove,group_stove/t000_L07_verb_stove_orig_base.png,stove_orig,turn on the stove,0,07,verb,base,img512,6,2.0101065991970753e-06,0.06791749784809381,7,8,0.19266972732829404,0,▁stove,turn
group_stove,group_stove/t000_L07_func_stove_orig_base.png,stove_orig,turn on the stove,0,07,func,base,img512,6,2.349043028553566e-05,0.1788982686079613,7,9,0.5739416001652707,0,▁stove,turn
group_stove,group_stove/t000_L08_allmax_stove_orig_base.png,stove_orig,turn on the stove,0,08,allmax,base,img512,6,5.911134211873583e-05,0.12285684946708005,7,9,0.2746057880616732,0,▁stove,turn
group_stove,group_stove/t000_L08_allsum_stove_orig_base.png,stove_orig,turn on the stove,0,08,allsum,base,img512,6,9.798039592167093e-05,0.4018100477779107,7,8,0.8189886611564576,0,▁stove,turn
group_stove,group_stove/t000_L08_noun_stove_orig_base.png,stove_orig,turn on the stove,0,08,noun,base,img512,6,7.662233105778675e-08,0.11327073160246295,7,8,0.24890693134735026,0,▁stove,turn
group_stove,group_stove/t000_L08_verb_stove_orig_base.png,stove_orig,turn on the stove,0,08,verb,base,img512,6,2.1537271730424776e-07,0.12285684946708005,6,8,0.23245444003724341,0,▁stove,turn
group_stove,group_stove/t000_L08_func_stove_orig_base.png,stove_orig,turn on the stove,0,08,func,base,img512,6,8.966623157300631e-05,0.18574858051880483,7,9,0.3403042088810346,0,▁stove,turn
group_stove,group_stove/t000_L09_allmax_stove_orig_base.png,stove_orig,turn on the stove,0,09,allmax,base,img512,6,3.0462308686328233e-06,0.10962686730176929,6,4,0.1645714463548629,0,▁stove,turn
group_stove,group_stove/t000_L09_allsum_stove_orig_base.png,stove_orig,turn on the stove,0,09,allsum,base,img512,6,4.671413310370845e-06,0.4160006799440918,6,4,0.5949657127364786,0,▁stove,turn
group_stove,group_stove/t000_L09_noun_stove_orig_base.png,stove_orig,turn on the stove,0,09,noun,base,img512,6,6.498827469177395e-08,0.08221820045393785,5,5,0.10628657671029934,0,▁stove,turn
group_stove,group_stove/t000_L09_verb_stove_orig_base.png,stove_orig,turn on the stove,0,09,verb,base,img512,6,1.726558740041067e-07,0.0901057322949342,6,4,0.09337701995269178,0,▁stove,turn
group_stove,group_stove/t000_L09_func_stove_orig_base.png,stove_orig,turn on the stove,0,09,func,base,img512,6,3.575372920810105e-06,0.27081799727694256,6,4,0.3956749690308037,0,▁stove,turn
group_stove,group_stove/t000_L10_allmax_stove_orig_base.png,stove_orig,turn on the stove,0,10,allmax,base,img512,6,2.714209116410448e-08,0.5948870818601935,6,4,0.7674396018889383,0,▁stove,turn
group_stove,group_stove/t000_L10_allsum_stove_orig_base.png,stove_orig,turn on the stove,0,10,allsum,base,img512,6,5.126612008457911e-08,1.284243650886559,6,4,1.8211137490755893,0,▁stove,turn
group_stove,group_stove/t000_L10_noun_stove_orig_base.png,stove_orig,turn on the stove,0,10,noun,base,img512,6,1.6635126792795887e-09,0.07220647388482049,7,8,0.14238160837827885,0,▁stove,turn
group_stove,group_stove/t000_L10_verb_stove_orig_base.png,stove_orig,turn on the stove,0,10,verb,base,img512,6,9.785412274397806e-10,0.36123611479677714,6,4,0.44795662376587453,0,▁stove,turn
group_stove,group_stove/t000_L10_func_stove_orig_base.png,stove_orig,turn on the stove,0,10,func,base,img512,6,2.9182985055950238e-08,0.9084168627673186,6,4,1.2614438348825212,0,▁stove,turn
group_stove,group_stove/t000_L11_allmax_stove_orig_base.png,stove_orig,turn on the stove,0,11,allmax,base,img512,6,5.833793282931361e-08,0.11069390697945637,4,6,0.36628809128852774,0,▁stove,turn
group_stove,group_stove/t000_L11_allsum_stove_orig_base.png,stove_orig,turn on the stove,0,11,allsum,base,img512,6,1.2562399935100445e-07,0.17273988824989678,4,5,0.6274249334404224,0,▁stove,turn
group_stove,group_stove/t000_L11_noun_stove_orig_base.png,stove_orig,turn on the stove,0,11,noun,base,img512,6,3.4711961800427314e-09,0.11069390697945637,4,6,0.36628809128852774,0,▁stove,turn
group_stove,group_stove/t000_L11_verb_stove_orig_base.png,stove_orig,turn on the stove,0,11,verb,base,img512,6,1.8012199236956525e-10,0.03562198340721077,5,5,0.0983856642984432,0,▁stove,turn
group_stove,group_stove/t000_L11_func_stove_orig_base.png,stove_orig,turn on the stove,0,11,func,base,img512,6,1.2182772792864183e-07,0.10750111255046742,6,4,0.27243058801577885,0,▁stove,turn
group_stove,group_stove/t000_L12_allmax_stove_orig_base.png,stove_orig,turn on the stove,0,12,allmax,base,img512,6,2.0263567808410332e-08,0.27697070094935056,5,5,0.6133684924684751,0,▁stove,turn
group_stove,group_stove/t000_L12_allsum_stove_orig_base.png,stove_orig,turn on the stove,0,12,allsum,base,img512,6,6.803978669693053e-08,0.5981739318686902,5,5,1.322344727413615,0,▁stove,turn
group_stove,group_stove/t000_L12_noun_stove_orig_base.png,stove_orig,turn on the stove,0,12,noun,base,img512,6,3.0476536900292255e-09,0.024951122608676685,4,7,0.08560529703718359,0,▁stove,turn
group_stove,group_stove/t000_L12_verb_stove_orig_base.png,stove_orig,turn on the stove,0,12,verb,base,img512,6,1.9197900922787819e-10,0.17325947703553385,5,5,0.5055771039489241,0,▁stove,turn
group_stove,group_stove/t000_L12_func_stove_orig_base.png,stove_orig,turn on the stove,0,12,func,base,img512,6,6.131963728432137e-08,0.39996333222447966,5,5,0.7677183398801007,0,▁stove,turn
group_stove,group_stove/t000_L13_allmax_stove_orig_base.png,stove_orig,turn on the stove,0,13,allmax,base,img512,6,8.095204175281181e-07,0.5029710911659679,1,1,0.5947698349880777,1,▁stove,turn
group_stove,group_stove/t000_L13_allsum_stove_orig_base.png,stove_orig,turn on the stove,0,13,allsum,base,img512,6,1.698968064383186e-06,1.4669393114558562,1,1,1.7680248170083155,1,▁stove,turn
group_stove,group_stove/t000_L13_noun_stove_orig_base.png,stove_orig,turn on the stove,0,13,noun,base,img512,6,2.5029771388059935e-07,0.12853892435080203,1,1,0.16689230839142322,1,▁stove,turn
group_stove,group_stove/t000_L13_verb_stove_orig_base.png,stove_orig,turn on the stove,0,13,verb,base,img512,6,3.642205897849571e-08,0.3556137719672484,1,1,0.39168883245806646,1,▁stove,turn
group_stove,group_stove/t000_L13_func_stove_orig_base.png,stove_orig,turn on the stove,0,13,func,base,img512,6,3.852020959674403e-07,0.9827866151378057,1,1,1.2094436761588256,1,▁stove,turn
group_stove,group_stove/t000_L14_allmax_stove_orig_base.png,stove_orig,turn on the stove,0,14,allmax,base,img512,6,2.903906209028599e-08,0.12669033032782653,13,2,0.17018747765305892,0,▁stove,turn
group_stove,group_stove/t000_L14_allsum_stove_orig_base.png,stove_orig,turn on the stove,0,14,allsum,base,img512,6,7.765440633606562e-08,0.47572425696598636,13,2,0.5776895489556132,0,▁stove,turn
group_stove,group_stove/t000_L14_noun_stove_orig_base.png,stove_orig,turn on the stove,0,14,noun,base,img512,6,4.168359713840421e-10,0.1241359373625967,13,2,0.14329964511917923,0,▁stove,turn
group_stove,group_stove/t000_L14_verb_stove_orig_base.png,stove_orig,turn on the stove,0,14,verb,base,img512,6,3.1991412181526033e-12,0.12669033032782653,4,5,0.14676929385737356,0,▁stove,turn
group_stove,group_stove/t000_L14_func_stove_orig_base.png,stove_orig,turn on the stove,0,14,func,base,img512,6,1.9872581000461396e-08,0.2775034320987437,13,2,0.3501435924552861,0,▁stove,turn
group_stove,group_stove/t000_L15_allmax_stove_orig_base.png,stove_orig,turn on the stove,0,15,allmax,base,img512,6,1.3390242902047413e-08,0.07698597318027615,13,1,0.09109772714067202,1,▁stove,turn
group_stove,group_stove/t000_L15_allsum_stove_orig_base.png,stove_orig,turn on the stove,0,15,allsum,base,img512,6,1.889760611812306e-08,0.1870752433978007,13,1,0.23893717770508913,1,▁stove,turn
group_stove,group_stove/t000_L15_noun_stove_orig_base.png,stove_orig,turn on the stove,0,15,noun,base,img512,6,1.1724159813722433e-10,0.054646112975799736,14,14,0.054647289323756745,1,▁stove,turn
group_stove,group_stove/t000_L15_verb_stove_orig_base.png,stove_orig,turn on the stove,0,15,verb,base,img512,6,8.151008971696737e-09,0.07698597318027615,13,1,0.08699765428772153,1,▁stove,turn
group_stove,group_stove/t000_L15_func_stove_orig_base.png,stove_orig,turn on the stove,0,15,func,base,img512,6,3.056360516999762e-09,0.0986541092465971,13,1,0.13459629428758005,1,▁stove,turn
group_stove,group_stove/t000_L16_allmax_stove_orig_base.png,stove_orig,turn on the stove,0,16,allmax,base,img512,6,5.157565700979638e-08,0.1023576406194329,14,2,0.14908698655527353,1,▁stove,turn
group_stove,group_stove/t000_L16_allsum_stove_orig_base.png,stove_orig,turn on the stove,0,16,allsum,base,img512,6,1.2060162569912916e-07,0.1265705955429853,3,6,0.22750948855558928,0,▁stove,turn
group_stove,group_stove/t000_L16_noun_stove_orig_base.png,stove_orig,turn on the stove,0,16,noun,base,img512,6,2.1613686125346195e-10,0.022986161564660157,2,1,0.02598676223531193,1,▁stove,turn
group_stove,group_stove/t000_L16_verb_stove_orig_base.png,stove_orig,turn on the stove,0,16,verb,base,img512,6,4.589647794698052e-09,0.04670961852855868,14,2,0.05937739367012178,1,▁stove,turn
group_stove,group_stove/t000_L16_func_stove_orig_base.png,stove_orig,turn on the stove,0,16,func,base,img512,6,1.074010097532571e-07,0.11334435971167334,3,6,0.17696081935347566,0,▁stove,turn
group_stove,group_stove/t000_L17_allmax_stove_orig_base.png,stove_orig,turn on the stove,0,17,allmax,base,img512,6,2.901227996695536e-05,0.07979287022620897,3,6,0.11755382138398024,0,▁stove,turn
group_stove,group_stove/t000_L17_allsum_stove_orig_base.png,stove_orig,turn on the stove,0,17,allsum,base,img512,6,2.9012280038957087e-05,0.21963824052053277,3,6,0.2468214614371989,0,▁stove,turn
group_stove,group_stove/t000_L17_noun_stove_orig_base.png,stove_orig,turn on the stove,0,17,noun,base,img512,6,1.3915111364862314e-18,0.009200250766464954,14,14,0.009200250766478337,1,▁stove,turn
group_stove,group_stove/t000_L17_verb_stove_orig_base.png,stove_orig,turn on the stove,0,17,verb,base,img512,6,3.955530261196375e-23,0.07979287022620897,3,6,0.11374664234359809,0,▁stove,turn
group_stove,group_stove/t000_L17_func_stove_orig_base.png,stove_orig,turn on the stove,0,17,func,base,img512,6,2.9012280038068522e-05,0.13064511952785884,14,14,0.13730462990619263,1,▁stove,turn
group_stove,group_stove/t000_Lrollout_allmax_stove_orig_base.png,stove_orig,turn on the stove,0,rollout,allmax,base,img512,6,7.230618198196828e-05,0.029928242642309682,7,9,0.06485798611870969,0,▁stove,turn
group_stove,group_stove/t000_Lrollout_allsum_stove_orig_base.png,stove_orig,turn on the stove,0,rollout,allsum,base,img512,6,0.00043244842969328496,0.17939692354150769,7,9,0.38847469233538545,0,▁stove,turn
group_stove,group_stove/t000_Lrollout_noun_stove_orig_base.png,stove_orig,turn on the stove,0,rollout,noun,base,img512,6,7.202813176649443e-05,0.02992485997330897,7,9,0.0646997878850851,0,▁stove,turn
group_stove,group_stove/t000_Lrollout_verb_stove_orig_base.png,stove_orig,turn on the stove,0,rollout,verb,base,img512,6,7.202484854216665e-05,0.0298796168894324,7,9,0.06484898948577829,0,▁stove,turn
group_stove,group_stove/t000_Lrollout_func_stove_orig_base.png,stove_orig,turn on the stove,0,rollout,func,base,img512,6,0.00028839544938462385,0.11959244667876633,7,9,0.25892591496452205,0,▁stove,turn
group_stove,group_stove/t000_L00_allmax_stove_L1_switch_base.png,stove_L1_switch,switch on the stove,0,00,allmax,base,img512,6,8.680967687996731e-05,0.7609777328636687,13,2,0.7814124936573938,0,▁stove,switch
group_stove,group_stove/t000_L00_allsum_stove_L1_switch_base.png,stove_L1_switch,switch on the stove,0,00,allsum,base,img512,6,0.0001708643960893538,1.9126835877802373,13,1,1.943857172267899,1,▁stove,switch
group_stove,group_stove/t000_L00_noun_stove_L1_switch_base.png,stove_L1_switch,switch on the stove,0,00,noun,base,img512,6,1.0811866845613792e-06,0.5060771430835058,13,1,0.5085597063070771,1,▁stove,switch
group_stove,group_stove/t000_L00_verb_stove_L1_switch_base.png,stove_L1_switch,switch on the stove,0,00,verb,base,img512,6,8.158958847074535e-07,0.7609777328636687,13,2,0.76434132450184,0,▁stove,switch
group_stove,group_stove/t000_L00_func_stove_L1_switch_base.png,stove_L1_switch,switch on the stove,0,00,func,base,img512,6,0.00010777556185640819,0.6456287118330628,13,2,0.6709797371526147,0,▁stove,switch
group_stove,group_stove/t000_L01_allmax_stove_L1_switch_base.png,stove_L1_switch,switch on the stove,0,01,allmax,base,img512,6,3.9795650869928437e-05,0.05744623242878051,2,6,0.14357860429313155,0,▁stove,switch
group_stove,group_stove/t000_L01_allsum_stove_L1_switch_base.png,stove_L1_switch,switch on the stove,0,01,allsum,base,img512,6,0.00011986899081953578,0.12804764199226643,2,6,0.35685395608077913,0,▁stove,switch
group_stove,group_stove/t000_L01_noun_stove_L1_switch_base.png,stove_L1_switch,switch on the stove,0,01,noun,base,img512,6,3.351689104930128e-06,0.03212337575221734,1,1,0.07140128559324162,1,▁stove,switch
group_stove,group_stove/t000_L01_verb_stove_L1_switch_base.png,stove_L1_switch,switch on the stove,0,01,verb,base,img512,6,6.0072197058754065e-06,0.03107639350039913,1,1,0.05728749183416548,1,▁stove,switch
group_stove,group_stove/t000_L01_func_stove_L1_switch_base.png,stove_L1_switch,switch on the stove,0,01,func,base,img512,6,0.00010159526425160473,0.10891231146064473,2,6,0.30642203250093974,0,▁stove,switch
group_stove,group_stove/t000_L02_allmax_stove_L1_switch_base.png,stove_L1_switch,switch on the stove,0,02,allmax,base,img512,6,4.558092237024609e-05,0.05469717491678228,13,1,0.08792868762667261,1,▁stove,switch
group_stove,group_stove/t000_L02_allsum_stove_L1_switch_base.png,stove_L1_switch,switch on the stove,0,02,allsum,base,img512,6,0.0001174111919362809,0.14069885196994206,13,2,0.24434494419630354,0,▁stove,switch
group_stove,group_stove/t000_L02_noun_stove_L1_switch_base.png,stove_L1_switch,switch on the stove,0,02,noun,base,img512,6,1.1102653561205568e-05,0.0177420403908065,7,9,0.0418995351845693,0,▁stove,switch
group_stove,group_stove/t000_L02_verb_stove_L1_switch_base.png,stove_L1_switch,switch on the stove,0,02,verb,base,img512,6,7.525534748457545e-06,0.015483356638850324,7,9,0.041758923246134665,0,▁stove,switch
group_stove,group_stove/t000_L02_func_stove_L1_switch_base.png,stove_L1_switch,switch on the stove,0,02,func,base,img512,6,9.528797411229885e-05,0.11083622155647804,13,2,0.18129171918608716,0,▁stove,switch
group_stove,group_stove/t000_L03_allmax_stove_L1_switch_base.png,stove_L1_switch,switch on the stove,0,03,allmax,base,img512,6,9.334047042281914e-06,0.13665257029582575,7,9,0.29460672852391295,0,▁stove,switch
group_stove,group_stove/t000_L03_allsum_stove_L1_switch_base.png,stove_L1_switch,switch on the stove,0,03,allsum,base,img512,6,3.2553090575957004e-05,0.22742526907016702,7,9,0.6018750917081113,0,▁stove,switch
group_stove,group_stove/t000_L03_noun_stove_L1_switch_base.png,stove_L1_switch,switch on the stove,0,03,noun,base,img512,6,5.929575554879e-07,0.13665257029582575,7,9,0.2778752724606833,0,▁stove,switch
group_stove,group_stove/t000_L03_verb_stove_L1_switch_base.png,stove_L1_switch,switch on the stove,0,03,verb,base,img512,6,6.2409974056334365e-06,0.03381517039754917,7,9,0.11921961487614084,0,▁stove,switch
group_stove,group_stove/t000_L03_func_stove_L1_switch_base.png,stove_L1_switch,switch on the stove,0,03,func,base,img512,6,2.561853915082043e-05,0.0713592749733842,7,9,0.20478020437128708,0,▁stove,switch
group_stove,group_stove/t000_L04_allmax_stove_L1_switch_base.png,stove_L1_switch,switch on the stove,0,04,allmax,base,img512,6,3.5129747062427804e-05,0.1873266556694093,7,8,0.3871220660999068,0,▁stove,switch
group_stove,group_stove/t000_L04_allsum_stove_L1_switch_base.png,stove_L1_switch,switch on the stove,0,04,allsum,base,img512,6,0.00010547180690866889,0.3810682435667515,7,8,0.8993428268259226,0,▁stove,switch
group_stove,group_stove/t000_L04_noun_stove_L1_switch_base.png,stove_L1_switch,switch on the stove,0,04,noun,base,img512,6,1.0424751284509872e-06,0.1873266556694093,7,8,0.34086152161687033,0,▁stove,switch
group_stove,group_stove/t000_L04_verb_stove_L1_switch_base.png,stove_L1_switch,switch on the stove,0,04,verb,base,img512,6,1.861085670429743e-05,0.07767087072907619,7,8,0.21158759322027093,0,▁stove,switch
group_stove,group_stove/t000_L04_func_stove_L1_switch_base.png,stove_L1_switch,switch on the stove,0,04,func,base,img512,6,7.54741264651519e-05,0.11607071716826609,7,8,0.34689371198878133,0,▁stove,switch
group_stove,group_stove/t000_L05_allmax_stove_L1_switch_base.png,stove_L1_switch,switch on the stove,0,05,allmax,base,img512,6,7.075279969623711e-06,0.13778640661753402,7,8,0.3466964695936014,0,▁stove,switch
group_stove,group_stove/t000_L05_allsum_stove_L1_switch_base.png,stove_L1_switch,switch on the stove,0,05,allsum,base,img512,6,2.7052926163343708e-05,0.3104253886183487,7,8,0.9067843579573389,0,▁stove,switch
group_stove,group_stove/t000_L05_noun_stove_L1_switch_base.png,stove_L1_switch,switch on the stove,0,05,noun,base,img512,6,9.878785158798584e-07,0.13778640661753402,7,4,0.2997619603306596,0,▁stove,switch
group_stove,group_stove/t000_L05_verb_stove_L1_switch_base.png,stove_L1_switch,switch on the stove,0,05,verb,base,img512,6,4.059505467344166e-06,0.11798399872731494,7,9,0.3431866281352209,0,▁stove,switch
group_stove,group_stove/t000_L05_func_stove_L1_switch_base.png,stove_L1_switch,switch on the stove,0,05,func,base,img512,6,2.032236393760554e-05,0.13924199709580556,7,8,0.4343779570002564,0,▁stove,switch
group_stove,group_stove/t000_L06_allmax_stove_L1_switch_base.png,stove_L1_switch,switch on the stove,0,06,allmax,base,img512,6,3.174397952230858e-07,0.2204279091927013,7,8,0.47802301085159615,0,▁stove,switch
group_stove,group_stove/t000_L06_allsum_stove_L1_switch_base.png,stove_L1_switch,switch on the stove,0,06,allsum,base,img512,6,1.1167375920567464e-06,0.7474915181936709,7,8,1.5219592290978938,0,▁stove,switch
group_stove,group_stove/t000_L06_noun_stove_L1_switch_base.png,stove_L1_switch,switch on the stove,0,06,noun,base,img512,6,3.008582352356258e-08,0.2204279091927013,7,8,0.43073448859171,0,▁stove,switch
group_stove,group_stove/t000_L06_verb_stove_L1_switch_base.png,stove_L1_switch,switch on the stove,0,06,verb,base,img512,6,2.698505368843876e-07,0.19246103856253696,7,9,0.4212113920835176,0,▁stove,switch
group_stove,group_stove/t000_L06_func_stove_L1_switch_base.png,stove_L1_switch,switch on the stove,0,06,func,base,img512,6,7.915291137351619e-07,0.3346025704384326,7,8,0.6705582644620542,0,▁stove,switch
group_stove,group_stove/t000_L07_allmax_stove_L1_switch_base.png,stove_L1_switch,switch on the stove,0,07,allmax,base,img512,6,1.4334944307740081e-05,0.10750460720770753,7,8,0.33461396155645423,0,▁stove,switch
group_stove,group_stove/t000_L07_allsum_stove_L1_switch_base.png,stove_L1_switch,switch on the stove,0,07,allsum,base,img512,6,3.063175123117374e-05,0.19546227303402738,7,8,0.6508573721357439,0,▁stove,switch
group_stove,group_stove/t000_L07_noun_stove_L1_switch_base.png,stove_L1_switch,switch on the stove,0,07,noun,base,img512,6,8.263508544763744e-07,0.10750460720770753,7,8,0.331672890032983,0,▁stove,switch
group_stove,group_stove/t000_L07_verb_stove_L1_switch_base.png,stove_L1_switch,switch on the stove,0,07,verb,base,img512,6,3.5512114374105195e-06,0.023240864383330465,7,8,0.07865014453874697,0,▁stove,switch
group_stove,group_stove/t000_L07_func_stove_L1_switch_base.png,stove_L1_switch,switch on the stove,0,07,func,base,img512,6,2.1766062477387265e-05,0.06985410363142447,7,8,0.24053433756401385,0,▁stove,switch
group_stove,group_stove/t000_L08_allmax_stove_L1_switch_base.png,stove_L1_switch,switch on the stove,0,08,allmax,base,img512,6,6.43004603283528e-05,0.11810897139285133,7,9,0.4137494633771543,0,▁stove,switch
group_stove,group_stove/t000_L08_allsum_stove_L1_switch_base.png,stove_L1_switch,switch on the stove,0,08,allsum,base,img512,6,0.00014531342870536233,0.36375285418049974,7,8,0.9640373472379231,0,▁stove,switch
group_stove,group_stove/t000_L08_noun_stove_L1_switch_base.png,stove_L1_switch,switch on the stove,0,08,noun,base,img512,6,1.0200206781268188e-07,0.11810897139285133,7,8,0.26076554688110387,0,▁stove,switch
group_stove,group_stove/t000_L08_verb_stove_L1_switch_base.png,stove_L1_switch,switch on the stove,0,08,verb,base,img512,6,1.4601470690837605e-06,0.11449323208198686,7,9,0.38215660946792507,0,▁stove,switch
group_stove,group_stove/t000_L08_func_stove_L1_switch_base.png,stove_L1_switch,switch on the stove,0,08,func,base,img512,6,0.00014064606257294728,0.21538013668624498,6,4,0.35809599652548796,0,▁stove,switch
group_stove,group_stove/t000_L09_allmax_stove_L1_switch_base.png,stove_L1_switch,switch on the stove,0,09,allmax,base,img512,6,1.9940000296113057e-06,0.2323407401019251,6,4,0.27823143088668617,0,▁stove,switch
group_stove,group_stove/t000_L09_allsum_stove_L1_switch_base.png,stove_L1_switch,switch on the stove,0,09,allsum,base,img512,6,3.431862870386221e-06,0.5670105110783451,6,4,0.7158955827652209,0,▁stove,switch
group_stove,group_stove/t000_L09_noun_stove_L1_switch_base.png,stove_L1_switch,switch on the stove,0,09,noun,base,img512,6,1.808534500086832e-08,0.11801856107214254,6,4,0.14239701866617158,0,▁stove,switch
group_stove,group_stove/t000_L09_verb_stove_L1_switch_base.png,stove_L1_switch,switch on the stove,0,09,verb,base,img512,6,5.713488743906146e-07,0.037539415361546966,6,4,0.04916351245665268,0,▁stove,switch
group_stove,group_stove/t000_L09_func_stove_L1_switch_base.png,stove_L1_switch,switch on the stove,0,09,func,base,img512,6,2.4966410733798966e-06,0.4114525346446556,6,4,0.5243350516423967,0,▁stove,switch
group_stove,group_stove/t000_L10_allmax_stove_L1_switch_base.png,stove_L1_switch,switch on the stove,0,10,allmax,base,img512,6,2.1954292110545828e-07,0.3328614057183059,6,4,0.6447270433114267,0,▁stove,switch
group_stove,group_stove/t000_L10_allsum_stove_L1_switch_base.png,stove_L1_switch,switch on the stove,0,10,allsum,base,img512,6,3.879905390290854e-07,0.7553823440645883,6,4,1.4566975350142184,0,▁stove,switch
group_stove,group_stove/t000_L10_noun_stove_L1_switch_base.png,stove_L1_switch,switch on the stove,0,10,noun,base,img512,6,1.471020749851405e-09,0.12723094235884405,7,4,0.30861525321112554,0,▁stove,switch
group_stove,group_stove/t000_L10_verb_stove_L1_switch_base.png,stove_L1_switch,switch on the stove,0,10,verb,base,img512,6,2.1954292110545828e-07,0.025828602846400532,7,8,0.09447180471111659,0,▁stove,switch
group_stove,group_stove/t000_L10_func_stove_L1_switch_base.png,stove_L1_switch,switch on the stove,0,10,func,base,img512,6,8.1093690884109e-08,0.6937742461480119,6,4,1.1198488603927148,0,▁stove,switch
group_stove,group_stove/t000_L11_allmax_stove_L1_switch_base.png,stove_L1_switch,switch on the stove,0,11,allmax,base,img512,6,9.896497771583878e-08,0.0875145318225426,4,6,0.33972921644593407,0,▁stove,switch
group_stove,group_stove/t000_L11_allsum_stove_L1_switch_base.png,stove_L1_switch,switch on the stove,0,11,allsum,base,img512,6,2.5454428448731344e-07,0.26294393083864503,4,5,0.8232370263545863,0,▁stove,switch
group_stove,group_stove/t000_L11_noun_stove_L1_switch_base.png,stove_L1_switch,switch on the stove,0,11,noun,base,img512,6,4.070289363577688e-09,0.08587570084188326,4,6,0.33193802717501497,0,▁stove,switch
group_stove,group_stove/t000_L11_verb_stove_L1_switch_base.png,stove_L1_switch,switch on the stove,0,11,verb,base,img512,6,5.286822510578484e-09,0.029630918271019584,4,5,0.060559040554643735,0,▁stove,switch
group_stove,group_stove/t000_L11_func_stove_L1_switch_base.png,stove_L1_switch,switch on the stove,0,11,func,base,img512,6,1.9707854710125944e-07,0.1692920207399621,4,5,0.4928426950074666,0,▁stove,switch
group_stove,group_stove/t000_L12_allmax_stove_L1_switch_base.png,stove_L1_switch,switch on the stove,0,12,allmax,base,img512,6,8.007825309113302e-08,0.11682596856348146,6,4,0.29091349003001205,0,▁stove,switch
group_stove,group_stove/t000_L12_allsum_stove_L1_switch_base.png,stove_L1_switch,switch on the stove,0,12,allsum,base,img512,6,1.647966712277214e-07,0.28028166134338417,4,6,0.7346815511048904,0,▁stove,switch
group_stove,group_stove/t000_L12_noun_stove_L1_switch_base.png,stove_L1_switch,switch on the stove,0,12,noun,base,img512,6,7.531678956630026e-10,0.05861570947127985,4,6,0.16660559857717466,0,▁stove,switch
group_stove,group_stove/t000_L12_verb_stove_L1_switch_base.png,stove_L1_switch,switch on the stove,0,12,verb,base,img512,6,8.007825309113302e-08,0.017674094275471057,7,8,0.05345502667880142,0,▁stove,switch
group_stove,group_stove/t000_L12_func_stove_L1_switch_base.png,stove_L1_switch,switch on the stove,0,12,func,base,img512,6,2.4449244796594307e-08,0.20580223578781198,4,6,0.5272586604129788,0,▁stove,switch
group_stove,group_stove/t000_L13_allmax_stove_L1_switch_base.png,stove_L1_switch,switch on the stove,0,13,allmax,base,img512,6,3.5606799086372818e-06,0.4164233914709325,1,1,0.546538545941779,1,▁stove,switch
group_stove,group_stove/t000_L13_allsum_stove_L1_switch_base.png,stove_L1_switch,switch on the stove,0,13,allsum,base,img512,6,6.839474284352101e-06,0.8118993465423854,1,1,1.0995620011108187,1,▁stove,switch
group_stove,group_stove/t000_L13_noun_stove_L1_switch_base.png,stove_L1_switch,switch on the stove,0,13,noun,base,img512,6,3.0902250527608814e-07,0.12742780290158415,1,1,0.15620521753334782,1,▁stove,switch
group_stove,group_stove/t000_L13_verb_stove_L1_switch_base.png,stove_L1_switch,switch on the stove,0,13,verb,base,img512,6,2.1298287784245536e-06,0.09197014238846712,13,1,0.11362228488030754,1,▁stove,switch
group_stove,group_stove/t000_L13_func_stove_L1_switch_base.png,stove_L1_switch,switch on the stove,0,13,func,base,img512,6,2.375558644902636e-06,0.6640135747112972,1,1,0.8976055281159152,1,▁stove,switch
group_stove,group_stove/t000_L14_allmax_stove_L1_switch_base.png,stove_L1_switch,switch on the stove,0,14,allmax,base,img512,6,1.0433981652967527e-07,0.1315714069181057,13,1,0.15340751306974118,1,▁stove,switch
group_stove,group_stove/t000_L14_allsum_stove_L1_switch_base.png,stove_L1_switch,switch on the stove,0,14,allsum,base,img512,6,1.7920066138777264e-07,0.46536940137733634,13,1,0.5470247198294812,1,▁stove,switch
group_stove,group_stove/t000_L14_noun_stove_L1_switch_base.png,stove_L1_switch,switch on the stove,0,14,noun,base,img512,6,1.6404453006216772e-10,0.06380025035460332,13,1,0.07873073270841505,1,▁stove,switch
group_stove,group_stove/t000_L14_verb_stove_L1_switch_base.png,stove_L1_switch,switch on the stove,0,14,verb,base,img512,6,1.7702429612786118e-09,0.1315714069181057,13,1,0.15172008434393702,1,▁stove,switch
group_stove,group_stove/t000_L14_func_stove_L1_switch_base.png,stove_L1_switch,switch on the stove,0,14,func,base,img512,6,1.3218459561931036e-07,0.2699977441046273,13,1,0.3165739027771291,1,▁stove,switch
group_stove,group_stove/t000_L15_allmax_stove_L1_switch_base.png,stove_L1_switch,switch on the stove,0,15,allmax,base,img512,6,2.593238125503711e-09,0.06594560769738206,7,9,0.12864400288060843,0,▁stove,switch
group_stove,group_stove/t000_L15_allsum_stove_L1_switch_base.png,stove_L1_switch,switch on the stove,0,15,allsum,base,img512,6,5.940163254815856e-09,0.20284898571343635,13,2,0.2648122660050841,0,▁stove,switch
group_stove,group_stove/t000_L15_noun_stove_L1_switch_base.png,stove_L1_switch,switch on the stove,0,15,noun,base,img512,6,4.1147788888523484e-11,0.02787904913886299,13,2,0.04069906344918531,0,▁stove,switch
group_stove,group_stove/t000_L15_verb_stove_L1_switch_base.png,stove_L1_switch,switch on the stove,0,15,verb,base,img512,6,4.184798402900842e-11,0.03433225580550123,13,2,0.06293721714844339,0,▁stove,switch
group_stove,group_stove/t000_L15_func_stove_L1_switch_base.png,stove_L1_switch,switch on the stove,0,15,func,base,img512,6,5.420508819620914e-09,0.14063768076907213,7,9,0.1938047082035614,0,▁stove,switch
group_stove,group_stove/t000_L16_allmax_stove_L1_switch_base.png,stove_L1_switch,switch on the stove,0,16,allmax,base,img512,6,3.2611540713243134e-08,0.07766503136372871,3,6,0.11078824754618213,0,▁stove,switch
group_stove,group_stove/t000_L16_allsum_stove_L1_switch_base.png,stove_L1_switch,switch on the stove,0,16,allsum,base,img512,6,9.346875838228799e-08,0.11710025157247779,3,6,0.3009295410826671,0,▁stove,switch
group_stove,group_stove/t000_L16_noun_stove_L1_switch_base.png,stove_L1_switch,switch on the stove,0,16,noun,base,img512,6,1.7204963740674764e-11,0.03363629281650046,3,6,0.05007656955330514,0,▁stove,switch
group_stove,group_stove/t000_L16_verb_stove_L1_switch_base.png,stove_L1_switch,switch on the stove,0,16,verb,base,img512,6,2.575411549892204e-09,0.0288231247794744,2,1,0.06930820329568953,1,▁stove,switch
group_stove,group_stove/t000_L16_func_stove_L1_switch_base.png,stove_L1_switch,switch on the stove,0,16,func,base,img512,6,8.28861045944662e-08,0.11194362694458208,3,6,0.2162981266991237,0,▁stove,switch
group_stove,group_stove/t000_L17_allmax_stove_L1_switch_base.png,stove_L1_switch,switch on the stove,0,17,allmax,base,img512,6,5.1554891025145995e-05,0.10416124578584103,4,5,0.19269872919424685,0,▁stove,switch
group_stove,group_stove/t000_L17_allsum_stove_L1_switch_base.png,stove_L1_switch,switch on the stove,0,17,allsum,base,img512,6,5.155489103268192e-05,0.22934296881844793,4,5,0.3298758027455435,0,▁stove,switch
group_stove,group_stove/t000_L17_noun_stove_L1_switch_base.png,stove_L1_switch,switch on the stove,0,17,noun,base,img512,6,4.273692069153652e-20,0.022220176745211578,14,14,0.022220176745212747,1,▁stove,switch
group_stove,group_stove/t000_L17_verb_stove_L1_switch_base.png,stove_L1_switch,switch on the stove,0,17,verb,base,img512,6,3.8043288372352813e-17,0.10416124578584103,14,14,0.10416124578636858,1,▁stove,switch
group_stove,group_stove/t000_L17_func_stove_L1_switch_base.png,stove_L1_switch,switch on the stove,0,17,func,base,img512,6,5.1554891025156586e-05,0.1702683716809245,4,5,0.28354075595329176,0,▁stove,switch
group_stove,group_stove/t000_Lrollout_allmax_stove_L1_switch_base.png,stove_L1_switch,switch on the stove,0,rollout,allmax,base,img512,6,7.176317586721938e-05,0.03137544751200154,7,9,0.0664614313883084,0,▁stove,switch
group_stove,group_stove/t000_Lrollout_allsum_stove_L1_switch_base.png,stove_L1_switch,switch on the stove,0,rollout,allsum,base,img512,6,0.00042931254110167995,0.18780189793898988,7,9,0.3972984753612386,0,▁stove,switch
group_stove,group_stove/t000_Lrollout_noun_stove_L1_switch_base.png,stove_L1_switch,switch on the stove,0,rollout,noun,base,img512,6,7.149211545080603e-05,0.03130889372635838,7,9,0.06624729560922056,0,▁stove,switch
group_stove,group_stove/t000_Lrollout_verb_stove_L1_switch_base.png,stove_L1_switch,switch on the stove,0,rollout,verb,base,img512,6,7.155769913165255e-05,0.03137544751200154,7,9,0.06591576133450869,0,▁stove,switch
group_stove,group_stove/t000_Lrollout_func_stove_L1_switch_base.png,stove_L1_switch,switch on the stove,0,rollout,func,base,img512,6,0.00028626272651922143,0.12511755670062996,7,9,0.2651354184175093,0,▁stove,switch
group_stove,group_stove/t000_L00_allmax_stove_L1_power_base.png,stove_L1_power,power on the stove,0,00,allmax,base,img512,6,8.679677380587583e-05,0.7194460403258134,13,2,0.7398781234441342,0,▁stove,power
group_stove,group_stove/t000_L00_allsum_stove_L1_power_base.png,stove_L1_power,power on the stove,0,00,allsum,base,img512,6,0.00016916849665491154,1.871351591175545,13,1,1.902030115323782,1,▁stove,power
group_stove,group_stove/t000_L00_noun_stove_L1_power_base.png,stove_L1_power,power on the stove,0,00,noun,base,img512,6,1.0809123952563415e-06,0.506151789296077,13,1,0.5086349703048113,1,▁stove,power
group_stove,group_stove/t000_L00_verb_stove_L1_power_base.png,stove_L1_power,power on the stove,0,00,verb,base,img512,6,6.598287146376314e-07,0.7194460403258134,13,1,0.722311377283657,1,▁stove,power
group_stove,group_stove/t000_L00_func_stove_L1_power_base.png,stove_L1_power,power on the stove,0,00,func,base,img512,6,0.00010777029150935895,0.6457537615536544,13,2,0.6711017653931918,0,▁stove,power
group_stove,group_stove/t000_L01_allmax_stove_L1_power_base.png,stove_L1_power,power on the stove,0,01,allmax,base,img512,6,3.990413129071092e-05,0.05799221026069878,2,6,0.1447625802071534,0,▁stove,power
group_stove,group_stove/t000_L01_allsum_stove_L1_power_base.png,stove_L1_power,power on the stove,0,01,allsum,base,img512,6,0.0001317520934046451,0.1273760323705158,2,6,0.358671006778522,0,▁stove,power
group_stove,group_stove/t000_L01_noun_stove_L1_power_base.png,stove_L1_power,power on the stove,0,01,noun,base,img512,6,3.3776536766968184e-06,0.03267146927852361,1,1,0.07204162317245161,1,▁stove,power
group_stove,group_stove/t000_L01_verb_stove_L1_power_base.png,stove_L1_power,power on the stove,0,01,verb,base,img512,6,1.827887254754801e-05,0.01931724263093763,1,1,0.04151500561716862,1,▁stove,power
group_stove,group_stove/t000_L01_func_stove_L1_power_base.png,stove_L1_power,power on the stove,0,01,func,base,img512,6,0.0001048810718409046,0.10932195170529604,2,6,0.3082105200973769,0,▁stove,power
group_stove,group_stove/t000_L02_allmax_stove_L1_power_base.png,stove_L1_power,power on the stove,0,02,allmax,base,img512,6,4.519486095294491e-05,0.05207271425160957,13,2,0.0851067238560282,0,▁stove,power
group_stove,group_stove/t000_L02_allsum_stove_L1_power_base.png,stove_L1_power,power on the stove,0,02,allsum,base,img512,6,0.00011970904649703611,0.13062865579166827,13,2,0.22555514451881573,0,▁stove,power
group_stove,group_stove/t000_L02_noun_stove_L1_power_base.png,stove_L1_power,power on the stove,0,02,noun,base,img512,6,1.0267196871812203e-05,0.01617989554211374,7,9,0.03902581102334454,0,▁stove,power
group_stove,group_stove/t000_L02_verb_stove_L1_power_base.png,stove_L1_power,power on the stove,0,02,verb,base,img512,6,7.216285796590756e-06,0.011594717879920016,7,9,0.030367968125866465,0,▁stove,power
group_stove,group_stove/t000_L02_func_stove_L1_power_base.png,stove_L1_power,power on the stove,0,02,func,base,img512,6,9.785981640615552e-05,0.10794178455339462,13,2,0.17781318621974015,0,▁stove,power
group_stove,group_stove/t000_L03_allmax_stove_L1_power_base.png,stove_L1_power,power on the stove,0,03,allmax,base,img512,6,9.067182787829889e-06,0.12296868770453347,7,9,0.2701981498781255,0,▁stove,power
group_stove,group_stove/t000_L03_allsum_stove_L1_power_base.png,stove_L1_power,power on the stove,0,03,allsum,base,img512,6,2.6459218350287516e-05,0.20773542640548276,7,9,0.5442578838075992,0,▁stove,power
group_stove,group_stove/t000_L03_noun_stove_L1_power_base.png,stove_L1_power,power on the stove,0,03,noun,base,img512,6,5.00581653213877e-07,0.12296868770453347,7,9,0.2663631715855724,0,▁stove,power
group_stove,group_stove/t000_L03_verb_stove_L1_power_base.png,stove_L1_power,power on the stove,0,03,verb,base,img512,6,4.3318260194084395e-06,0.020995088855218613,7,9,0.06986751567674367,0,▁stove,power
group_stove,group_stove/t000_L03_func_stove_L1_power_base.png,stove_L1_power,power on the stove,0,03,func,base,img512,6,2.145495773702638e-05,0.0727408543911903,7,9,0.20802719654528315,0,▁stove,power
group_stove,group_stove/t000_L04_allmax_stove_L1_power_base.png,stove_L1_power,power on the stove,0,04,allmax,base,img512,6,3.330825528974307e-05,0.17347068532017454,7,8,0.3655734446249436,0,▁stove,power
group_stove,group_stove/t000_L04_allsum_stove_L1_power_base.png,stove_L1_power,power on the stove,0,04,allsum,base,img512,6,9.813866881908677e-05,0.3697518414707526,7,8,0.8920314361144832,0,▁stove,power
group_stove,group_stove/t000_L04_noun_stove_L1_power_base.png,stove_L1_power,power on the stove,0,04,noun,base,img512,6,9.65297022657762e-07,0.17347068532017454,7,8,0.3294871503623018,0,▁stove,power
group_stove,group_stove/t000_L04_verb_stove_L1_power_base.png,stove_L1_power,power on the stove,0,04,verb,base,img512,6,1.895828402755025e-05,0.059489130149327336,7,9,0.16027108620397668,0,▁stove,power
group_stove,group_stove/t000_L04_func_stove_L1_power_base.png,stove_L1_power,power on the stove,0,04,func,base,img512,6,7.13934783693242e-05,0.13679202600125068,7,8,0.40385925179058524,0,▁stove,power
group_stove,group_stove/t000_L05_allmax_stove_L1_power_base.png,stove_L1_power,power on the stove,0,05,allmax,base,img512,6,8.227425705709454e-06,0.13585546607072144,7,4,0.32522951897416885,0,▁stove,power
group_stove,group_stove/t000_L05_allsum_stove_L1_power_base.png,stove_L1_power,power on the stove,0,05,allsum,base,img512,6,2.8651120009813323e-05,0.30286047590121207,7,9,0.883184071520456,0,▁stove,power
group_stove,group_stove/t000_L05_noun_stove_L1_power_base.png,stove_L1_power,power on the stove,0,05,noun,base,img512,6,1.024157669919164e-06,0.13585546607072144,7,4,0.28427539271771224,0,▁stove,power
group_stove,group_stove/t000_L05_verb_stove_L1_power_base.png,stove_L1_power,power on the stove,0,05,verb,base,img512,6,5.8273839284838545e-06,0.10502331212329925,7,9,0.30678797222827103,0,▁stove,power
group_stove,group_stove/t000_L05_func_stove_L1_power_base.png,stove_L1_power,power on the stove,0,05,func,base,img512,6,1.9122089994052094e-05,0.13882074742497952,7,9,0.4301790823536028,0,▁stove,power
group_stove,group_stove/t000_L06_allmax_stove_L1_power_base.png,stove_L1_power,power on the stove,0,06,allmax,base,img512,6,4.862250467769063e-07,0.21707641197652802,7,8,0.4528279301889951,0,▁stove,power
group_stove,group_stove/t000_L06_allsum_stove_L1_power_base.png,stove_L1_power,power on the stove,0,06,allsum,base,img512,6,1.2234228683949566e-06,0.7900024157642009,7,8,1.5401127502366638,0,▁stove,power
group_stove,group_stove/t000_L06_noun_stove_L1_power_base.png,stove_L1_power,power on the stove,0,06,noun,base,img512,6,3.4176139185792093e-08,0.21044512701878554,7,8,0.40780084702097397,0,▁stove,power
group_stove,group_stove/t000_L06_verb_stove_L1_power_base.png,stove_L1_power,power on the stove,0,06,verb,base,img512,6,4.862250467769063e-07,0.21707641197652802,7,9,0.44217419136383057,0,▁stove,power
group_stove,group_stove/t000_L06_func_stove_L1_power_base.png,stove_L1_power,power on the stove,0,06,func,base,img512,6,6.823844579102424e-07,0.36248087676888746,7,8,0.6909073387584292,0,▁stove,power
group_stove,group_stove/t000_L07_allmax_stove_L1_power_base.png,stove_L1_power,power on the stove,0,07,allmax,base,img512,6,1.3465871500389359e-05,0.10495318667739467,7,8,0.3200882461454823,0,▁stove,power
group_stove,group_stove/t000_L07_allsum_stove_L1_power_base.png,stove_L1_power,power on the stove,0,07,allsum,base,img512,6,3.5422883667723495e-05,0.21044430301245276,7,8,0.6835850728736782,0,▁stove,power
group_stove,group_stove/t000_L07_noun_stove_L1_power_base.png,stove_L1_power,power on the stove,0,07,noun,base,img512,6,5.573720849738323e-07,0.10495318667739467,7,8,0.3200882461454823,0,▁stove,power
group_stove,group_stove/t000_L07_verb_stove_L1_power_base.png,stove_L1_power,power on the stove,0,07,verb,base,img512,6,3.129245673730866e-06,0.04716074488534138,7,8,0.12914109451959246,0,▁stove,power
group_stove,group_stove/t000_L07_func_stove_L1_power_base.png,stove_L1_power,power on the stove,0,07,func,base,img512,6,1.9800424954319794e-05,0.07501291722338435,7,9,0.23501994338813936,0,▁stove,power
group_stove,group_stove/t000_L08_allmax_stove_L1_power_base.png,stove_L1_power,power on the stove,0,08,allmax,base,img512,6,6.079099554649788e-05,0.12987629538933249,6,4,0.37784355681454584,0,▁stove,power
group_stove,group_stove/t000_L08_allsum_stove_L1_power_base.png,stove_L1_power,power on the stove,0,08,allsum,base,img512,6,0.00012646871372493185,0.39697002144666793,7,8,0.9425073593263541,0,▁stove,power
group_stove,group_stove/t000_L08_noun_stove_L1_power_base.png,stove_L1_power,power on the stove,0,08,noun,base,img512,6,9.466969289213172e-08,0.12099919205712815,7,8,0.26823725353273825,0,▁stove,power
group_stove,group_stove/t000_L08_verb_stove_L1_power_base.png,stove_L1_power,power on the stove,0,08,verb,base,img512,6,7.234349227723952e-07,0.11492169428886655,7,8,0.274904514250567,0,▁stove,power
group_stove,group_stove/t000_L08_func_stove_L1_power_base.png,stove_L1_power,power on the stove,0,08,func,base,img512,6,0.00012418176407614104,0.24884516370985876,6,4,0.42303061016367755,0,▁stove,power
group_stove,group_stove/t000_L09_allmax_stove_L1_power_base.png,stove_L1_power,power on the stove,0,09,allmax,base,img512,6,2.268080421600373e-06,0.0924749232209572,6,4,0.1329548510683573,0,▁stove,power
group_stove,group_stove/t000_L09_allsum_stove_L1_power_base.png,stove_L1_power,power on the stove,0,09,allsum,base,img512,6,4.3512007971720055e-06,0.29748578158368044,6,4,0.4201230283642352,0,▁stove,power
group_stove,group_stove/t000_L09_noun_stove_L1_power_base.png,stove_L1_power,power on the stove,0,09,noun,base,img512,6,3.444808605728849e-08,0.050356516748604016,5,5,0.06394339629882158,0,▁stove,power
group_stove,group_stove/t000_L09_verb_stove_L1_power_base.png,stove_L1_power,power on the stove,0,09,verb,base,img512,6,6.662115288457565e-07,0.0350197288561604,6,4,0.04922026078360672,0,▁stove,power
group_stove,group_stove/t000_L09_func_stove_L1_power_base.png,stove_L1_power,power on the stove,0,09,func,base,img512,6,2.7545196584222286e-06,0.21210953597891602,6,4,0.30812944836285905,0,▁stove,power
group_stove,group_stove/t000_L10_allmax_stove_L1_power_base.png,stove_L1_power,power on the stove,0,10,allmax,base,img512,6,1.265787668379112e-07,0.49536380338989705,6,4,0.7744706677115042,0,▁stove,power
group_stove,group_stove/t000_L10_allsum_stove_L1_power_base.png,stove_L1_power,power on the stove,0,10,allsum,base,img512,6,2.1751827156337872e-07,0.9699301891891341,6,4,1.6842506557931005,0,▁stove,power
group_stove,group_stove/t000_L10_noun_stove_L1_power_base.png,stove_L1_power,power on the stove,0,10,noun,base,img512,6,1.7536522035970606e-09,0.1027688475133558,7,4,0.2876394163796999,0,▁stove,power
group_stove,group_stove/t000_L10_verb_stove_L1_power_base.png,stove_L1_power,power on the stove,0,10,verb,base,img512,6,1.7163542519341473e-08,0.0645542600008896,6,4,0.11577346920148242,0,▁stove,power
group_stove,group_stove/t000_L10_func_stove_L1_power_base.png,stove_L1_power,power on the stove,0,10,func,base,img512,6,1.3164692514089433e-07,0.8644560398334853,6,4,1.3013368258915978,0,▁stove,power
group_stove,group_stove/t000_L11_allmax_stove_L1_power_base.png,stove_L1_power,power on the stove,0,11,allmax,base,img512,6,1.1855222870195387e-07,0.08860376060576265,4,6,0.30393770952665944,0,▁stove,power
group_stove,group_stove/t000_L11_allsum_stove_L1_power_base.png,stove_L1_power,power on the stove,0,11,allsum,base,img512,6,2.6154203128648836e-07,0.2129528468247163,4,5,0.6491860638910865,0,▁stove,power
group_stove,group_stove/t000_L11_noun_stove_L1_power_base.png,stove_L1_power,power on the stove,0,11,noun,base,img512,6,6.6381064585598085e-09,0.08860376060576265,4,6,0.30393770952665944,0,▁stove,power
group_stove,group_stove/t000_L11_verb_stove_L1_power_base.png,stove_L1_power,power on the stove,0,11,verb,base,img512,6,3.2045531724500315e-08,0.023789687839496938,6,4,0.04775421241631747,0,▁stove,power
group_stove,group_stove/t000_L11_func_stove_L1_power_base.png,stove_L1_power,power on the stove,0,11,func,base,img512,6,1.7745428812401254e-07,0.16925524932780436,5,5,0.3677220765887605,0,▁stove,power
group_stove,group_stove/t000_L12_allmax_stove_L1_power_base.png,stove_L1_power,power on the stove,0,12,allmax,base,img512,6,2.6953090579606807e-08,0.15786531506432142,4,6,0.34772740055481816,0,▁stove,power
group_stove,group_stove/t000_L12_allsum_stove_L1_power_base.png,stove_L1_power,power on the stove,0,12,allsum,base,img512,6,5.516036704999345e-08,0.43908237169972,4,6,0.944445288005356,0,▁stove,power
group_stove,group_stove/t000_L12_noun_stove_L1_power_base.png,stove_L1_power,power on the stove,0,12,noun,base,img512,6,2.2922742565574876e-09,0.046160771580810916,4,7,0.14463699008802877,0,▁stove,power
group_stove,group_stove/t000_L12_verb_stove_L1_power_base.png,stove_L1_power,power on the stove,0,12,verb,base,img512,6,2.296507310698082e-08,0.08556105688367534,4,5,0.16341337291323088,0,▁stove,power
group_stove,group_stove/t000_L12_func_stove_L1_power_base.png,stove_L1_power,power on the stove,0,12,func,base,img512,6,2.5915002213829158e-08,0.30736054323523376,4,6,0.6492352729446792,0,▁stove,power
group_stove,group_stove/t000_L13_allmax_stove_L1_power_base.png,stove_L1_power,power on the stove,0,13,allmax,base,img512,6,1.8912810462031361e-06,0.24741172128825173,1,1,0.3649284792825182,1,▁stove,power
group_stove,group_stove/t000_L13_allsum_stove_L1_power_base.png,stove_L1_power,power on the stove,0,13,allsum,base,img512,6,5.113114800978567e-06,0.8435140259951922,1,1,1.1791975389473173,1,▁stove,power
group_stove,group_stove/t000_L13_noun_stove_L1_power_base.png,stove_L1_power,power on the stove,0,13,noun,base,img512,6,4.875977570171747e-07,0.15130059376838578,1,1,0.1969465656847424,1,▁stove,power
group_stove,group_stove/t000_L13_verb_stove_L1_power_base.png,stove_L1_power,power on the stove,0,13,verb,base,img512,6,2.651983884788191e-07,0.0502443998341836,1,1,0.07496051711619864,1,▁stove,power
group_stove,group_stove/t000_L13_func_stove_L1_power_base.png,stove_L1_power,power on the stove,0,13,func,base,img512,6,2.3355220779876674e-06,0.6419690323926228,1,1,0.9072904561463762,1,▁stove,power
group_stove,group_stove/t000_L14_allmax_stove_L1_power_base.png,stove_L1_power,power on the stove,0,14,allmax,base,img512,6,5.348793889821866e-08,0.09967343716203761,13,1,0.1307945061908915,1,▁stove,power
group_stove,group_stove/t000_L14_allsum_stove_L1_power_base.png,stove_L1_power,power on the stove,0,14,allsum,base,img512,6,8.390548038939198e-08,0.3411642867755793,13,2,0.43941578169928175,0,▁stove,power
group_stove,group_stove/t000_L14_noun_stove_L1_power_base.png,stove_L1_power,power on the stove,0,14,noun,base,img512,6,1.7566191916535708e-11,0.06646926690899059,13,2,0.08779257495927781,0,▁stove,power
group_stove,group_stove/t000_L14_verb_stove_L1_power_base.png,stove_L1_power,power on the stove,0,14,verb,base,img512,6,4.429184578825939e-09,0.03832363149848831,13,1,0.04983786243197889,1,▁stove,power
group_stove,group_stove/t000_L14_func_stove_L1_power_base.png,stove_L1_power,power on the stove,0,14,func,base,img512,6,6.217374498076008e-08,0.23637138836810043,13,2,0.30178551207672244,0,▁stove,power
group_stove,group_stove/t000_L15_allmax_stove_L1_power_base.png,stove_L1_power,power on the stove,0,15,allmax,base,img512,6,3.229670495207124e-09,0.047643222639197444,7,9,0.09058070996544686,0,▁stove,power
group_stove,group_stove/t000_L15_allsum_stove_L1_power_base.png,stove_L1_power,power on the stove,0,15,allsum,base,img512,6,5.8989355189080515e-09,0.09503272363002287,7,9,0.17951064010855214,0,▁stove,power
group_stove,group_stove/t000_L15_noun_stove_L1_power_base.png,stove_L1_power,power on the stove,0,15,noun,base,img512,6,4.324697522144591e-11,0.02767540766121347,14,14,0.027681137034569904,1,▁stove,power
group_stove,group_stove/t000_L15_verb_stove_L1_power_base.png,stove_L1_power,power on the stove,0,15,verb,base,img512,6,8.898825491793978e-10,0.015177100517214904,13,1,0.028998653372446618,1,▁stove,power
group_stove,group_stove/t000_L15_func_stove_L1_power_base.png,stove_L1_power,power on the stove,0,15,func,base,img512,6,4.451932910074295e-09,0.07350461417589169,7,9,0.1408723989771842,0,▁stove,power
group_stove,group_stove/t000_L16_allmax_stove_L1_power_base.png,stove_L1_power,power on the stove,0,16,allmax,base,img512,6,1.7835939822719613e-07,0.08383007682630687,14,2,0.11068893994151166,1,▁stove,power
group_stove,group_stove/t000_L16_allsum_stove_L1_power_base.png,stove_L1_power,power on the stove,0,16,allsum,base,img512,6,3.8808721180240826e-07,0.1102315797372719,2,1,0.20511808556089406,1,▁stove,power
group_stove,group_stove/t000_L16_noun_stove_L1_power_base.png,stove_L1_power,power on the stove,0,16,noun,base,img512,6,7.810156768924033e-12,0.015313812607077202,3,6,0.025117225510086504,0,▁stove,power
group_stove,group_stove/t000_L16_verb_stove_L1_power_base.png,stove_L1_power,power on the stove,0,16,verb,base,img512,6,1.4060375681599853e-09,0.026842363529982965,2,1,0.05258417086383832,1,▁stove,power
group_stove,group_stove/t000_L16_func_stove_L1_power_base.png,stove_L1_power,power on the stove,0,16,func,base,img512,6,3.6992076789855166e-07,0.09917496697986258,14,2,0.15388155817715565,1,▁stove,power
group_stove,group_stove/t000_L17_allmax_stove_L1_power_base.png,stove_L1_power,power on the stove,0,17,allmax,base,img512,6,2.8068374417218868e-05,0.1823559255246136,14,14,0.18758431213978627,1,▁stove,power
group_stove,group_stove/t000_L17_allsum_stove_L1_power_base.png,stove_L1_power,power on the stove,0,17,allsum,base,img512,6,2.8068374991582812e-05,0.37905343022115967,14,14,0.38428181684040297,1,▁stove,power
group_stove,group_stove/t000_L17_noun_stove_L1_power_base.png,stove_L1_power,power on the stove,0,17,noun,base,img512,6,1.0788583761351325e-18,0.024496095025207037,14,14,0.02449609502526103,1,▁stove,power
group_stove,group_stove/t000_L17_verb_stove_L1_power_base.png,stove_L1_power,power on the stove,0,17,verb,base,img512,6,3.7068359231452523e-16,0.09541211483059164,3,6,0.11776912770421995,0,▁stove,power
group_stove,group_stove/t000_L17_func_stove_L1_power_base.png,stove_L1_power,power on the stove,0,17,func,base,img512,6,2.8068374702208358e-05,0.259145220365361,14,14,0.2643736069817959,1,▁stove,power
group_stove,group_stove/t000_Lrollout_allmax_stove_L1_power_base.png,stove_L1_power,power on the stove,0,rollout,allmax,base,img512,6,7.225709045718476e-05,0.02960770132826429,7,9,0.06761011469013864,0,▁stove,power
group_stove,group_stove/t000_Lrollout_allsum_stove_L1_power_base.png,stove_L1_power,power on the stove,0,rollout,allsum,base,img512,6,0.0004323046956908103,0.17740596203306702,7,9,0.4046053801877058,0,▁stove,power
group_stove,group_stove/t000_Lrollout_noun_stove_L1_power_base.png,stove_L1_power,power on the stove,0,rollout,noun,base,img512,6,7.198853373150889e-05,0.02957430224883539,7,9,0.06747395263144937,0,▁stove,power
group_stove,group_stove/t000_Lrollout_verb_stove_L1_power_base.png,stove_L1_power,power on the stove,0,rollout,verb,base,img512,6,7.204508939765152e-05,0.02960770132826429,7,9,0.06727868322308463,0,▁stove,power
group_stove,group_stove/t000_Lrollout_func_stove_L1_power_base.png,stove_L1_power,power on the stove,0,rollout,func,base,img512,6,0.0002882710725616499,0.11822395845596732,7,9,0.26985274433317186,0,▁stove,power
group_stove,group_stove/t000_L00_allmax_stove_L2_partmove_base.png,stove_L2_partmove,turn the stove on,0,00,allmax,base,img512,6,8.679576591474956e-05,0.554911389541649,13,2,0.5751657412186556,0,▁stove,turn
group_stove,group_stove/t000_L00_allsum_stove_L2_partmove_base.png,stove_L2_partmove,turn the stove on,0,00,allsum,base,img512,6,0.00018469194808005192,1.7146162828153064,13,2,1.7449223137525665,0,▁stove,turn
group_stove,group_stove/t000_L00_noun_stove_L2_partmove_base.png,stove_L2_partmove,turn the stove on,0,00,noun,base,img512,6,1.4471827534159841e-06,0.554911389541649,13,2,0.5571598885764818,0,▁stove,turn
group_stove,group_stove/t000_L00_verb_stove_L2_partmove_base.png,stove_L2_partmove,turn the stove on,0,00,verb,base,img512,6,5.850124261023207e-07,0.5226752937441348,13,1,0.5258645415550981,1,▁stove,turn
group_stove,group_stove/t000_L00_func_stove_L2_partmove_base.png,stove_L2_partmove,turn the stove on,0,00,func,base,img512,6,0.00011826874129019271,0.6370295995295225,13,2,0.6619100482329688,0,▁stove,turn
group_stove,group_stove/t000_L01_allmax_stove_L2_partmove_base.png,stove_L2_partmove,turn the stove on,0,01,allmax,base,img512,6,2.403276192386813e-05,0.057294191901287476,2,6,0.14312204590363092,0,▁stove,turn
group_stove,group_stove/t000_L01_allsum_stove_L2_partmove_base.png,stove_L2_partmove,turn the stove on,0,01,allsum,base,img512,6,0.0001010027812292882,0.12311418107368718,2,6,0.3437309422722601,0,▁stove,turn
group_stove,group_stove/t000_L01_noun_stove_L2_partmove_base.png,stove_L2_partmove,turn the stove on,0,01,noun,base,img512,6,3.353858122773995e-06,0.03636838932334879,1,1,0.07107548191661632,1,▁stove,turn
group_stove,group_stove/t000_L01_verb_stove_L2_partmove_base.png,stove_L2_partmove,turn the stove on,0,01,verb,base,img512,6,1.4168191991791906e-05,0.02057353427987526,1,1,0.0439470634091739,1,▁stove,turn
group_stove,group_stove/t000_L01_func_stove_L2_partmove_base.png,stove_L2_partmove,turn the stove on,0,01,func,base,img512,6,7.960469201575795e-05,0.10822432497943782,2,6,0.30146945332153074,0,▁stove,turn
group_stove,group_stove/t000_L02_allmax_stove_L2_partmove_base.png,stove_L2_partmove,turn the stove on,0,02,allmax,base,img512,6,3.560734095050529e-05,0.052025375299930614,13,2,0.08503695335521856,0,▁stove,turn
group_stove,group_stove/t000_L02_allsum_stove_L2_partmove_base.png,stove_L2_partmove,turn the stove on,0,02,allsum,base,img512,6,0.00011298924139833472,0.12962657384663415,13,2,0.22879295607357938,0,▁stove,turn
group_stove,group_stove/t000_L02_noun_stove_L2_partmove_base.png,stove_L2_partmove,turn the stove on,0,02,noun,base,img512,6,8.822550981484048e-06,0.017845396024363986,7,9,0.044500186091554844,0,▁stove,turn
group_stove,group_stove/t000_L02_verb_stove_L2_partmove_base.png,stove_L2_partmove,turn the stove on,0,02,verb,base,img512,6,6.95119932911001e-06,0.011893905844972739,7,9,0.027361275568992812,0,▁stove,turn
group_stove,group_stove/t000_L02_func_stove_L2_partmove_base.png,stove_L2_partmove,turn the stove on,0,02,func,base,img512,6,8.865823082704086e-05,0.10592269960954898,13,2,0.1822235160130551,0,▁stove,turn
group_stove,group_stove/t000_L03_allmax_stove_L2_partmove_base.png,stove_L2_partmove,turn the stove on,0,03,allmax,base,img512,6,8.986451157912902e-06,0.11273349582888148,7,9,0.2688316098189094,0,▁stove,turn
group_stove,group_stove/t000_L03_allsum_stove_L2_partmove_base.png,stove_L2_partmove,turn the stove on,0,03,allsum,base,img512,6,2.4565491007250713e-05,0.20603070516825459,7,9,0.5547574144986971,0,▁stove,turn
group_stove,group_stove/t000_L03_noun_stove_L2_partmove_base.png,stove_L2_partmove,turn the stove on,0,03,noun,base,img512,6,6.482340329305361e-07,0.11273349582888148,7,9,0.2509240358451317,0,▁stove,turn
group_stove,group_stove/t000_L03_verb_stove_L2_partmove_base.png,stove_L2_partmove,turn the stove on,0,03,verb,base,img512,6,3.388758242658554e-06,0.016577601856984432,7,9,0.06245681461079378,0,▁stove,turn
group_stove,group_stove/t000_L03_func_stove_L2_partmove_base.png,stove_L2_partmove,turn the stove on,0,03,func,base,img512,6,2.052849873166162e-05,0.07671960748238867,7,9,0.2413765640427716,0,▁stove,turn
group_stove,group_stove/t000_L04_allmax_stove_L2_partmove_base.png,stove_L2_partmove,turn the stove on,0,04,allmax,base,img512,6,3.443927905844386e-05,0.15630983857990477,7,8,0.3886582846613129,0,▁stove,turn
group_stove,group_stove/t000_L04_allsum_stove_L2_partmove_base.png,stove_L2_partmove,turn the stove on,0,04,allsum,base,img512,6,0.000109695439093782,0.4348827431525829,7,8,1.094513195447232,0,▁stove,turn
group_stove,group_stove/t000_L04_noun_stove_L2_partmove_base.png,stove_L2_partmove,turn the stove on,0,04,noun,base,img512,6,1.4697009135889576e-06,0.15630983857990477,7,8,0.3588942720589945,0,▁stove,turn
group_stove,group_stove/t000_L04_verb_stove_L2_partmove_base.png,stove_L2_partmove,turn the stove on,0,04,verb,base,img512,6,1.6696103921307012e-05,0.09776773627765156,7,9,0.2558227413702776,0,▁stove,turn
group_stove,group_stove/t000_L04_func_stove_L2_partmove_base.png,stove_L2_partmove,turn the stove on,0,04,func,base,img512,6,8.5454642154329e-05,0.18080516829502657,7,8,0.4799622329606397,0,▁stove,turn
group_stove,group_stove/t000_L05_allmax_stove_L2_partmove_base.png,stove_L2_partmove,turn the stove on,0,05,allmax,base,img512,6,6.8896103807642186e-06,0.12958407055589666,6,4,0.2824707664447866,0,▁stove,turn
group_stove,group_stove/t000_L05_allsum_stove_L2_partmove_base.png,stove_L2_partmove,turn the stove on,0,05,allsum,base,img512,6,2.172224274762958e-05,0.2667480118552331,7,9,0.7299023644487397,0,▁stove,turn
group_stove,group_stove/t000_L05_noun_stove_L2_partmove_base.png,stove_L2_partmove,turn the stove on,0,05,noun,base,img512,6,2.1246005236894995e-06,0.12958407055589666,7,4,0.2374086452545689,0,▁stove,turn
group_stove,group_stove/t000_L05_verb_stove_L2_partmove_base.png,stove_L2_partmove,turn the stove on,0,05,verb,base,img512,6,2.3793528697191836e-06,0.043701054590596304,7,9,0.1230210660483705,0,▁stove,turn
group_stove,group_stove/t000_L05_func_stove_L2_partmove_base.png,stove_L2_partmove,turn the stove on,0,05,func,base,img512,6,1.562686860832714e-05,0.15901088576985045,7,9,0.4468608234565766,0,▁stove,turn
group_stove,group_stove/t000_L06_allmax_stove_L2_partmove_base.png,stove_L2_partmove,turn the stove on,0,06,allmax,base,img512,6,2.5830384437445204e-07,0.1871058531957467,7,8,0.391411639110331,0,▁stove,turn
group_stove,group_stove/t000_L06_allsum_stove_L2_partmove_base.png,stove_L2_partmove,turn the stove on,0,06,allsum,base,img512,6,9.683875098489579e-07,0.7505844854368465,7,8,1.4797027878241817,0,▁stove,turn
group_stove,group_stove/t000_L06_noun_stove_L2_partmove_base.png,stove_L2_partmove,turn the stove on,0,06,noun,base,img512,6,2.9606976153005683e-08,0.16367664033593377,7,8,0.34876238140978855,0,▁stove,turn
group_stove,group_stove/t000_L06_verb_stove_L2_partmove_base.png,stove_L2_partmove,turn the stove on,0,06,verb,base,img512,6,3.7503485257365383e-08,0.1871058531957467,7,9,0.34967258724771505,0,▁stove,turn
group_stove,group_stove/t000_L06_func_stove_L2_partmove_base.png,stove_L2_partmove,turn the stove on,0,06,func,base,img512,6,7.424656710692979e-07,0.399801991905166,7,8,0.781860382547154,0,▁stove,turn
group_stove,group_stove/t000_L07_allmax_stove_L2_partmove_base.png,stove_L2_partmove,turn the stove on,0,07,allmax,base,img512,6,1.437546982466102e-05,0.11066787909885618,7,8,0.3304939939756679,0,▁stove,turn
group_stove,group_stove/t000_L07_allsum_stove_L2_partmove_base.png,stove_L2_partmove,turn the stove on,0,07,allsum,base,img512,6,3.3512987688582926e-05,0.3214633020339868,7,8,1.0424730188425837,0,▁stove,turn
group_stove,group_stove/t000_L07_noun_stove_L2_partmove_base.png,stove_L2_partmove,turn the stove on,0,07,noun,base,img512,6,6.456918294296009e-07,0.11066787909885618,7,8,0.3304939939756679,0,▁stove,turn
group_stove,group_stove/t000_L07_verb_stove_L2_partmove_base.png,stove_L2_partmove,turn the stove on,0,07,verb,base,img512,6,1.7173476760306965e-06,0.08340783400137254,7,8,0.25042989659500203,0,▁stove,turn
group_stove,group_stove/t000_L07_func_stove_L2_partmove_base.png,stove_L2_partmove,turn the stove on,0,07,func,base,img512,6,2.662177417609702e-05,0.154357134515475,7,9,0.46174263425757317,0,▁stove,turn
group_stove,group_stove/t000_L08_allmax_stove_L2_partmove_base.png,stove_L2_partmove,turn the stove on,0,08,allmax,base,img512,6,5.670487243373856e-05,0.1243834052190657,7,8,0.2560664874744455,0,▁stove,turn
group_stove,group_stove/t000_L08_allsum_stove_L2_partmove_base.png,stove_L2_partmove,turn the stove on,0,08,allsum,base,img512,6,0.00010252000228957981,0.3613588901802092,7,8,0.7816881668433601,0,▁stove,turn
group_stove,group_stove/t000_L08_noun_stove_L2_partmove_base.png,stove_L2_partmove,turn the stove on,0,08,noun,base,img512,6,1.3517995981614968e-07,0.10356537761178498,7,8,0.24148127018060078,0,▁stove,turn
group_stove,group_stove/t000_L08_verb_stove_L2_partmove_base.png,stove_L2_partmove,turn the stove on,0,08,verb,base,img512,6,3.645397632630638e-07,0.10833193891951251,7,8,0.21725589723327896,0,▁stove,turn
group_stove,group_stove/t000_L08_func_stove_L2_partmove_base.png,stove_L2_partmove,turn the stove on,0,08,func,base,img512,6,9.277334347104903e-05,0.2109798568916367,6,4,0.37118510868536086,0,▁stove,turn
group_stove,group_stove/t000_L09_allmax_stove_L2_partmove_base.png,stove_L2_partmove,turn the stove on,0,09,allmax,base,img512,6,2.938113695289098e-06,0.16994731991491616,6,4,0.24942614476124222,0,▁stove,turn
group_stove,group_stove/t000_L09_allsum_stove_L2_partmove_base.png,stove_L2_partmove,turn the stove on,0,09,allsum,base,img512,6,4.548909974995381e-06,0.5990272534987807,6,4,0.8341235619564493,0,▁stove,turn
group_stove,group_stove/t000_L09_noun_stove_L2_partmove_base.png,stove_L2_partmove,turn the stove on,0,09,noun,base,img512,6,8.315389428137139e-08,0.15225524123298906,6,5,0.17767772170339485,0,▁stove,turn
group_stove,group_stove/t000_L09_verb_stove_L2_partmove_base.png,stove_L2_partmove,turn the stove on,0,09,verb,base,img512,6,9.346220723023374e-08,0.10094289452825284,6,4,0.1493993161454246,0,▁stove,turn
group_stove,group_stove/t000_L09_func_stove_L2_partmove_base.png,stove_L2_partmove,turn the stove on,0,09,func,base,img512,6,3.4730601314881224e-06,0.3458291177375389,6,4,0.5073316059282004,0,▁stove,turn
group_stove,group_stove/t000_L10_allmax_stove_L2_partmove_base.png,stove_L2_partmove,turn the stove on,0,10,allmax,base,img512,6,2.8538315899903124e-08,0.35439379557367656,6,4,0.5333765770437733,0,▁stove,turn
group_stove,group_stove/t000_L10_allsum_stove_L2_partmove_base.png,stove_L2_partmove,turn the stove on,0,10,allsum,base,img512,6,5.991011807275648e-08,1.0697578645109929,6,4,1.676671624247448,0,▁stove,turn
group_stove,group_stove/t000_L10_noun_stove_L2_partmove_base.png,stove_L2_partmove,turn the stove on,0,10,noun,base,img512,6,7.3303827639431695e-09,0.038295248661219326,7,8,0.08341461584887211,0,▁stove,turn
group_stove,group_stove/t000_L10_verb_stove_L2_partmove_base.png,stove_L2_partmove,turn the stove on,0,10,verb,base,img512,6,1.2627944648657549e-09,0.35439379557367656,6,4,0.46016816771176866,0,▁stove,turn
group_stove,group_stove/t000_L10_func_stove_L2_partmove_base.png,stove_L2_partmove,turn the stove on,0,10,func,base,img512,6,2.604174509011118e-08,0.6976838351222492,6,4,1.1529442587363663,0,▁stove,turn
group_stove,group_stove/t000_L11_allmax_stove_L2_partmove_base.png,stove_L2_partmove,turn the stove on,0,11,allmax,base,img512,6,5.6171467679958386e-08,0.07185650069579581,4,6,0.29622450287777485,0,▁stove,turn
group_stove,group_stove/t000_L11_allsum_stove_L2_partmove_base.png,stove_L2_partmove,turn the stove on,0,11,allsum,base,img512,6,8.567544262967044e-08,0.19756407060383413,4,5,0.6541668319935326,0,▁stove,turn
group_stove,group_stove/t000_L11_noun_stove_L2_partmove_base.png,stove_L2_partmove,turn the stove on,0,11,noun,base,img512,6,7.0172124554101475e-09,0.07185650069579581,4,6,0.29622450287777485,0,▁stove,turn
group_stove,group_stove/t000_L11_verb_stove_L2_partmove_base.png,stove_L2_partmove,turn the stove on,0,11,verb,base,img512,6,5.513783763610148e-10,0.0261408614762809,5,5,0.08283275920944137,0,▁stove,turn
group_stove,group_stove/t000_L11_func_stove_L2_partmove_base.png,stove_L2_partmove,turn the stove on,0,11,func,base,img512,6,7.810685179789928e-08,0.13836388921719098,4,5,0.3147272416989469,0,▁stove,turn
group_stove,group_stove/t000_L12_allmax_stove_L2_partmove_base.png,stove_L2_partmove,turn the stove on,0,12,allmax,base,img512,6,7.180679309768129e-08,0.17782920407463979,5,5,0.4841642517846277,0,▁stove,turn
group_stove,group_stove/t000_L12_allsum_stove_L2_partmove_base.png,stove_L2_partmove,turn the stove on,0,12,allsum,base,img512,6,9.35305150877148e-08,0.5229740963122343,5,5,1.2141414135612676,0,▁stove,turn
group_stove,group_stove/t000_L12_noun_stove_L2_partmove_base.png,stove_L2_partmove,turn the stove on,0,12,noun,base,img512,6,3.19747639055323e-09,0.02352616238516461,4,7,0.08291944382973856,0,▁stove,turn
group_stove,group_stove/t000_L12_verb_stove_L2_partmove_base.png,stove_L2_partmove,turn the stove on,0,12,verb,base,img512,6,3.5357928157872474e-10,0.15028311059950064,5,5,0.43988982354835293,0,▁stove,turn
group_stove,group_stove/t000_L12_func_stove_L2_partmove_base.png,stove_L2_partmove,turn the stove on,0,12,func,base,img512,6,8.688743280249613e-08,0.3516323000675575,5,5,0.7333095824178022,0,▁stove,turn
group_stove,group_stove/t000_L13_allmax_stove_L2_partmove_base.png,stove_L2_partmove,turn the stove on,0,13,allmax,base,img512,6,5.987928313970335e-07,0.4682537562216349,1,1,0.589180412084074,1,▁stove,turn
group_stove,group_stove/t000_L13_allsum_stove_L2_partmove_base.png,stove_L2_partmove,turn the stove on,0,13,allsum,base,img512,6,1.381914097845306e-06,1.5036037936348274,1,1,1.8428297674367171,1,▁stove,turn
group_stove,group_stove/t000_L13_noun_stove_L2_partmove_base.png,stove_L2_partmove,turn the stove on,0,13,noun,base,img512,6,1.711875710780689e-07,0.10579940792300999,1,1,0.14234522227429902,1,▁stove,turn
group_stove,group_stove/t000_L13_verb_stove_L2_partmove_base.png,stove_L2_partmove,turn the stove on,0,13,verb,base,img512,6,3.491776622904784e-08,0.3744024180113543,1,1,0.41097916991511874,1,▁stove,turn
group_stove,group_stove/t000_L13_func_stove_L2_partmove_base.png,stove_L2_partmove,turn the stove on,0,13,func,base,img512,6,3.477652551090515e-07,1.023401967700463,1,1,1.2895053752472991,1,▁stove,turn
group_stove,group_stove/t000_L14_allmax_stove_L2_partmove_base.png,stove_L2_partmove,turn the stove on,0,14,allmax,base,img512,6,3.410062758966317e-08,0.12140274617067393,6,4,0.142021979236606,0,▁stove,turn
group_stove,group_stove/t000_L14_allsum_stove_L2_partmove_base.png,stove_L2_partmove,turn the stove on,0,14,allsum,base,img512,6,5.123784179419619e-08,0.39056369469384133,13,2,0.46580805832347183,0,▁stove,turn
group_stove,group_stove/t000_L14_noun_stove_L2_partmove_base.png,stove_L2_partmove,turn the stove on,0,14,noun,base,img512,6,2.7933090549609428e-11,0.10743663309669615,13,2,0.12314106643654779,0,▁stove,turn
group_stove,group_stove/t000_L14_verb_stove_L2_partmove_base.png,stove_L2_partmove,turn the stove on,0,14,verb,base,img512,6,4.596378715517888e-12,0.12140274617067393,4,5,0.14042041913527029,0,▁stove,turn
group_stove,group_stove/t000_L14_func_stove_L2_partmove_base.png,stove_L2_partmove,turn the stove on,0,14,func,base,img512,6,3.8438139114425665e-08,0.2001496924913284,13,1,0.25129210985474015,1,▁stove,turn
group_stove,group_stove/t000_L15_allmax_stove_L2_partmove_base.png,stove_L2_partmove,turn the stove on,0,15,allmax,base,img512,6,8.160098398546649e-09,0.04219771882256953,13,1,0.05047082160365968,1,▁stove,turn
group_stove,group_stove/t000_L15_allsum_stove_L2_partmove_base.png,stove_L2_partmove,turn the stove on,0,15,allsum,base,img512,6,1.216830582894916e-08,0.11335108919166953,13,1,0.14165197280988304,1,▁stove,turn
group_stove,group_stove/t000_L15_noun_stove_L2_partmove_base.png,stove_L2_partmove,turn the stove on,0,15,noun,base,img512,6,3.8180692166553246e-11,0.016726972626037895,14,14,0.016727184893660367,1,▁stove,turn
group_stove,group_stove/t000_L15_verb_stove_L2_partmove_base.png,stove_L2_partmove,turn the stove on,0,15,verb,base,img512,6,8.160098398546649e-09,0.04219771882256953,13,1,0.046591128421903744,1,▁stove,turn
group_stove,group_stove/t000_L15_func_stove_L2_partmove_base.png,stove_L2_partmove,turn the stove on,0,15,func,base,img512,6,2.1078887433808406e-09,0.06669509410448253,13,1,0.08700791342211749,1,▁stove,turn
group_stove,group_stove/t000_L16_allmax_stove_L2_partmove_base.png,stove_L2_partmove,turn the stove on,0,16,allmax,base,img512,6,1.5589482027977855e-07,0.20018810088760614,14,2,0.2323037274419109,1,▁stove,turn
group_stove,group_stove/t000_L16_allsum_stove_L2_partmove_base.png,stove_L2_partmove,turn the stove on,0,16,allsum,base,img512,6,3.9701587729141683e-07,0.2142446727389574,14,2,0.2909485215238864,1,▁stove,turn
group_stove,group_stove/t000_L16_noun_stove_L2_partmove_base.png,stove_L2_partmove,turn the stove on,0,16,noun,base,img512,6,4.894358372349874e-10,0.029530606069047047,2,1,0.03377326496953716,1,▁stove,turn
group_stove,group_stove/t000_L16_verb_stove_L2_partmove_base.png,stove_L2_partmove,turn the stove on,0,16,verb,base,img512,6,7.881113745320739e-09,0.03469727625053855,2,1,0.047192854728959274,1,▁stove,turn
group_stove,group_stove/t000_L16_func_stove_L2_partmove_base.png,stove_L2_partmove,turn the stove on,0,16,func,base,img512,6,3.764047642363226e-07,0.20638585182769412,14,2,0.2452012127657917,1,▁stove,turn
group_stove,group_stove/t000_L17_allmax_stove_L2_partmove_base.png,stove_L2_partmove,turn the stove on,0,17,allmax,base,img512,6,4.3755254077039346e-05,0.1292777550026956,3,6,0.24525425602409465,0,▁stove,turn
group_stove,group_stove/t000_L17_allsum_stove_L2_partmove_base.png,stove_L2_partmove,turn the stove on,0,17,allsum,base,img512,6,4.37552541840212e-05,0.1800661730193189,3,6,0.3908867070983144,0,▁stove,turn
group_stove,group_stove/t000_L17_noun_stove_L2_partmove_base.png,stove_L2_partmove,turn the stove on,0,17,noun,base,img512,6,4.3651858080262727e-17,0.015705710634673613,14,14,0.015705710635125634,1,▁stove,turn
group_stove,group_stove/t000_L17_verb_stove_L2_partmove_base.png,stove_L2_partmove,turn the stove on,0,17,verb,base,img512,6,1.848119652107775e-21,0.1292777550026956,3,6,0.2372900207783647,0,▁stove,turn
group_stove,group_stove/t000_L17_func_stove_L2_partmove_base.png,stove_L2_partmove,turn the stove on,0,17,func,base,img512,6,4.375525414873014e-05,0.08550020534002456,3,6,0.14706899724275596,0,▁stove,turn
group_stove,group_stove/t000_Lrollout_allmax_stove_L2_partmove_base.png,stove_L2_partmove,turn the stove on,0,rollout,allmax,base,img512,6,7.217619884898679e-05,0.02932735041295684,7,9,0.06517733133875216,0,▁stove,turn
group_stove,group_stove/t000_Lrollout_allsum_stove_L2_partmove_base.png,stove_L2_partmove,turn the stove on,0,rollout,allsum,base,img512,6,0.00043168495150978144,0.1757241352224726,7,9,0.3904673281473608,0,▁stove,turn
group_stove,group_stove/t000_Lrollout_noun_stove_L2_partmove_base.png,stove_L2_partmove,turn the stove on,0,rollout,noun,base,img512,6,7.190228642512676e-05,0.029308280670544123,7,9,0.06503930470923985,0,▁stove,turn
group_stove,group_stove/t000_Lrollout_verb_stove_L2_partmove_base.png,stove_L2_partmove,turn the stove on,0,rollout,verb,base,img512,6,7.189982905194854e-05,0.029269951227632523,7,9,0.0651642103887033,0,▁stove,turn
group_stove,group_stove/t000_Lrollout_func_stove_L2_partmove_base.png,stove_L2_partmove,turn the stove on,0,rollout,func,base,img512,6,0.0002878828360327061,0.11714590332429595,7,9,0.2602638130494176,0,▁stove,turn
group_stove,group_stove/t000_L00_allmax_stove_L3_please_base.png,stove_L3_please,please turn on the stove,0,00,allmax,base,img512,7,8.681185441573075e-05,0.6697940051585858,13,1,0.6904844421935302,1,▁stove,▁turn
group_stove,group_stove/t000_L00_allsum_stove_L3_please_base.png,stove_L3_please,please turn on the stove,0,00,allsum,base,img512,7,0.00018983277203179594,2.145991523699429,13,1,2.1780082997981074,1,▁stove,▁turn
group_stove,group_stove/t000_L00_noun_stove_L3_please_base.png,stove_L3_please,please turn on the stove,0,00,noun,base,img512,7,1.7606676913086884e-06,0.5039091662485593,13,1,0.5078253652223692,1,▁stove,▁turn
group_stove,group_stove/t000_L00_verb_stove_L3_please_base.png,stove_L3_please,please turn on the stove,0,00,verb,base,img512,7,1.3663123384923883e-07,0.3513153095582165,13,1,0.3530961770545662,1,▁stove,▁turn
group_stove,group_stove/t000_L00_func_stove_L3_please_base.png,stove_L3_please,please turn on the stove,0,00,func,base,img512,7,0.00013471866214518399,1.290767047892653,13,2,1.3171328449598627,0,▁stove,▁turn
group_stove,group_stove/t000_L01_allmax_stove_L3_please_base.png,stove_L3_please,please turn on the stove,0,01,allmax,base,img512,7,3.758605375793247e-05,0.055017351653689296,2,6,0.14762399194962023,0,▁stove,▁turn
group_stove,group_stove/t000_L01_allsum_stove_L3_please_base.png,stove_L3_please,please turn on the stove,0,01,allsum,base,img512,7,0.0001225329794119097,0.1337608880276875,2,6,0.3856716280248589,0,▁stove,▁turn
group_stove,group_stove/t000_L01_noun_stove_L3_please_base.png,stove_L3_please,please turn on the stove,0,01,noun,base,img512,7,2.9210789272503154e-06,0.037262069183753806,1,1,0.07330900217115131,1,▁stove,▁turn
group_stove,group_stove/t000_L01_verb_stove_L3_please_base.png,stove_L3_please,please turn on the stove,0,01,verb,base,img512,7,2.8981506248562246e-06,0.049982734266254644,1,1,0.08703975723924733,1,▁stove,▁turn
group_stove,group_stove/t000_L01_func_stove_L3_please_base.png,stove_L3_please,please turn on the stove,0,01,func,base,img512,7,0.00010893028275182291,0.11843528488815172,2,6,0.3454358660209228,0,▁stove,▁turn
group_stove,group_stove/t000_L02_allmax_stove_L3_please_base.png,stove_L3_please,please turn on the stove,0,02,allmax,base,img512,7,4.8309524326869555e-05,0.05130075456571071,13,1,0.08436144925264058,1,▁stove,▁turn
group_stove,group_stove/t000_L02_allsum_stove_L3_please_base.png,stove_L3_please,please turn on the stove,0,02,allsum,base,img512,7,0.0001432074564942268,0.17583084004883046,13,2,0.304789154644554,0,▁stove,▁turn
group_stove,group_stove/t000_L02_noun_stove_L3_please_base.png,stove_L3_please,please turn on the stove,0,02,noun,base,img512,7,1.2568596280770124e-05,0.019723458555207393,13,2,0.03785041835921013,0,▁stove,▁turn
group_stove,group_stove/t000_L02_verb_stove_L3_please_base.png,stove_L3_please,please turn on the stove,0,02,verb,base,img512,7,6.456942618271176e-06,0.011047693994449166,7,9,0.026034747620234767,0,▁stove,▁turn
group_stove,group_stove/t000_L02_func_stove_L3_please_base.png,stove_L3_please,please turn on the stove,0,02,func,base,img512,7,0.00011091614199255846,0.14703428391234327,13,2,0.24799746287841845,0,▁stove,▁turn
group_stove,group_stove/t000_L03_allmax_stove_L3_please_base.png,stove_L3_please,please turn on the stove,0,03,allmax,base,img512,7,1.1023586774395851e-05,0.1666828958218884,6,4,0.3215665948251445,0,▁stove,▁turn
group_stove,group_stove/t000_L03_allsum_stove_L3_please_base.png,stove_L3_please,please turn on the stove,0,03,allsum,base,img512,7,3.6211591573579723e-05,0.24039702498028584,7,9,0.6422044401750974,0,▁stove,▁turn
group_stove,group_stove/t000_L03_noun_stove_L3_please_base.png,stove_L3_please,please turn on the stove,0,03,noun,base,img512,7,6.595087673849482e-07,0.1666828958218884,7,4,0.31773256106174097,0,▁stove,▁turn
group_stove,group_stove/t000_L03_verb_stove_L3_please_base.png,stove_L3_please,please turn on the stove,0,03,verb,base,img512,7,2.2551162515524747e-06,0.02829463609701865,7,9,0.07899780506632723,0,▁stove,▁turn
group_stove,group_stove/t000_L03_func_stove_L3_please_base.png,stove_L3_please,please turn on the stove,0,03,func,base,img512,7,3.312125121965682e-05,0.0932848751523831,7,9,0.3004875630576881,0,▁stove,▁turn
group_stove,group_stove/t000_L04_allmax_stove_L3_please_base.png,stove_L3_please,please turn on the stove,0,04,allmax,base,img512,7,3.4064944507502155e-05,0.20263394873444138,7,8,0.382825932560029,0,▁stove,▁turn
group_stove,group_stove/t000_L04_allsum_stove_L3_please_base.png,stove_L3_please,please turn on the stove,0,04,allsum,base,img512,7,0.0001288610577986556,0.4765211279289163,7,8,1.094008122355159,0,▁stove,▁turn
group_stove,group_stove/t000_L04_noun_stove_L3_please_base.png,stove_L3_please,please turn on the stove,0,04,noun,base,img512,7,9.433848517747207e-07,0.20263394873444138,7,8,0.3354374801390943,0,▁stove,▁turn
group_stove,group_stove/t000_L04_verb_stove_L3_please_base.png,stove_L3_please,please turn on the stove,0,04,verb,base,img512,7,9.680078417769235e-06,0.05944583331538451,7,9,0.17344489816515352,0,▁stove,▁turn
group_stove,group_stove/t000_L04_func_stove_L3_please_base.png,stove_L3_please,please turn on the stove,0,04,func,base,img512,7,0.00011181672012309194,0.21444134587909047,7,8,0.5901168006804799,0,▁stove,▁turn
group_stove,group_stove/t000_L05_allmax_stove_L3_please_base.png,stove_L3_please,please turn on the stove,0,05,allmax,base,img512,7,7.860864795258535e-06,0.19538008652646835,7,4,0.40779002202229525,0,▁stove,▁turn
group_stove,group_stove/t000_L05_allsum_stove_L3_please_base.png,stove_L3_please,please turn on the stove,0,05,allsum,base,img512,7,2.8757701071190233e-05,0.3544866910882504,7,9,0.8997427731483834,0,▁stove,▁turn
group_stove,group_stove/t000_L05_noun_stove_L3_please_base.png,stove_L3_please,please turn on the stove,0,05,noun,base,img512,7,8.500350574618323e-07,0.19538008652646835,7,4,0.3636605805417116,0,▁stove,▁turn
group_stove,group_stove/t000_L05_verb_stove_L3_please_base.png,stove_L3_please,please turn on the stove,0,05,verb,base,img512,7,1.4166951021956372e-06,0.09910994663595017,7,9,0.253209410819401,0,▁stove,▁turn
group_stove,group_stove/t000_L05_func_stove_L3_please_base.png,stove_L3_please,please turn on the stove,0,05,func,base,img512,7,2.551481050667258e-05,0.209327701048933,7,9,0.5515130831873686,0,▁stove,▁turn
group_stove,group_stove/t000_L06_allmax_stove_L3_please_base.png,stove_L3_please,please turn on the stove,0,06,allmax,base,img512,7,7.314868398131691e-07,0.22902963844987864,7,8,0.42305621609279,0,▁stove,▁turn
group_stove,group_stove/t000_L06_allsum_stove_L3_please_base.png,stove_L3_please,please turn on the stove,0,06,allsum,base,img512,7,2.0717752572926386e-06,0.8465539066450755,7,8,1.6376661222637223,0,▁stove,▁turn
group_stove,group_stove/t000_L06_noun_stove_L3_please_base.png,stove_L3_please,please turn on the stove,0,06,noun,base,img512,7,3.245995152493067e-08,0.22902963844987864,7,8,0.4005878723573053,0,▁stove,▁turn
group_stove,group_stove/t000_L06_verb_stove_L3_please_base.png,stove_L3_please,please turn on the stove,0,06,verb,base,img512,7,6.082128540318632e-08,0.18443471759744054,7,9,0.3533644616859664,0,▁stove,▁turn
group_stove,group_stove/t000_L06_func_stove_L3_please_base.png,stove_L3_please,please turn on the stove,0,06,func,base,img512,7,1.7952491246325772e-06,0.43308955059775633,7,8,0.8842533723052416,0,▁stove,▁turn
group_stove,group_stove/t000_L07_allmax_stove_L3_please_base.png,stove_L3_please,please turn on the stove,0,07,allmax,base,img512,7,1.574566681700373e-05,0.08700027788794969,7,8,0.3127383039782966,0,▁stove,▁turn
group_stove,group_stove/t000_L07_allsum_stove_L3_please_base.png,stove_L3_please,please turn on the stove,0,07,allsum,base,img512,7,4.339331328991371e-05,0.2790889191053383,7,8,0.9144757960579203,0,▁stove,▁turn
group_stove,group_stove/t000_L07_noun_stove_L3_please_base.png,stove_L3_please,please turn on the stove,0,07,noun,base,img512,7,5.936983975733036e-07,0.08395748093627477,7,8,0.26377379163839537,0,▁stove,▁turn
group_stove,group_stove/t000_L07_verb_stove_L3_please_base.png,stove_L3_please,please turn on the stove,0,07,verb,base,img512,7,3.1537619567359537e-06,0.07359381935774005,7,8,0.20924274472428833,0,▁stove,▁turn
group_stove,group_stove/t000_L07_func_stove_L3_please_base.png,stove_L3_please,please turn on the stove,0,07,func,base,img512,7,3.874012830221591e-05,0.13971162824698982,7,8,0.4414592596952365,0,▁stove,▁turn
group_stove,group_stove/t000_L08_allmax_stove_L3_please_base.png,stove_L3_please,please turn on the stove,0,08,allmax,base,img512,7,5.9809668609024e-05,0.14154376774913366,6,4,0.32423007968275264,0,▁stove,▁turn
group_stove,group_stove/t000_L08_allsum_stove_L3_please_base.png,stove_L3_please,please turn on the stove,0,08,allsum,base,img512,7,0.00013566248097772948,0.4527789642763022,7,9,0.9757675362400257,0,▁stove,▁turn
group_stove,group_stove/t000_L08_noun_stove_L3_please_base.png,stove_L3_please,please turn on the stove,0,08,noun,base,img512,7,1.3862080142686003e-07,0.12840978828600583,7,8,0.2589618862232345,0,▁stove,▁turn
group_stove,group_stove/t000_L08_verb_stove_L3_please_base.png,stove_L3_please,please turn on the stove,0,08,verb,base,img512,7,5.674888603481064e-07,0.05576311495512057,7,9,0.1272222887453502,0,▁stove,▁turn
group_stove,group_stove/t000_L08_func_stove_L3_please_base.png,stove_L3_please,please turn on the stove,0,08,func,base,img512,7,0.00013446561716168946,0.3270008130639727,7,9,0.5907898505296965,0,▁stove,▁turn
group_stove,group_stove/t000_L09_allmax_stove_L3_please_base.png,stove_L3_please,please turn on the stove,0,09,allmax,base,img512,7,2.411635885457848e-06,0.17436721223388357,6,4,0.21314621765585107,0,▁stove,▁turn
group_stove,group_stove/t000_L09_allsum_stove_L3_please_base.png,stove_L3_please,please turn on the stove,0,09,allsum,base,img512,7,5.208530645953309e-06,0.40410617818662065,6,4,0.5305182565744418,0,▁stove,▁turn
group_stove,group_stove/t000_L09_noun_stove_L3_please_base.png,stove_L3_please,please turn on the stove,0,09,noun,base,img512,7,2.3265543055296367e-08,0.03484768453662807,5,5,0.04760053080387741,0,▁stove,▁turn
group_stove,group_stove/t000_L09_verb_stove_L3_please_base.png,stove_L3_please,please turn on the stove,0,09,verb,base,img512,7,1.6416879029451592e-07,0.059664300325513765,11,1,0.06285827507082366,1,▁stove,▁turn
group_stove,group_stove/t000_L09_func_stove_L3_please_base.png,stove_L3_please,please turn on the stove,0,09,func,base,img512,7,4.71559438191266e-06,0.3382559874353789,6,4,0.4404694850588653,0,▁stove,▁turn
group_stove,group_stove/t000_L10_allmax_stove_L3_please_base.png,stove_L3_please,please turn on the stove,0,10,allmax,base,img512,7,6.884148596148874e-08,0.48098481596933895,6,4,0.7068263268702852,0,▁stove,▁turn
group_stove,group_stove/t000_L10_allsum_stove_L3_please_base.png,stove_L3_please,please turn on the stove,0,10,allsum,base,img512,7,1.6237703148341365e-07,1.0884894454896599,6,4,1.7193900366100212,0,▁stove,▁turn
group_stove,group_stove/t000_L10_noun_stove_L3_please_base.png,stove_L3_please,please turn on the stove,0,10,noun,base,img512,7,1.190726444756819e-09,0.07490422115739875,7,4,0.21314265097116625,0,▁stove,▁turn
group_stove,group_stove/t000_L10_verb_stove_L3_please_base.png,stove_L3_please,please turn on the stove,0,10,verb,base,img512,7,1.5006450399559973e-09,0.33376392547358724,6,4,0.4265242273350995,0,▁stove,▁turn
group_stove,group_stove/t000_L10_func_stove_L3_please_base.png,stove_L3_please,please turn on the stove,0,10,func,base,img512,7,1.5615103255599557e-07,0.7334511811040603,6,4,1.1031171203302856,0,▁stove,▁turn
group_stove,group_stove/t000_L11_allmax_stove_L3_please_base.png,stove_L3_please,please turn on the stove,0,11,allmax,base,img512,7,1.7834417307407024e-07,0.07226539287060463,4,6,0.26350524633424444,0,▁stove,▁turn
group_stove,group_stove/t000_L11_allsum_stove_L3_please_base.png,stove_L3_please,please turn on the stove,0,11,allsum,base,img512,7,3.660982691791509e-07,0.21817946226030654,4,5,0.7089780207957788,0,▁stove,▁turn
group_stove,group_stove/t000_L11_noun_stove_L3_please_base.png,stove_L3_please,please turn on the stove,0,11,noun,base,img512,7,3.852547110850871e-09,0.07226539287060463,4,6,0.2630205901562912,0,▁stove,▁turn
group_stove,group_stove/t000_L11_verb_stove_L3_please_base.png,stove_L3_please,please turn on the stove,0,11,verb,base,img512,7,3.467832465866e-09,0.026278990849019582,5,5,0.09441418336966165,0,▁stove,▁turn
group_stove,group_stove/t000_L11_func_stove_L3_please_base.png,stove_L3_please,please turn on the stove,0,11,func,base,img512,7,3.587778896024341e-07,0.1723312860030466,5,5,0.407487524495822,0,▁stove,▁turn
group_stove,group_stove/t000_L12_allmax_stove_L3_please_base.png,stove_L3_please,please turn on the stove,0,12,allmax,base,img512,7,2.9264402254327018e-08,0.27135422988178226,4,5,0.5932914707017346,0,▁stove,▁turn
group_stove,group_stove/t000_L12_allsum_stove_L3_please_base.png,stove_L3_please,please turn on the stove,0,12,allsum,base,img512,7,9.024042826399182e-08,0.6668715082453998,4,5,1.3673985163233737,0,▁stove,▁turn
group_stove,group_stove/t000_L12_noun_stove_L3_please_base.png,stove_L3_please,please turn on the stove,0,12,noun,base,img512,7,2.1768599779678205e-09,0.04580114089682205,4,7,0.13541679974026236,0,▁stove,▁turn
group_stove,group_stove/t000_L12_verb_stove_L3_please_base.png,stove_L3_please,please turn on the stove,0,12,verb,base,img512,7,5.61018042105253e-10,0.16700573880063369,5,5,0.4868493270833779,0,▁stove,▁turn
group_stove,group_stove/t000_L12_func_stove_L3_please_base.png,stove_L3_please,please turn on the stove,0,12,func,base,img512,7,8.254108923404661e-08,0.46803196071329706,4,6,0.8443227334732705,0,▁stove,▁turn
group_stove,group_stove/t000_L13_allmax_stove_L3_please_base.png,stove_L3_please,please turn on the stove,0,13,allmax,base,img512,7,1.4007762111080621e-06,0.4113222110466202,1,1,0.5557833448742805,1,▁stove,▁turn
group_stove,group_stove/t000_L13_allsum_stove_L3_please_base.png,stove_L3_please,please turn on the stove,0,13,allsum,base,img512,7,2.8056022419857035e-06,1.7221029587812597,1,1,2.2082927122466987,1,▁stove,▁turn
group_stove,group_stove/t000_L13_noun_stove_L3_please_base.png,stove_L3_please,please turn on the stove,0,13,noun,base,img512,7,1.7607352332643205e-07,0.209025742459795,1,1,0.24586790019359328,1,▁stove,▁turn
group_stove,group_stove/t000_L13_verb_stove_L3_please_base.png,stove_L3_please,please turn on the stove,0,13,verb,base,img512,7,5.265000136056597e-07,0.3339474027071858,1,1,0.37962249089378447,1,▁stove,▁turn
group_stove,group_stove/t000_L13_func_stove_L3_please_base.png,stove_L3_please,please turn on the stove,0,13,func,base,img512,7,7.781331189334789e-07,1.179129813614279,1,1,1.582802321159321,1,▁stove,▁turn
group_stove,group_stove/t000_L14_allmax_stove_L3_please_base.png,stove_L3_please,please turn on the stove,0,14,allmax,base,img512,7,2.3845511483053033e-08,0.2718180109034186,13,2,0.3121105226761078,0,▁stove,▁turn
group_stove,group_stove/t000_L14_allsum_stove_L3_please_base.png,stove_L3_please,please turn on the stove,0,14,allsum,base,img512,7,4.334153000665582e-08,0.48362266366163226,13,2,0.5889490091377313,0,▁stove,▁turn
group_stove,group_stove/t000_L14_noun_stove_L3_please_base.png,stove_L3_please,please turn on the stove,0,14,noun,base,img512,7,8.575732929348018e-11,0.046838803223807034,13,2,0.06067872416779953,0,▁stove,▁turn
group_stove,group_stove/t000_L14_verb_stove_L3_please_base.png,stove_L3_please,please turn on the stove,0,14,verb,base,img512,7,9.39206565337677e-13,0.10688488761388601,4,5,0.11985735949994193,0,▁stove,▁turn
group_stove,group_stove/t000_L14_func_stove_L3_please_base.png,stove_L3_please,please turn on the stove,0,14,func,base,img512,7,2.773997261381273e-08,0.40991699869202075,13,2,0.48904793385735323,0,▁stove,▁turn
group_stove,group_stove/t000_L15_allmax_stove_L3_please_base.png,stove_L3_please,please turn on the stove,0,15,allmax,base,img512,7,2.3682943580240883e-09,0.07607976145015455,13,1,0.09790063038380392,1,▁stove,▁turn
group_stove,group_stove/t000_L15_allsum_stove_L3_please_base.png,stove_L3_please,please turn on the stove,0,15,allsum,base,img512,7,5.608748831827905e-09,0.17682501799043526,13,1,0.2351464342409824,1,▁stove,▁turn
group_stove,group_stove/t000_L15_noun_stove_L3_please_base.png,stove_L3_please,please turn on the stove,0,15,noun,base,img512,7,1.1316921488427176e-10,0.05459368669649631,14,14,0.05459531167430271,1,▁stove,▁turn
group_stove,group_stove/t000_L15_verb_stove_L3_please_base.png,stove_L3_please,please turn on the stove,0,15,verb,base,img512,7,1.0336516108120053e-09,0.07607976145015455,13,1,0.08145525475935056,1,▁stove,▁turn
group_stove,group_stove/t000_L15_func_stove_L3_please_base.png,stove_L3_please,please turn on the stove,0,15,func,base,img512,7,2.667542510066556e-09,0.0916470398381206,7,9,0.1504243627139381,0,▁stove,▁turn
group_stove,group_stove/t000_L16_allmax_stove_L3_please_base.png,stove_L3_please,please turn on the stove,0,16,allmax,base,img512,7,1.5095939672392298e-07,0.15468794518870585,14,2,0.22325018303210303,1,▁stove,▁turn
group_stove,group_stove/t000_L16_allsum_stove_L3_please_base.png,stove_L3_please,please turn on the stove,0,16,allsum,base,img512,7,3.0147073037835947e-07,0.18135285875332313,14,2,0.3238456365023653,1,▁stove,▁turn
group_stove,group_stove/t000_L16_noun_stove_L3_please_base.png,stove_L3_please,please turn on the stove,0,16,noun,base,img512,7,1.5588360238986035e-11,0.019809230303118625,2,1,0.02107739960491113,1,▁stove,▁turn
group_stove,group_stove/t000_L16_verb_stove_L3_please_base.png,stove_L3_please,please turn on the stove,0,16,verb,base,img512,7,1.3762541930835306e-08,0.06854454809061712,14,2,0.07757415609014197,1,▁stove,▁turn
group_stove,group_stove/t000_L16_func_stove_L3_please_base.png,stove_L3_please,please turn on the stove,0,16,func,base,img512,7,2.4732840890202077e-07,0.1718913797168234,14,2,0.23543157968225537,1,▁stove,▁turn
group_stove,group_stove/t000_L17_allmax_stove_L3_please_base.png,stove_L3_please,please turn on the stove,0,17,allmax,base,img512,7,3.5243620916788784e-05,0.22596290442363814,14,14,0.23109954885336453,1,▁stove,▁turn
group_stove,group_stove/t000_L17_allsum_stove_L3_please_base.png,stove_L3_please,please turn on the stove,0,17,allsum,base,img512,7,3.5243620923818006e-05,0.4402151261145482,14,14,0.44535177054428404,1,▁stove,▁turn
group_stove,group_stove/t000_L17_noun_stove_L3_please_base.png,stove_L3_please,please turn on the stove,0,17,noun,base,img512,7,1.3741880299025636e-19,0.012164337976428935,14,14,0.012164337976433306,1,▁stove,▁turn
group_stove,group_stove/t000_L17_verb_stove_L3_please_base.png,stove_L3_please,please turn on the stove,0,17,verb,base,img512,7,2.6482862631475343e-24,0.22596290442363814,14,12,0.22596290442363814,1,▁stove,▁turn
group_stove,group_stove/t000_L17_func_stove_L3_please_base.png,stove_L3_please,please turn on the stove,0,17,func,base,img512,7,3.524362092326755e-05,0.20208788371448114,14,2,0.20897600894698662,1,▁stove,▁turn
group_stove,group_stove/t000_Lrollout_allmax_stove_L3_please_base.png,stove_L3_please,please turn on the stove,0,rollout,allmax,base,img512,7,7.058798008195473e-05,0.03625301587644969,7,9,0.06302131393239953,0,▁stove,▁turn
group_stove,group_stove/t000_Lrollout_allsum_stove_L3_please_base.png,stove_L3_please,please turn on the stove,0,rollout,allsum,base,img512,7,0.0004925258797508796,0.2534325009339845,7,9,0.4397127401135922,0,▁stove,▁turn
group_stove,group_stove/t000_Lrollout_noun_stove_L3_please_base.png,stove_L3_please,please turn on the stove,0,rollout,noun,base,img512,7,7.031937976020678e-05,0.03622630927082024,7,9,0.06278296160635394,0,▁stove,▁turn
group_stove,group_stove/t000_Lrollout_verb_stove_L3_please_base.png,stove_L3_please,please turn on the stove,0,rollout,verb,base,img512,7,7.030706636849405e-05,0.03616017626552816,7,9,0.06301651092899271,0,▁stove,▁turn
group_stove,group_stove/t000_Lrollout_func_stove_L3_please_base.png,stove_L3_please,please turn on the stove,0,rollout,func,base,img512,7,0.0003518994336221787,0.18104601539763615,7,9,0.31391326757824556,0,▁stove,▁turn
group_bottle_rack,group_bottle_rack/t000_L00_allmax_bottle_rack_orig_base.png,bottle_rack_orig,put the wine bottle on the rack,0,00,allmax,base,img512,9,8.681025363437468e-05,0.46330930165510376,1,14,0.47369631675608714,1,▁wine;▁bottle;▁rack,put
group_bottle_rack,group_bottle_rack/t000_L00_allsum_bottle_rack_orig_base.png,bottle_rack_orig,put the wine bottle on the rack,0,00,allsum,base,img512,9,0.00017337990601622733,1.8708023618579903,13,2,1.9045751245430222,0,▁wine;▁bottle;▁rack,put
group_bottle_rack,group_bottle_rack/t000_L00_noun_bottle_rack_orig_base.png,bottle_rack_orig,put the wine bottle on the rack,0,00,noun,base,img512,9,4.600460409212896e-06,0.9473141330388382,13,2,0.9524449522675723,0,▁wine;▁bottle;▁rack,put
group_bottle_rack,group_bottle_rack/t000_L00_verb_bottle_rack_orig_base.png,bottle_rack_orig,put the wine bottle on the rack,0,00,verb,base,img512,9,6.367360494760655e-08,0.09156729251321283,13,1,0.0936575215744726,1,▁wine;▁bottle;▁rack,put
group_bottle_rack,group_bottle_rack/t000_L00_func_bottle_rack_orig_base.png,bottle_rack_orig,put the wine bottle on the rack,0,00,func,base,img512,9,0.00011919256606656239,0.8319209363059394,13,2,0.8584764528229538,0,▁wine;▁bottle;▁rack,put
group_bottle_rack,group_bottle_rack/t000_L01_allmax_bottle_rack_orig_base.png,bottle_rack_orig,put the wine bottle on the rack,0,01,allmax,base,img512,9,3.9860355049902627e-05,0.06758584570399734,2,1,0.14914254622835557,1,▁wine;▁bottle;▁rack,put
group_bottle_rack,group_bottle_rack/t000_L01_allsum_bottle_rack_orig_base.png,bottle_rack_orig,put the wine bottle on the rack,0,01,allsum,base,img512,9,0.00016584300381276577,0.1689951208305091,2,6,0.48927410093213214,0,▁wine;▁bottle;▁rack,put
group_bottle_rack,group_bottle_rack/t000_L01_noun_bottle_rack_orig_base.png,bottle_rack_orig,put the wine bottle on the rack,0,01,noun,base,img512,9,2.4410212566978547e-05,0.10382821368698551,1,1,0.23344084274557195,1,▁wine;▁bottle;▁rack,put
group_bottle_rack,group_bottle_rack/t000_L01_verb_bottle_rack_orig_base.png,bottle_rack_orig,put the wine bottle on the rack,0,01,verb,base,img512,9,3.7933953674528863e-06,0.01388755286444021,1,6,0.0327016099179857,1,▁wine;▁bottle;▁rack,put
group_bottle_rack,group_bottle_rack/t000_L01_func_bottle_rack_orig_base.png,bottle_rack_orig,put the wine bottle on the rack,0,01,func,base,img512,9,0.00011899682444277128,0.1186592845050811,2,6,0.33956725779509833,0,▁wine;▁bottle;▁rack,put
group_bottle_rack,group_bottle_rack/t000_L02_allmax_bottle_rack_orig_base.png,bottle_rack_orig,put the wine bottle on the rack,0,02,allmax,base,img512,9,5.289966261358324e-05,0.042587433691293905,13,1,0.0760590426045781,1,▁wine;▁bottle;▁rack,put
group_bottle_rack,group_bottle_rack/t000_L02_allsum_bottle_rack_orig_base.png,bottle_rack_orig,put the wine bottle on the rack,0,02,allsum,base,img512,9,0.0002620107484148434,0.19431870062120382,13,1,0.3484155511607687,1,▁wine;▁bottle;▁rack,put
group_bottle_rack,group_bottle_rack/t000_L02_noun_bottle_rack_orig_base.png,bottle_rack_orig,put the wine bottle on the rack,0,02,noun,base,img512,9,3.762089652116035e-05,0.058456863561821865,13,2,0.10573802205524838,0,▁wine;▁bottle;▁rack,put
group_bottle_rack,group_bottle_rack/t000_L02_verb_bottle_rack_orig_base.png,bottle_rack_orig,put the wine bottle on the rack,0,02,verb,base,img512,9,5.583294029718281e-06,0.006648624935737666,7,9,0.016757628291356366,0,▁wine;▁bottle;▁rack,put
group_bottle_rack,group_bottle_rack/t000_L02_func_bottle_rack_orig_base.png,bottle_rack_orig,put the wine bottle on the rack,0,02,func,base,img512,9,0.00015549635705945113,0.12921321212364428,13,1,0.22990165985756333,1,▁wine;▁bottle;▁rack,put
group_bottle_rack,group_bottle_rack/t000_L03_allmax_bottle_rack_orig_base.png,bottle_rack_orig,put the wine bottle on the rack,0,03,allmax,base,img512,9,1.010063375096337e-05,0.17371881339151626,7,9,0.4269840591581471,0,▁wine;▁bottle;▁rack,put
group_bottle_rack,group_bottle_rack/t000_L03_allsum_bottle_rack_orig_base.png,bottle_rack_orig,put the wine bottle on the rack,0,03,allsum,base,img512,9,3.558745858523197e-05,0.3814727844340115,7,9,1.0641261998774023,0,▁wine;▁bottle;▁rack,put
group_bottle_rack,group_bottle_rack/t000_L03_noun_bottle_rack_orig_base.png,bottle_rack_orig,put the wine bottle on the rack,0,03,noun,base,img512,9,2.600876792732228e-06,0.3001294611188184,7,9,0.7928745552703567,0,▁wine;▁bottle;▁rack,put
group_bottle_rack,group_bottle_rack/t000_L03_verb_bottle_rack_orig_base.png,bottle_rack_orig,put the wine bottle on the rack,0,03,verb,base,img512,9,2.8101037978636874e-06,0.019313354968255772,7,9,0.05704163599258199,0,▁wine;▁bottle;▁rack,put
group_bottle_rack,group_bottle_rack/t000_L03_func_bottle_rack_orig_base.png,bottle_rack_orig,put the wine bottle on the rack,0,03,func,base,img512,9,2.9693936558525295e-05,0.09021189621633119,11,6,0.24941769589545737,0,▁wine;▁bottle;▁rack,put
group_bottle_rack,group_bottle_rack/t000_L04_allmax_bottle_rack_orig_base.png,bottle_rack_orig,put the wine bottle on the rack,0,04,allmax,base,img512,9,3.20831080349405e-05,0.12743601930079812,7,8,0.37349529466014975,0,▁wine;▁bottle;▁rack,put
group_bottle_rack,group_bottle_rack/t000_L04_allsum_bottle_rack_orig_base.png,bottle_rack_orig,put the wine bottle on the rack,0,04,allsum,base,img512,9,0.00013772751174665704,0.3225604685735212,7,8,0.9691804342891216,0,▁wine;▁bottle;▁rack,put
group_bottle_rack,group_bottle_rack/t000_L04_noun_bottle_rack_orig_base.png,bottle_rack_orig,put the wine bottle on the rack,0,04,noun,base,img512,9,1.389640332148984e-05,0.17746158018420885,7,8,0.5655697704045388,0,▁wine;▁bottle;▁rack,put
group_bottle_rack,group_bottle_rack/t000_L04_verb_bottle_rack_orig_base.png,bottle_rack_orig,put the wine bottle on the rack,0,04,verb,base,img512,9,1.7651569799363475e-05,0.028673514719722553,7,9,0.08164708084991484,0,▁wine;▁bottle;▁rack,put
group_bottle_rack,group_bottle_rack/t000_L04_func_bottle_rack_orig_base.png,bottle_rack_orig,put the wine bottle on the rack,0,04,func,base,img512,9,0.00010077911326689199,0.11642537366958985,7,8,0.32532599458541434,0,▁wine;▁bottle;▁rack,put
group_bottle_rack,group_bottle_rack/t000_L05_allmax_bottle_rack_orig_base.png,bottle_rack_orig,put the wine bottle on the rack,0,05,allmax,base,img512,9,1.0526651429119046e-05,0.45273059697619733,7,9,0.850458120783104,0,▁wine;▁bottle;▁rack,put
group_bottle_rack,group_bottle_rack/t000_L05_allsum_bottle_rack_orig_base.png,bottle_rack_orig,put the wine bottle on the rack,0,05,allsum,base,img512,9,3.7471663568414796e-05,1.6617948891314935,7,9,3.5498897452961455,0,▁wine;▁bottle;▁rack,put
group_bottle_rack,group_bottle_rack/t000_L05_noun_bottle_rack_orig_base.png,bottle_rack_orig,put the wine bottle on the rack,0,05,noun,base,img512,9,5.966716223659867e-06,0.9015762276411408,7,9,1.679212063501949,0,▁wine;▁bottle;▁rack,put
group_bottle_rack,group_bottle_rack/t000_L05_verb_bottle_rack_orig_base.png,bottle_rack_orig,put the wine bottle on the rack,0,05,verb,base,img512,9,1.061543734558138e-06,0.15102245440704629,7,9,0.36878132723935136,0,▁wine;▁bottle;▁rack,put
group_bottle_rack,group_bottle_rack/t000_L05_func_bottle_rack_orig_base.png,bottle_rack_orig,put the wine bottle on the rack,0,05,func,base,img512,9,2.1708376350753434e-05,0.6091962070833065,7,9,1.5018963545548452,0,▁wine;▁bottle;▁rack,put
group_bottle_rack,group_bottle_rack/t000_L06_allmax_bottle_rack_orig_base.png,bottle_rack_orig,put the wine bottle on the rack,0,06,allmax,base,img512,9,5.880317031993887e-07,0.08567803511329142,7,8,0.1763950543024132,0,▁wine;▁bottle;▁rack,put
group_bottle_rack,group_bottle_rack/t000_L06_allsum_bottle_rack_orig_base.png,bottle_rack_orig,put the wine bottle on the rack,0,06,allsum,base,img512,9,2.6433880534690506e-06,0.3828506418167036,7,8,0.80892005661194,0,▁wine;▁bottle;▁rack,put
group_bottle_rack,group_bottle_rack/t000_L06_noun_bottle_rack_orig_base.png,bottle_rack_orig,put the wine bottle on the rack,0,06,noun,base,img512,9,4.1953446586594756e-07,0.12899386870467647,7,8,0.2944966191626454,0,▁wine;▁bottle;▁rack,put
group_bottle_rack,group_bottle_rack/t000_L06_verb_bottle_rack_orig_base.png,bottle_rack_orig,put the wine bottle on the rack,0,06,verb,base,img512,9,2.0032709443125601e-07,0.04237184686992578,7,9,0.06936448172098869,0,▁wine;▁bottle;▁rack,put
group_bottle_rack,group_bottle_rack/t000_L06_func_bottle_rack_orig_base.png,bottle_rack_orig,put the wine bottle on the rack,0,06,func,base,img512,9,1.5466844472484781e-06,0.22497067974914994,7,8,0.44595090785685715,0,▁wine;▁bottle;▁rack,put
group_bottle_rack,group_bottle_rack/t000_L07_allmax_bottle_rack_orig_base.png,bottle_rack_orig,put the wine bottle on the rack,0,07,allmax,base,img512,9,2.7455369172367823e-05,0.08946118457657837,7,8,0.3477107690968032,0,▁wine;▁bottle;▁rack,put
group_bottle_rack,group_bottle_rack/t000_L07_allsum_bottle_rack_orig_base.png,bottle_rack_orig,put the wine bottle on the rack,0,07,allsum,base,img512,9,9.028816666305034e-05,0.3935684981747233,7,8,1.095320415268888,0,▁wine;▁bottle;▁rack,put
group_bottle_rack,group_bottle_rack/t000_L07_noun_bottle_rack_orig_base.png,bottle_rack_orig,put the wine bottle on the rack,0,07,noun,base,img512,9,8.292069055501566e-06,0.20806278452123333,7,8,0.660807279010279,0,▁wine;▁bottle;▁rack,put
group_bottle_rack,group_bottle_rack/t000_L07_verb_bottle_rack_orig_base.png,bottle_rack_orig,put the wine bottle on the rack,0,07,verb,base,img512,9,2.6437667196328146e-06,0.04721842016045094,7,8,0.11186686881342774,0,▁wine;▁bottle;▁rack,put
group_bottle_rack,group_bottle_rack/t000_L07_func_bottle_rack_orig_base.png,bottle_rack_orig,put the wine bottle on the rack,0,07,func,base,img512,9,5.726536319560708e-05,0.138287293493039,7,8,0.3226462674451814,0,▁wine;▁bottle;▁rack,put
group_bottle_rack,group_bottle_rack/t000_L08_allmax_bottle_rack_orig_base.png,bottle_rack_orig,put the wine bottle on the rack,0,08,allmax,base,img512,9,6.45217846207722e-05,0.3270077016531793,7,8,0.8408928372416256,0,▁wine;▁bottle;▁rack,put
group_bottle_rack,group_bottle_rack/t000_L08_allsum_bottle_rack_orig_base.png,bottle_rack_orig,put the wine bottle on the rack,0,08,allsum,base,img512,9,0.00012070704047411375,1.5592098982322904,7,8,3.253556955511586,0,▁wine;▁bottle;▁rack,put
group_bottle_rack,group_bottle_rack/t000_L08_noun_bottle_rack_orig_base.png,bottle_rack_orig,put the wine bottle on the rack,0,08,noun,base,img512,9,3.9584566797719697e-07,0.6826142019590709,7,8,1.3723436353059704,0,▁wine;▁bottle;▁rack,put
group_bottle_rack,group_bottle_rack/t000_L08_verb_bottle_rack_orig_base.png,bottle_rack_orig,put the wine bottle on the rack,0,08,verb,base,img512,9,9.811326929169318e-07,0.1937203775192581,7,9,0.3573393706838745,0,▁wine;▁bottle;▁rack,put
group_bottle_rack,group_bottle_rack/t000_L08_func_bottle_rack_orig_base.png,bottle_rack_orig,put the wine bottle on the rack,0,08,func,base,img512,9,0.00011699960652572718,0.6828753187539612,7,8,1.525883163592706,0,▁wine;▁bottle;▁rack,put
group_bottle_rack,group_bottle_rack/t000_L09_allmax_bottle_rack_orig_base.png,bottle_rack_orig,put the wine bottle on the rack,0,09,allmax,base,img512,9,4.818952750008636e-06,0.10653772538433771,7,8,0.2432041314550713,0,▁wine;▁bottle;▁rack,put
group_bottle_rack,group_bottle_rack/t000_L09_allsum_bottle_rack_orig_base.png,bottle_rack_orig,put the wine bottle on the rack,0,09,allsum,base,img512,9,1.7408612388735262e-05,0.3903617122769798,7,8,0.9292340661617723,0,▁wine;▁bottle;▁rack,put
group_bottle_rack,group_bottle_rack/t000_L09_noun_bottle_rack_orig_base.png,bottle_rack_orig,put the wine bottle on the rack,0,09,noun,base,img512,9,7.05745005825064e-07,0.15071316042115546,7,8,0.3023629413219786,0,▁wine;▁bottle;▁rack,put
group_bottle_rack,group_bottle_rack/t000_L09_verb_bottle_rack_orig_base.png,bottle_rack_orig,put the wine bottle on the rack,0,09,verb,base,img512,9,2.8474177820803647e-07,0.024476050966992246,7,9,0.05604168828241162,0,▁wine;▁bottle;▁rack,put
group_bottle_rack,group_bottle_rack/t000_L09_func_bottle_rack_orig_base.png,bottle_rack_orig,put the wine bottle on the rack,0,09,func,base,img512,9,1.3649753897511016e-05,0.21517250088883214,7,9,0.5739700559683591,0,▁wine;▁bottle;▁rack,put
group_bottle_rack,group_bottle_rack/t000_L10_allmax_bottle_rack_orig_base.png,bottle_rack_orig,put the wine bottle on the rack,0,10,allmax,base,img512,9,8.448898830615343e-07,0.039747859494633456,6,8,0.10880929652239685,0,▁wine;▁bottle;▁rack,put
group_bottle_rack,group_bottle_rack/t000_L10_allsum_bottle_rack_orig_base.png,bottle_rack_orig,put the wine bottle on the rack,0,10,allsum,base,img512,9,1.7828742469822707e-06,0.09169785343318419,6,8,0.24138114111954706,0,▁wine;▁bottle;▁rack,put
group_bottle_rack,group_bottle_rack/t000_L10_noun_bottle_rack_orig_base.png,bottle_rack_orig,put the wine bottle on the rack,0,10,noun,base,img512,9,3.513042700193705e-08,0.04707186060529185,5,8,0.11098748012975307,0,▁wine;▁bottle;▁rack,put
group_bottle_rack,group_bottle_rack/t000_L10_verb_bottle_rack_orig_base.png,bottle_rack_orig,put the wine bottle on the rack,0,10,verb,base,img512,9,1.3334820060484317e-07,0.008253112145586754,7,8,0.014743864174583628,0,▁wine;▁bottle;▁rack,put
group_bottle_rack,group_bottle_rack/t000_L10_func_bottle_rack_orig_base.png,bottle_rack_orig,put the wine bottle on the rack,0,10,func,base,img512,9,1.4643549667193908e-06,0.05176339765032129,7,8,0.13761933966204626,0,▁wine;▁bottle;▁rack,put
group_bottle_rack,group_bottle_rack/t000_L11_allmax_bottle_rack_orig_base.png,bottle_rack_orig,put the wine bottle on the rack,0,11,allmax,base,img512,9,1.701289880881597e-07,0.12458257024568802,7,9,0.3916116570412966,0,▁wine;▁bottle;▁rack,put
group_bottle_rack,group_bottle_rack/t000_L11_allsum_bottle_rack_orig_base.png,bottle_rack_orig,put the wine bottle on the rack,0,11,allsum,base,img512,9,4.49493110970581e-07,0.24352474902587787,7,9,0.7461355377349395,0,▁wine;▁bottle;▁rack,put
group_bottle_rack,group_bottle_rack/t000_L11_noun_bottle_rack_orig_base.png,bottle_rack_orig,put the wine bottle on the rack,0,11,noun,base,img512,9,7.409900351129289e-08,0.12567714033826846,7,9,0.45741290066988705,0,▁wine;▁bottle;▁rack,put
group_bottle_rack,group_bottle_rack/t000_L11_verb_bottle_rack_orig_base.png,bottle_rack_orig,put the wine bottle on the rack,0,11,verb,base,img512,9,3.8678619208204443e-08,0.05281644933525932,6,8,0.09828725633554451,0,▁wine;▁bottle;▁rack,put
group_bottle_rack,group_bottle_rack/t000_L11_func_bottle_rack_orig_base.png,bottle_rack_orig,put the wine bottle on the rack,0,11,func,base,img512,9,2.0526511937112843e-07,0.11538801009685079,3,8,0.21806617759818933,0,▁wine;▁bottle;▁rack,put
group_bottle_rack,group_bottle_rack/t000_L12_allmax_bottle_rack_orig_base.png,bottle_rack_orig,put the wine bottle on the rack,0,12,allmax,base,img512,9,8.800814849295773e-09,0.26067819578986634,5,8,0.34186652978367177,0,▁wine;▁bottle;▁rack,put
group_bottle_rack,group_bottle_rack/t000_L12_allsum_bottle_rack_orig_base.png,bottle_rack_orig,put the wine bottle on the rack,0,12,allsum,base,img512,9,2.111722521648112e-08,0.38734702795277803,5,8,0.6429540947620767,0,▁wine;▁bottle;▁rack,put
group_bottle_rack,group_bottle_rack/t000_L12_noun_bottle_rack_orig_base.png,bottle_rack_orig,put the wine bottle on the rack,0,12,noun,base,img512,9,6.039398712437861e-10,0.08123877953222827,6,8,0.16724063056645216,0,▁wine;▁bottle;▁rack,put
group_bottle_rack,group_bottle_rack/t000_L12_verb_bottle_rack_orig_base.png,bottle_rack_orig,put the wine bottle on the rack,0,12,verb,base,img512,9,1.6256495435464381e-09,0.016954688667694118,6,8,0.03470061679165947,0,▁wine;▁bottle;▁rack,put
group_bottle_rack,group_bottle_rack/t000_L12_func_bottle_rack_orig_base.png,bottle_rack_orig,put the wine bottle on the rack,0,12,func,base,img512,9,1.6049745484371516e-08,0.36377825736024666,5,8,0.4960301704119373,0,▁wine;▁bottle;▁rack,put
group_bottle_rack,group_bottle_rack/t000_L13_allmax_bottle_rack_orig_base.png,bottle_rack_orig,put the wine bottle on the rack,0,13,allmax,base,img512,9,4.5171148543301367e-07,0.15713012867435985,1,1,0.33773392917663814,1,▁wine;▁bottle;▁rack,put
group_bottle_rack,group_bottle_rack/t000_L13_allsum_bottle_rack_orig_base.png,bottle_rack_orig,put the wine bottle on the rack,0,13,allsum,base,img512,9,1.5612250452572957e-06,0.49486724783304176,1,1,0.959909739232784,1,▁wine;▁bottle;▁rack,put
group_bottle_rack,group_bottle_rack/t000_L13_noun_bottle_rack_orig_base.png,bottle_rack_orig,put the wine bottle on the rack,0,13,noun,base,img512,9,2.2669846704837565e-07,0.2433512069096398,1,1,0.5061069691369857,1,▁wine;▁bottle;▁rack,put
group_bottle_rack,group_bottle_rack/t000_L13_verb_bottle_rack_orig_base.png,bottle_rack_orig,put the wine bottle on the rack,0,13,verb,base,img512,9,2.0469733047115475e-07,0.009478771384966089,13,1,0.018480305903098015,1,▁wine;▁bottle;▁rack,put
group_bottle_rack,group_bottle_rack/t000_L13_func_bottle_rack_orig_base.png,bottle_rack_orig,put the wine bottle on the rack,0,13,func,base,img512,9,3.297373240115445e-07,0.24713240746240417,1,1,0.4417300904358471,1,▁wine;▁bottle;▁rack,put
group_bottle_rack,group_bottle_rack/t000_L14_allmax_bottle_rack_orig_base.png,bottle_rack_orig,put the wine bottle on the rack,0,14,allmax,base,img512,9,9.773482936575833e-08,0.14904562235375612,1,2,0.17324591114163923,1,▁wine;▁bottle;▁rack,put
group_bottle_rack,group_bottle_rack/t000_L14_allsum_bottle_rack_orig_base.png,bottle_rack_orig,put the wine bottle on the rack,0,14,allsum,base,img512,9,1.6253894513611503e-07,0.3607515227101284,13,1,0.6553776291365084,1,▁wine;▁bottle;▁rack,put
group_bottle_rack,group_bottle_rack/t000_L14_noun_bottle_rack_orig_base.png,bottle_rack_orig,put the wine bottle on the rack,0,14,noun,base,img512,9,1.6517058695332563e-08,0.1369017866800705,13,1,0.2506643006667869,1,▁wine;▁bottle;▁rack,put
group_bottle_rack,group_bottle_rack/t000_L14_verb_bottle_rack_orig_base.png,bottle_rack_orig,put the wine bottle on the rack,0,14,verb,base,img512,9,1.1593421268708971e-10,0.04709892939966027,13,1,0.07792785728671206,1,▁wine;▁bottle;▁rack,put
group_bottle_rack,group_bottle_rack/t000_L14_func_bottle_rack_orig_base.png,bottle_rack_orig,put the wine bottle on the rack,0,14,func,base,img512,9,1.3701404924894927e-08,0.24043061899292034,13,2,0.3268027103804351,0,▁wine;▁bottle;▁rack,put
group_bottle_rack,group_bottle_rack/t000_L15_allmax_bottle_rack_orig_base.png,bottle_rack_orig,put the wine bottle on the rack,0,15,allmax,base,img512,9,5.630902206979942e-09,0.035472771556771886,7,9,0.0527225104336336,0,▁wine;▁bottle;▁rack,put
group_bottle_rack,group_bottle_rack/t000_L15_allsum_bottle_rack_orig_base.png,bottle_rack_orig,put the wine bottle on the rack,0,15,allsum,base,img512,9,1.8787477451745158e-08,0.14815477004297983,7,8,0.21089581236633212,0,▁wine;▁bottle;▁rack,put
group_bottle_rack,group_bottle_rack/t000_L15_noun_bottle_rack_orig_base.png,bottle_rack_orig,put the wine bottle on the rack,0,15,noun,base,img512,9,2.4162768179737782e-09,0.07255301789619606,7,8,0.10370119392868316,0,▁wine;▁bottle;▁rack,put
group_bottle_rack,group_bottle_rack/t000_L15_verb_bottle_rack_orig_base.png,bottle_rack_orig,put the wine bottle on the rack,0,15,verb,base,img512,9,9.628133860843684e-12,0.020491736299671215,13,1,0.026103781591790852,1,▁wine;▁bottle;▁rack,put
group_bottle_rack,group_bottle_rack/t000_L15_func_bottle_rack_orig_base.png,bottle_rack_orig,put the wine bottle on the rack,0,15,func,base,img512,9,1.1607862164296871e-08,0.06774434507765253,1,1,0.1336778079370465,1,▁wine;▁bottle;▁rack,put
group_bottle_rack,group_bottle_rack/t000_L16_allmax_bottle_rack_orig_base.png,bottle_rack_orig,put the wine bottle on the rack,0,16,allmax,base,img512,9,1.6488122440516045e-07,0.0505349376275672,14,2,0.0875674580457039,1,▁wine;▁bottle;▁rack,put
group_bottle_rack,group_bottle_rack/t000_L16_allsum_bottle_rack_orig_base.png,bottle_rack_orig,put the wine bottle on the rack,0,16,allsum,base,img512,9,4.40238133364731e-07,0.1547397201349494,14,2,0.2749447280938333,1,▁wine;▁bottle;▁rack,put
group_bottle_rack,group_bottle_rack/t000_L16_noun_bottle_rack_orig_base.png,bottle_rack_orig,put the wine bottle on the rack,0,16,noun,base,img512,9,4.947169767294779e-08,0.05934497595870529,2,1,0.07584461020397618,1,▁wine;▁bottle;▁rack,put
group_bottle_rack,group_bottle_rack/t000_L16_verb_bottle_rack_orig_base.png,bottle_rack_orig,put the wine bottle on the rack,0,16,verb,base,img512,9,7.310467857821361e-08,0.02327628004419088,14,2,0.030089620084192074,1,▁wine;▁bottle;▁rack,put
group_bottle_rack,group_bottle_rack/t000_L16_func_bottle_rack_orig_base.png,bottle_rack_orig,put the wine bottle on the rack,0,16,func,base,img512,9,1.1992610566617913e-07,0.1025038265065676,13,2,0.181390432086721,0,▁wine;▁bottle;▁rack,put
group_bottle_rack,group_bottle_rack/t000_L17_allmax_bottle_rack_orig_base.png,bottle_rack_orig,put the wine bottle on the rack,0,17,allmax,base,img512,9,1.2097508805281776e-05,0.08587894664042284,14,2,0.1334194655803102,1,▁wine;▁bottle;▁rack,put
group_bottle_rack,group_bottle_rack/t000_L17_allsum_bottle_rack_orig_base.png,bottle_rack_orig,put the wine bottle on the rack,0,17,allsum,base,img512,9,1.2097508818995551e-05,0.42973020838017845,14,2,0.5932932615475918,1,▁wine;▁bottle;▁rack,put
group_bottle_rack,group_bottle_rack/t000_L17_noun_bottle_rack_orig_base.png,bottle_rack_orig,put the wine bottle on the rack,0,17,noun,base,img512,9,1.6770910969668284e-16,0.14713004626687065,14,2,0.18531311004650797,1,▁wine;▁bottle;▁rack,put
group_bottle_rack,group_bottle_rack/t000_L17_verb_bottle_rack_orig_base.png,bottle_rack_orig,put the wine bottle on the rack,0,17,verb,base,img512,9,5.042316592103666e-21,0.02928874304573401,14,2,0.039583836831478605,1,▁wine;▁bottle;▁rack,put
group_bottle_rack,group_bottle_rack/t000_L17_func_bottle_rack_orig_base.png,bottle_rack_orig,put the wine bottle on the rack,0,17,func,base,img512,9,1.2097508808879425e-05,0.2533114190675738,14,2,0.36839631466960526,1,▁wine;▁bottle;▁rack,put
group_bottle_rack,group_bottle_rack/t000_Lrollout_allmax_bottle_rack_orig_base.png,bottle_rack_orig,put the wine bottle on the rack,0,rollout,allmax,base,img512,9,7.11935575347835e-05,0.030507804976358275,7,9,0.06190629111705286,0,▁wine;▁bottle;▁rack,put
group_bottle_rack,group_bottle_rack/t000_Lrollout_allsum_bottle_rack_orig_base.png,bottle_rack_orig,put the wine bottle on the rack,0,rollout,allsum,base,img512,9,0.0006369418782408167,0.2737443401440326,7,9,0.5518489837277707,0,▁wine;▁bottle;▁rack,put
group_bottle_rack,group_bottle_rack/t000_Lrollout_noun_bottle_rack_orig_base.png,bottle_rack_orig,put the wine bottle on the rack,0,rollout,noun,base,img512,9,0.000212337465656212,0.09140110879646798,7,9,0.18331511162049577,0,▁wine;▁bottle;▁rack,put
group_bottle_rack,group_bottle_rack/t000_Lrollout_verb_bottle_rack_orig_base.png,bottle_rack_orig,put the wine bottle on the rack,0,rollout,verb,base,img512,9,7.068221550009853e-05,0.03037966888848747,7,9,0.061507086060266815,0,▁wine;▁bottle;▁rack,put
group_bottle_rack,group_bottle_rack/t000_Lrollout_func_bottle_rack_orig_base.png,bottle_rack_orig,put the wine bottle on the rack,0,rollout,func,base,img512,9,0.0003539221970845062,0.15196356245907713,7,9,0.30702678604700817,0,▁wine;▁bottle;▁rack,put
group_bottle_rack,group_bottle_rack/t000_L00_allmax_bottle_rack_L1_place_base.png,bottle_rack_L1_place,place the wine bottle on the rack,0,00,allmax,base,img512,9,8.681025363437468e-05,0.46330929763289874,1,14,0.47369631273388213,1,▁wine;▁bottle;▁rack,place
group_bottle_rack,group_bottle_rack/t000_L00_allsum_bottle_rack_L1_place_base.png,bottle_rack_L1_place,place the wine bottle on the rack,0,00,allsum,base,img512,9,0.00019432687650450584,1.9489660330642278,13,2,1.9826377575884708,0,▁wine;▁bottle;▁rack,place
group_bottle_rack,group_bottle_rack/t000_L00_noun_bottle_rack_L1_place_base.png,bottle_rack_L1_place,place the wine bottle on the rack,0,00,noun,base,img512,9,4.600278728845077e-06,0.9472853133924022,13,2,0.9524161038666824,0,▁wine;▁bottle;▁rack,place
group_bottle_rack,group_bottle_rack/t000_L00_verb_bottle_rack_L1_place_base.png,bottle_rack_L1_place,place the wine bottle on the rack,0,00,verb,base,img512,9,2.332566956145563e-06,0.16973211291204715,13,1,0.1717307183553827,1,▁wine;▁bottle;▁rack,place
group_bottle_rack,group_bottle_rack/t000_L00_func_bottle_rack_L1_place_base.png,bottle_rack_L1_place,place the wine bottle on the rack,0,00,func,base,img512,9,0.0001191913772507994,0.8319486067597784,13,2,0.858502148964336,0,▁wine;▁bottle;▁rack,place
group_bottle_rack,group_bottle_rack/t000_L01_allmax_bottle_rack_L1_place_base.png,bottle_rack_L1_place,place the wine bottle on the rack,0,01,allmax,base,img512,9,3.8850196137896054e-05,0.06763463167739502,2,1,0.14893175300362366,1,▁wine;▁bottle;▁rack,place
group_bottle_rack,group_bottle_rack/t000_L01_allsum_bottle_rack_L1_place_base.png,bottle_rack_L1_place,place the wine bottle on the rack,0,01,allsum,base,img512,9,0.00016839011795210168,0.16981841157977456,2,6,0.49419951854698413,0,▁wine;▁bottle;▁rack,place
group_bottle_rack,group_bottle_rack/t000_L01_noun_bottle_rack_L1_place_base.png,bottle_rack_L1_place,place the wine bottle on the rack,0,01,noun,base,img512,9,2.520886564224125e-05,0.10360429330052637,1,1,0.23299844443735615,1,▁wine;▁bottle;▁rack,place
group_bottle_rack,group_bottle_rack/t000_L01_verb_bottle_rack_L1_place_base.png,bottle_rack_L1_place,place the wine bottle on the rack,0,01,verb,base,img512,9,3.0787237515788896e-06,0.015782877208112056,1,6,0.036428789920821915,1,▁wine;▁bottle;▁rack,place
group_bottle_rack,group_bottle_rack/t000_L01_func_bottle_rack_L1_place_base.png,bottle_rack_L1_place,place the wine bottle on the rack,0,01,func,base,img512,9,0.00012095959725936395,0.11919636334707162,2,6,0.34130774299157574,0,▁wine;▁bottle;▁rack,place
group_bottle_rack,group_bottle_rack/t000_L02_allmax_bottle_rack_L1_place_base.png,bottle_rack_L1_place,place the wine bottle on the rack,0,02,allmax,base,img512,9,5.204238793223728e-05,0.04285219660788411,13,1,0.07632759809107963,1,▁wine;▁bottle;▁rack,place
group_bottle_rack,group_bottle_rack/t000_L02_allsum_bottle_rack_L1_place_base.png,bottle_rack_L1_place,place the wine bottle on the rack,0,02,allsum,base,img512,9,0.0002640083918440875,0.1942917222364945,13,1,0.34816307753761644,1,▁wine;▁bottle;▁rack,place
group_bottle_rack,group_bottle_rack/t000_L02_noun_bottle_rack_L1_place_base.png,bottle_rack_L1_place,place the wine bottle on the rack,0,02,noun,base,img512,9,3.837964244737897e-05,0.058373853723533556,13,2,0.10551308990353594,0,▁wine;▁bottle;▁rack,place
group_bottle_rack,group_bottle_rack/t000_L02_verb_bottle_rack_L1_place_base.png,bottle_rack_L1_place,place the wine bottle on the rack,0,02,verb,base,img512,9,6.18973439895924e-06,0.005894649479941122,7,8,0.014885373218532246,0,▁wine;▁bottle;▁rack,place
group_bottle_rack,group_bottle_rack/t000_L02_func_bottle_rack_L1_place_base.png,bottle_rack_L1_place,place the wine bottle on the rack,0,02,func,base,img512,9,0.0001621669385910368,0.1300232190330198,13,1,0.23126492227447404,1,▁wine;▁bottle;▁rack,place
group_bottle_rack,group_bottle_rack/t000_L03_allmax_bottle_rack_L1_place_base.png,bottle_rack_L1_place,place the wine bottle on the rack,0,03,allmax,base,img512,9,1.0374478633252403e-05,0.1724767275203782,7,9,0.43039582337987364,0,▁wine;▁bottle;▁rack,place
group_bottle_rack,group_bottle_rack/t000_L03_allsum_bottle_rack_L1_place_base.png,bottle_rack_L1_place,place the wine bottle on the rack,0,03,allsum,base,img512,9,3.648899908824717e-05,0.3667515530036929,7,9,1.0241297800885893,0,▁wine;▁bottle;▁rack,place
group_bottle_rack,group_bottle_rack/t000_L03_noun_bottle_rack_L1_place_base.png,bottle_rack_L1_place,place the wine bottle on the rack,0,03,noun,base,img512,9,2.701619358081845e-06,0.29848760029349025,7,9,0.7944989065292863,0,▁wine;▁bottle;▁rack,place
group_bottle_rack,group_bottle_rack/t000_L03_verb_bottle_rack_L1_place_base.png,bottle_rack_L1_place,place the wine bottle on the rack,0,03,verb,base,img512,9,4.646200011827104e-06,0.022127616502657006,12,8,0.05329101598359443,0,▁wine;▁bottle;▁rack,place
group_bottle_rack,group_bottle_rack/t000_L03_func_bottle_rack_L1_place_base.png,bottle_rack_L1_place,place the wine bottle on the rack,0,03,func,base,img512,9,2.8489673873242744e-05,0.09161497793794122,11,6,0.22241642854874036,0,▁wine;▁bottle;▁rack,place
group_bottle_rack,group_bottle_rack/t000_L04_allmax_bottle_rack_L1_place_base.png,bottle_rack_L1_place,place the wine bottle on the rack,0,04,allmax,base,img512,9,3.479237156358729e-05,0.12251273045881092,7,8,0.3853634294228474,0,▁wine;▁bottle;▁rack,place
group_bottle_rack,group_bottle_rack/t000_L04_allsum_bottle_rack_L1_place_base.png,bottle_rack_L1_place,place the wine bottle on the rack,0,04,allsum,base,img512,9,0.00014411718955934088,0.3507633738935923,7,8,1.039402132595145,0,▁wine;▁bottle;▁rack,place
group_bottle_rack,group_bottle_rack/t000_L04_noun_bottle_rack_L1_place_base.png,bottle_rack_L1_place,place the wine bottle on the rack,0,04,noun,base,img512,9,1.3827694753724879e-05,0.18494285846655348,7,8,0.5944719656047467,0,▁wine;▁bottle;▁rack,place
group_bottle_rack,group_bottle_rack/t000_L04_verb_bottle_rack_L1_place_base.png,bottle_rack_L1_place,place the wine bottle on the rack,0,04,verb,base,img512,9,1.875296941116593e-05,0.03601648386521781,7,8,0.09506674338825624,0,▁wine;▁bottle;▁rack,place
group_bottle_rack,group_bottle_rack/t000_L04_func_bottle_rack_L1_place_base.png,bottle_rack_L1_place,place the wine bottle on the rack,0,04,func,base,img512,9,0.00010281011754673224,0.12980403156182094,7,8,0.34986342360214207,0,▁wine;▁bottle;▁rack,place
group_bottle_rack,group_bottle_rack/t000_L05_allmax_bottle_rack_L1_place_base.png,bottle_rack_L1_place,place the wine bottle on the rack,0,05,allmax,base,img512,9,1.0890780725609678e-05,0.44413638565237623,7,9,0.8421318412141986,0,▁wine;▁bottle;▁rack,place
group_bottle_rack,group_bottle_rack/t000_L05_allsum_bottle_rack_L1_place_base.png,bottle_rack_L1_place,place the wine bottle on the rack,0,05,allsum,base,img512,9,3.8194061565186875e-05,1.6145220996872478,7,9,3.524542783811147,0,▁wine;▁bottle;▁rack,place
group_bottle_rack,group_bottle_rack/t000_L05_noun_bottle_rack_L1_place_base.png,bottle_rack_L1_place,place the wine bottle on the rack,0,05,noun,base,img512,9,5.952444407662538e-06,0.8787924800982301,7,9,1.6766994422024857,0,▁wine;▁bottle;▁rack,place
group_bottle_rack,group_bottle_rack/t000_L05_verb_bottle_rack_L1_place_base.png,bottle_rack_L1_place,place the wine bottle on the rack,0,05,verb,base,img512,9,1.5571819955630555e-06,0.14565620720286152,7,9,0.33610549612634705,0,▁wine;▁bottle;▁rack,place
group_bottle_rack,group_bottle_rack/t000_L05_func_bottle_rack_L1_place_base.png,bottle_rack_L1_place,place the wine bottle on the rack,0,05,func,base,img512,9,2.1788257337195236e-05,0.6027963487220954,7,9,1.5117378454823138,0,▁wine;▁bottle;▁rack,place
group_bottle_rack,group_bottle_rack/t000_L06_allmax_bottle_rack_L1_place_base.png,bottle_rack_L1_place,place the wine bottle on the rack,0,06,allmax,base,img512,9,5.295121660458495e-07,0.0556429465032242,7,8,0.13874899191904697,0,▁wine;▁bottle;▁rack,place
group_bottle_rack,group_bottle_rack/t000_L06_allsum_bottle_rack_L1_place_base.png,bottle_rack_L1_place,place the wine bottle on the rack,0,06,allsum,base,img512,9,3.0146689098013837e-06,0.3409478653613277,7,8,0.7608606409075329,0,▁wine;▁bottle;▁rack,place
group_bottle_rack,group_bottle_rack/t000_L06_noun_bottle_rack_L1_place_base.png,bottle_rack_L1_place,place the wine bottle on the rack,0,06,noun,base,img512,9,4.324539673260801e-07,0.12542052363365505,7,8,0.29876404117391386,0,▁wine;▁bottle;▁rack,place
group_bottle_rack,group_bottle_rack/t000_L06_verb_bottle_rack_L1_place_base.png,bottle_rack_L1_place,place the wine bottle on the rack,0,06,verb,base,img512,9,1.1451934903141329e-07,0.042325562780837316,7,9,0.09020364623917584,0,▁wine;▁bottle;▁rack,place
group_bottle_rack,group_bottle_rack/t000_L06_func_bottle_rack_L1_place_base.png,bottle_rack_L1_place,place the wine bottle on the rack,0,06,func,base,img512,9,1.7841990208070022e-06,0.1751965896709446,7,8,0.3736297150132336,0,▁wine;▁bottle;▁rack,place
group_bottle_rack,group_bottle_rack/t000_L07_allmax_bottle_rack_L1_place_base.png,bottle_rack_L1_place,place the wine bottle on the rack,0,07,allmax,base,img512,9,2.5966927107354674e-05,0.09282900820242013,7,8,0.3575867416121051,0,▁wine;▁bottle;▁rack,place
group_bottle_rack,group_bottle_rack/t000_L07_allsum_bottle_rack_L1_place_base.png,bottle_rack_L1_place,place the wine bottle on the rack,0,07,allsum,base,img512,9,9.143607213720482e-05,0.3783158194472697,7,8,1.0741566509195206,0,▁wine;▁bottle;▁rack,place
group_bottle_rack,group_bottle_rack/t000_L07_noun_bottle_rack_L1_place_base.png,bottle_rack_L1_place,place the wine bottle on the rack,0,07,noun,base,img512,9,7.926851673171028e-06,0.2108254579848593,7,8,0.6735989713902815,0,▁wine;▁bottle;▁rack,place
group_bottle_rack,group_bottle_rack/t000_L07_verb_bottle_rack_L1_place_base.png,bottle_rack_L1_place,place the wine bottle on the rack,0,07,verb,base,img512,9,3.0323587288374727e-06,0.03969787580671164,7,8,0.08792949691354544,0,▁wine;▁bottle;▁rack,place
group_bottle_rack,group_bottle_rack/t000_L07_func_bottle_rack_L1_place_base.png,bottle_rack_L1_place,place the wine bottle on the rack,0,07,func,base,img512,9,6.497028885723586e-05,0.12779248565569878,7,8,0.3126281826156936,0,▁wine;▁bottle;▁rack,place
group_bottle_rack,group_bottle_rack/t000_L08_allmax_bottle_rack_L1_place_base.png,bottle_rack_L1_place,place the wine bottle on the rack,0,08,allmax,base,img512,9,6.336070694795104e-05,0.32556367025320593,7,8,0.8600003297902596,0,▁wine;▁bottle;▁rack,place
group_bottle_rack,group_bottle_rack/t000_L08_allsum_bottle_rack_L1_place_base.png,bottle_rack_L1_place,place the wine bottle on the rack,0,08,allsum,base,img512,9,0.00012294362231190804,1.5965567445075821,7,8,3.2568813306476074,0,▁wine;▁bottle;▁rack,place
group_bottle_rack,group_bottle_rack/t000_L08_noun_bottle_rack_L1_place_base.png,bottle_rack_L1_place,place the wine bottle on the rack,0,08,noun,base,img512,9,4.5781244945351524e-07,0.6765557164194289,7,8,1.3608777913949908,0,▁wine;▁bottle;▁rack,place
group_bottle_rack,group_bottle_rack/t000_L08_verb_bottle_rack_L1_place_base.png,bottle_rack_L1_place,place the wine bottle on the rack,0,08,verb,base,img512,9,3.842899502661964e-07,0.21383523042085872,7,8,0.3573136874015552,0,▁wine;▁bottle;▁rack,place
group_bottle_rack,group_bottle_rack/t000_L08_func_bottle_rack_L1_place_base.png,bottle_rack_L1_place,place the wine bottle on the rack,0,08,func,base,img512,9,0.00012030080843688234,0.7061657976672943,7,8,1.538689851851061,0,▁wine;▁bottle;▁rack,place
group_bottle_rack,group_bottle_rack/t000_L09_allmax_bottle_rack_L1_place_base.png,bottle_rack_L1_place,place the wine bottle on the rack,0,09,allmax,base,img512,9,5.5090595002956335e-06,0.10601129350268065,7,8,0.23556105231350594,0,▁wine;▁bottle;▁rack,place
group_bottle_rack,group_bottle_rack/t000_L09_allsum_bottle_rack_L1_place_base.png,bottle_rack_L1_place,place the wine bottle on the rack,0,09,allsum,base,img512,9,1.7371217181167283e-05,0.39481300316365886,7,8,0.9063793726245643,0,▁wine;▁bottle;▁rack,place
group_bottle_rack,group_bottle_rack/t000_L09_noun_bottle_rack_L1_place_base.png,bottle_rack_L1_place,place the wine bottle on the rack,0,09,noun,base,img512,9,6.354122268144903e-07,0.14218800105690005,7,8,0.2734120374094496,0,▁wine;▁bottle;▁rack,place
group_bottle_rack,group_bottle_rack/t000_L09_verb_bottle_rack_L1_place_base.png,bottle_rack_L1_place,place the wine bottle on the rack,0,09,verb,base,img512,9,2.961426661490876e-07,0.035835524810813014,7,9,0.0771522731755435,0,▁wine;▁bottle;▁rack,place
group_bottle_rack,group_bottle_rack/t000_L09_func_bottle_rack_L1_place_base.png,bottle_rack_L1_place,place the wine bottle on the rack,0,09,func,base,img512,9,1.4211692548335465e-05,0.2167894772959458,7,9,0.5573227133062787,0,▁wine;▁bottle;▁rack,place
group_bottle_rack,group_bottle_rack/t000_L10_allmax_bottle_rack_L1_place_base.png,bottle_rack_L1_place,place the wine bottle on the rack,0,10,allmax,base,img512,9,1.069075051201442e-06,0.0472126423142738,5,8,0.1249364394813715,0,▁wine;▁bottle;▁rack,place
group_bottle_rack,group_bottle_rack/t000_L10_allsum_bottle_rack_L1_place_base.png,bottle_rack_L1_place,place the wine bottle on the rack,0,10,allsum,base,img512,9,1.7788749638080908e-06,0.11251976588851426,6,8,0.25873589279485326,0,▁wine;▁bottle;▁rack,place
group_bottle_rack,group_bottle_rack/t000_L10_noun_bottle_rack_L1_place_base.png,bottle_rack_L1_place,place the wine bottle on the rack,0,10,noun,base,img512,9,4.1189113836412794e-08,0.054794008557276216,5,8,0.12662868118447798,0,▁wine;▁bottle;▁rack,place
group_bottle_rack,group_bottle_rack/t000_L10_verb_bottle_rack_L1_place_base.png,bottle_rack_L1_place,place the wine bottle on the rack,0,10,verb,base,img512,9,5.741724093587083e-08,0.010540198127294419,7,8,0.017256328585544177,0,▁wine;▁bottle;▁rack,place
group_bottle_rack,group_bottle_rack/t000_L10_func_bottle_rack_L1_place_base.png,bottle_rack_L1_place,place the wine bottle on the rack,0,10,func,base,img512,9,1.6341623790082977e-06,0.05188085806402707,7,8,0.14787019094021614,0,▁wine;▁bottle;▁rack,place
group_bottle_rack,group_bottle_rack/t000_L11_allmax_bottle_rack_L1_place_base.png,bottle_rack_L1_place,place the wine bottle on the rack,0,11,allmax,base,img512,9,1.6310442908639664e-07,0.1417709954911196,7,10,0.43421285716860125,0,▁wine;▁bottle;▁rack,place
group_bottle_rack,group_bottle_rack/t000_L11_allsum_bottle_rack_L1_place_base.png,bottle_rack_L1_place,place the wine bottle on the rack,0,11,allsum,base,img512,9,4.2384931093629223e-07,0.2126644325293989,7,9,0.7286710187409096,0,▁wine;▁bottle;▁rack,place
group_bottle_rack,group_bottle_rack/t000_L11_noun_bottle_rack_L1_place_base.png,bottle_rack_L1_place,place the wine bottle on the rack,0,11,noun,base,img512,9,9.335287407186711e-08,0.14277646158212187,7,9,0.5079602347260027,0,▁wine;▁bottle;▁rack,place
group_bottle_rack,group_bottle_rack/t000_L11_verb_bottle_rack_L1_place_base.png,bottle_rack_L1_place,place the wine bottle on the rack,0,11,verb,base,img512,9,4.9152952643770664e-08,0.02165617034811612,7,8,0.03988999204808383,0,▁wine;▁bottle;▁rack,place
group_bottle_rack,group_bottle_rack/t000_L11_func_bottle_rack_L1_place_base.png,bottle_rack_L1_place,place the wine bottle on the rack,0,11,func,base,img512,9,1.9112624404187005e-07,0.10258252861680972,7,8,0.1930745106756601,0,▁wine;▁bottle;▁rack,place
group_bottle_rack,group_bottle_rack/t000_L12_allmax_bottle_rack_L1_place_base.png,bottle_rack_L1_place,place the wine bottle on the rack,0,12,allmax,base,img512,9,3.392536327011714e-08,0.27118094395800435,5,8,0.35606554364515386,0,▁wine;▁bottle;▁rack,place
group_bottle_rack,group_bottle_rack/t000_L12_allsum_bottle_rack_L1_place_base.png,bottle_rack_L1_place,place the wine bottle on the rack,0,12,allsum,base,img512,9,1.1226676735241298e-07,0.41504373152991075,5,8,0.7204451755717742,0,▁wine;▁bottle;▁rack,place
group_bottle_rack,group_bottle_rack/t000_L12_noun_bottle_rack_L1_place_base.png,bottle_rack_L1_place,place the wine bottle on the rack,0,12,noun,base,img512,9,9.666495545280469e-10,0.09050714117938577,6,8,0.16709126360139953,0,▁wine;▁bottle;▁rack,place
group_bottle_rack,group_bottle_rack/t000_L12_verb_bottle_rack_L1_place_base.png,bottle_rack_L1_place,place the wine bottle on the rack,0,12,verb,base,img512,9,3.382423632693343e-08,0.02126227273148974,6,8,0.04658796770280581,0,▁wine;▁bottle;▁rack,place
group_bottle_rack,group_bottle_rack/t000_L12_func_bottle_rack_L1_place_base.png,bottle_rack_L1_place,place the wine bottle on the rack,0,12,func,base,img512,9,2.3188888638627926e-08,0.39545349461134255,5,8,0.5626246757114506,0,▁wine;▁bottle;▁rack,place
group_bottle_rack,group_bottle_rack/t000_L13_allmax_bottle_rack_L1_place_base.png,bottle_rack_L1_place,place the wine bottle on the rack,0,13,allmax,base,img512,9,1.0146792210717696e-06,0.14057042982251058,1,1,0.3390098661040975,1,▁wine;▁bottle;▁rack,place
group_bottle_rack,group_bottle_rack/t000_L13_allsum_bottle_rack_L1_place_base.png,bottle_rack_L1_place,place the wine bottle on the rack,0,13,allsum,base,img512,9,2.5161012105691336e-06,0.49713085687914993,1,1,1.031290330286579,1,▁wine;▁bottle;▁rack,place
group_bottle_rack,group_bottle_rack/t000_L13_noun_bottle_rack_L1_place_base.png,bottle_rack_L1_place,place the wine bottle on the rack,0,13,noun,base,img512,9,2.2145755784330376e-07,0.2151036711614408,1,1,0.4837704150997424,1,▁wine;▁bottle;▁rack,place
group_bottle_rack,group_bottle_rack/t000_L13_verb_bottle_rack_L1_place_base.png,bottle_rack_L1_place,place the wine bottle on the rack,0,13,verb,base,img512,9,1.0146792210717696e-06,0.014919958125472798,13,1,0.02904385223188952,1,▁wine;▁bottle;▁rack,place
group_bottle_rack,group_bottle_rack/t000_L13_func_bottle_rack_L1_place_base.png,bottle_rack_L1_place,place the wine bottle on the rack,0,13,func,base,img512,9,5.098721868592324e-07,0.27286554578351285,1,1,0.5215193659150711,1,▁wine;▁bottle;▁rack,place
group_bottle_rack,group_bottle_rack/t000_L14_allmax_bottle_rack_L1_place_base.png,bottle_rack_L1_place,place the wine bottle on the rack,0,14,allmax,base,img512,9,4.352184394939723e-08,0.14383120210296002,1,2,0.16523999440075904,1,▁wine;▁bottle;▁rack,place
group_bottle_rack,group_bottle_rack/t000_L14_allsum_bottle_rack_L1_place_base.png,bottle_rack_L1_place,place the wine bottle on the rack,0,14,allsum,base,img512,9,1.1195043039593113e-07,0.34317552635495363,13,1,0.6156310284194616,1,▁wine;▁bottle;▁rack,place
group_bottle_rack,group_bottle_rack/t000_L14_noun_bottle_rack_L1_place_base.png,bottle_rack_L1_place,place the wine bottle on the rack,0,14,noun,base,img512,9,1.183629700049152e-08,0.1257570825791404,13,1,0.2311037909845684,1,▁wine;▁bottle;▁rack,place
group_bottle_rack,group_bottle_rack/t000_L14_verb_bottle_rack_L1_place_base.png,bottle_rack_L1_place,place the wine bottle on the rack,0,14,verb,base,img512,9,1.2709131969191832e-10,0.06187711094721202,13,2,0.10721944768463748,0,▁wine;▁bottle;▁rack,place
group_bottle_rack,group_bottle_rack/t000_L14_func_bottle_rack_L1_place_base.png,bottle_rack_L1_place,place the wine bottle on the rack,0,14,func,base,img512,9,1.4232825864172094e-08,0.23381054548342065,13,2,0.2773157306173435,0,▁wine;▁bottle;▁rack,place
group_bottle_rack,group_bottle_rack/t000_L15_allmax_bottle_rack_L1_place_base.png,bottle_rack_L1_place,place the wine bottle on the rack,0,15,allmax,base,img512,9,8.451466324900782e-09,0.0360944002665674,7,9,0.056462646080062864,0,▁wine;▁bottle;▁rack,place
group_bottle_rack,group_bottle_rack/t000_L15_allsum_bottle_rack_L1_place_base.png,bottle_rack_L1_place,place the wine bottle on the rack,0,15,allsum,base,img512,9,2.2115312557332125e-08,0.14868549738740938,7,8,0.21126769127259673,0,▁wine;▁bottle;▁rack,place
group_bottle_rack,group_bottle_rack/t000_L15_noun_bottle_rack_L1_place_base.png,bottle_rack_L1_place,place the wine bottle on the rack,0,15,noun,base,img512,9,1.5233968578933916e-09,0.07616088729907107,7,8,0.10657729827195685,0,▁wine;▁bottle;▁rack,place
group_bottle_rack,group_bottle_rack/t000_L15_verb_bottle_rack_L1_place_base.png,bottle_rack_L1_place,place the wine bottle on the rack,0,15,verb,base,img512,9,5.8496156081969e-12,0.011169647972970593,7,9,0.014156085852534531,0,▁wine;▁bottle;▁rack,place
group_bottle_rack,group_bottle_rack/t000_L15_func_bottle_rack_L1_place_base.png,bottle_rack_L1_place,place the wine bottle on the rack,0,15,func,base,img512,9,1.703984280838754e-08,0.06135496211536771,1,1,0.1372494866000398,1,▁wine;▁bottle;▁rack,place
group_bottle_rack,group_bottle_rack/t000_L16_allmax_bottle_rack_L1_place_base.png,bottle_rack_L1_place,place the wine bottle on the rack,0,16,allmax,base,img512,9,2.0344329188284892e-07,0.11817549270197386,1,14,0.125009455434327,1,▁wine;▁bottle;▁rack,place
group_bottle_rack,group_bottle_rack/t000_L16_allsum_bottle_rack_L1_place_base.png,bottle_rack_L1_place,place the wine bottle on the rack,0,16,allsum,base,img512,9,4.6491199271225383e-07,0.15801697686673147,14,2,0.2736015145623035,1,▁wine;▁bottle;▁rack,place
group_bottle_rack,group_bottle_rack/t000_L16_noun_bottle_rack_L1_place_base.png,bottle_rack_L1_place,place the wine bottle on the rack,0,16,noun,base,img512,9,5.31618849043386e-08,0.059288179468125035,3,7,0.09158656513000261,0,▁wine;▁bottle;▁rack,place
group_bottle_rack,group_bottle_rack/t000_L16_verb_bottle_rack_L1_place_base.png,bottle_rack_L1_place,place the wine bottle on the rack,0,16,verb,base,img512,9,6.484467097945007e-09,0.019020625371700975,14,2,0.02603046990471649,1,▁wine;▁bottle;▁rack,place
group_bottle_rack,group_bottle_rack/t000_L16_func_bottle_rack_L1_place_base.png,bottle_rack_L1_place,place the wine bottle on the rack,0,16,func,base,img512,9,1.0197144527635471e-07,0.13916504035114324,14,2,0.1788853333978654,1,▁wine;▁bottle;▁rack,place
group_bottle_rack,group_bottle_rack/t000_L17_allmax_bottle_rack_L1_place_base.png,bottle_rack_L1_place,place the wine bottle on the rack,0,17,allmax,base,img512,9,1.1028418336974193e-05,0.10562131765735545,14,2,0.1500101444408531,1,▁wine;▁bottle;▁rack,place
group_bottle_rack,group_bottle_rack/t000_L17_allsum_bottle_rack_L1_place_base.png,bottle_rack_L1_place,place the wine bottle on the rack,0,17,allsum,base,img512,9,1.1028418346153706e-05,0.4820078516274807,14,2,0.6330810853742517,1,▁wine;▁bottle;▁rack,place
group_bottle_rack,group_bottle_rack/t000_L17_noun_bottle_rack_L1_place_base.png,bottle_rack_L1_place,place the wine bottle on the rack,0,17,noun,base,img512,9,2.387514264204555e-16,0.1525978287264821,14,2,0.19653560246029417,1,▁wine;▁bottle;▁rack,place
group_bottle_rack,group_bottle_rack/t000_L17_verb_bottle_rack_L1_place_base.png,bottle_rack_L1_place,place the wine bottle on the rack,0,17,verb,base,img512,9,4.2805225291011024e-20,0.05174574384230415,14,2,0.05774620308713819,1,▁wine;▁bottle;▁rack,place
group_bottle_rack,group_bottle_rack/t000_L17_func_bottle_rack_L1_place_base.png,bottle_rack_L1_place,place the wine bottle on the rack,0,17,func,base,img512,9,1.1028418337676698e-05,0.2776642790586945,14,2,0.37879927982681927,1,▁wine;▁bottle;▁rack,place
group_bottle_rack,group_bottle_rack/t000_Lrollout_allmax_bottle_rack_L1_place_base.png,bottle_rack_L1_place,place the wine bottle on the rack,0,rollout,allmax,base,img512,9,7.106872206541423e-05,0.030568743975387443,7,9,0.062059251116159946,0,▁wine;▁bottle;▁rack,place
group_bottle_rack,group_bottle_rack/t000_Lrollout_allsum_bottle_rack_L1_place_base.png,bottle_rack_L1_place,place the wine bottle on the rack,0,rollout,allsum,base,img512,9,0.0006358828984428423,0.2744186793261281,7,9,0.5533655052146994,0,▁wine;▁bottle;▁rack,place
group_bottle_rack,group_bottle_rack/t000_Lrollout_noun_bottle_rack_L1_place_base.png,bottle_rack_L1_place,place the wine bottle on the rack,0,rollout,noun,base,img512,9,0.00021193225924248123,0.0915846670578218,7,9,0.18402120778433714,0,▁wine;▁bottle;▁rack,place
group_bottle_rack,group_bottle_rack/t000_Lrollout_verb_bottle_rack_L1_place_base.png,bottle_rack_L1_place,place the wine bottle on the rack,0,rollout,verb,base,img512,9,7.061404852584927e-05,0.030488689859961,7,9,0.06149766047760317,0,▁wine;▁bottle;▁rack,place
group_bottle_rack,group_bottle_rack/t000_Lrollout_func_bottle_rack_L1_place_base.png,bottle_rack_L1_place,place the wine bottle on the rack,0,rollout,func,base,img512,9,0.0003533365906745118,0.15234532240834534,7,9,0.30784663695275916,0,▁wine;▁bottle;▁rack,place
group_bottle_rack,group_bottle_rack/t000_L00_allmax_bottle_rack_L1_set_base.png,bottle_rack_L1_set,set the wine bottle on the rack,0,00,allmax,base,img512,9,8.681469005161401e-05,0.6094469262427832,13,2,0.6295823434578297,0,▁wine;▁bottle;▁rack,set
group_bottle_rack,group_bottle_rack/t000_L00_allsum_bottle_rack_L1_set_base.png,bottle_rack_L1_set,set the wine bottle on the rack,0,00,allsum,base,img512,9,0.0001947389327318618,2.3874742139760223,13,1,2.4212007394425674,1,▁wine;▁bottle;▁rack,set
group_bottle_rack,group_bottle_rack/t000_L00_noun_bottle_rack_L1_set_base.png,bottle_rack_L1_set,set the wine bottle on the rack,0,00,noun,base,img512,9,4.593192095894594e-06,0.9468349068145395,13,2,0.9519655379139793,0,▁wine;▁bottle;▁rack,set
group_bottle_rack,group_bottle_rack/t000_L00_verb_bottle_rack_L1_set_base.png,bottle_rack_L1_set,set the wine bottle on the rack,0,00,verb,base,img512,9,1.4366920614772697e-06,0.6094469262427832,13,1,0.611503180416552,1,▁wine;▁bottle;▁rack,set
group_bottle_rack,group_bottle_rack/t000_L00_func_bottle_rack_L1_set_base.png,bottle_rack_L1_set,set the wine bottle on the rack,0,00,func,base,img512,9,0.00011919467568531766,0.8311923809186995,13,2,0.8577438091109809,0,▁wine;▁bottle;▁rack,set
group_bottle_rack,group_bottle_rack/t000_L01_allmax_bottle_rack_L1_set_base.png,bottle_rack_L1_set,set the wine bottle on the rack,0,01,allmax,base,img512,9,3.85609498766497e-05,0.06662824693975562,2,1,0.14772977226450332,1,▁wine;▁bottle;▁rack,set
group_bottle_rack,group_bottle_rack/t000_L01_allsum_bottle_rack_L1_set_base.png,bottle_rack_L1_set,set the wine bottle on the rack,0,01,allsum,base,img512,9,0.00017346212898058266,0.1757453151294493,2,6,0.5029771834566992,0,▁wine;▁bottle;▁rack,set
group_bottle_rack,group_bottle_rack/t000_L01_noun_bottle_rack_L1_set_base.png,bottle_rack_L1_set,set the wine bottle on the rack,0,01,noun,base,img512,9,2.569852887707445e-05,0.10388929149748483,1,1,0.23231400674390248,1,▁wine;▁bottle;▁rack,set
group_bottle_rack,group_bottle_rack/t000_L01_verb_bottle_rack_L1_set_base.png,bottle_rack_L1_set,set the wine bottle on the rack,0,01,verb,base,img512,9,8.465151259621117e-06,0.017297999647806265,2,6,0.046267109032860715,0,▁wine;▁bottle;▁rack,set
group_bottle_rack,group_bottle_rack/t000_L01_func_bottle_rack_L1_set_base.png,bottle_rack_L1_set,set the wine bottle on the rack,0,01,func,base,img512,9,0.00012231185010128584,0.11874648571431341,2,6,0.33907373119416956,0,▁wine;▁bottle;▁rack,set
group_bottle_rack,group_bottle_rack/t000_L02_allmax_bottle_rack_L1_set_base.png,bottle_rack_L1_set,set the wine bottle on the rack,0,02,allmax,base,img512,9,5.177107547811368e-05,0.041898728160988497,13,1,0.07534117834023203,1,▁wine;▁bottle;▁rack,set
group_bottle_rack,group_bottle_rack/t000_L02_allsum_bottle_rack_L1_set_base.png,bottle_rack_L1_set,set the wine bottle on the rack,0,02,allsum,base,img512,9,0.0002656710873362604,0.19889405832557666,13,1,0.35458400308126137,1,▁wine;▁bottle;▁rack,set
group_bottle_rack,group_bottle_rack/t000_L02_noun_bottle_rack_L1_set_base.png,bottle_rack_L1_set,set the wine bottle on the rack,0,02,noun,base,img512,9,4.105858798559276e-05,0.058086875149233864,13,2,0.10486322454522215,0,▁wine;▁bottle;▁rack,set
group_bottle_rack,group_bottle_rack/t000_L02_verb_bottle_rack_L1_set_base.png,bottle_rack_L1_set,set the wine bottle on the rack,0,02,verb,base,img512,9,5.740422219640766e-06,0.012568326800233386,13,2,0.022568019438221322,0,▁wine;▁bottle;▁rack,set
group_bottle_rack,group_bottle_rack/t000_L02_func_bottle_rack_L1_set_base.png,bottle_rack_L1_set,set the wine bottle on the rack,0,02,func,base,img512,9,0.00016622811783660542,0.12823885637610943,13,1,0.22725676214144697,1,▁wine;▁bottle;▁rack,set
group_bottle_rack,group_bottle_rack/t000_L03_allmax_bottle_rack_L1_set_base.png,bottle_rack_L1_set,set the wine bottle on the rack,0,03,allmax,base,img512,9,1.042752733961116e-05,0.17233102003636205,7,9,0.4330696252509738,0,▁wine;▁bottle;▁rack,set
group_bottle_rack,group_bottle_rack/t000_L03_allsum_bottle_rack_L1_set_base.png,bottle_rack_L1_set,set the wine bottle on the rack,0,03,allsum,base,img512,9,4.322975465494788e-05,0.38142604982858724,7,9,1.0873679846300357,0,▁wine;▁bottle;▁rack,set
group_bottle_rack,group_bottle_rack/t000_L03_noun_bottle_rack_L1_set_base.png,bottle_rack_L1_set,set the wine bottle on the rack,0,03,noun,base,img512,9,2.9072435557003984e-06,0.29754853035092493,7,9,0.8019645438196765,0,▁wine;▁bottle;▁rack,set
group_bottle_rack,group_bottle_rack/t000_L03_verb_bottle_rack_L1_set_base.png,bottle_rack_L1_set,set the wine bottle on the rack,0,03,verb,base,img512,9,4.783872237206195e-06,0.014343122578330649,8,8,0.058064851668259726,0,▁wine;▁bottle;▁rack,set
group_bottle_rack,group_bottle_rack/t000_L03_func_bottle_rack_L1_set_base.png,bottle_rack_L1_set,set the wine bottle on the rack,0,03,func,base,img512,9,3.4858656136071e-05,0.0918715097651065,7,9,0.2364410338623075,0,▁wine;▁bottle;▁rack,set
group_bottle_rack,group_bottle_rack/t000_L04_allmax_bottle_rack_L1_set_base.png,bottle_rack_L1_set,set the wine bottle on the rack,0,04,allmax,base,img512,9,3.382982766336362e-05,0.13834743864000212,7,8,0.42416686963737654,0,▁wine;▁bottle;▁rack,set
group_bottle_rack,group_bottle_rack/t000_L04_allsum_bottle_rack_L1_set_base.png,bottle_rack_L1_set,set the wine bottle on the rack,0,04,allsum,base,img512,9,0.0001513227325222442,0.3740480638494829,7,8,1.125725874558498,0,▁wine;▁bottle;▁rack,set
group_bottle_rack,group_bottle_rack/t000_L04_noun_bottle_rack_L1_set_base.png,bottle_rack_L1_set,set the wine bottle on the rack,0,04,noun,base,img512,9,1.2737304755207693e-05,0.20311860982271443,7,8,0.6607591404854815,0,▁wine;▁bottle;▁rack,set
group_bottle_rack,group_bottle_rack/t000_L04_verb_bottle_rack_L1_set_base.png,bottle_rack_L1_set,set the wine bottle on the rack,0,04,verb,base,img512,9,2.2059834784800503e-05,0.03573134561564699,7,8,0.09833128073233874,0,▁wine;▁bottle;▁rack,set
group_bottle_rack,group_bottle_rack/t000_L04_func_bottle_rack_L1_set_base.png,bottle_rack_L1_set,set the wine bottle on the rack,0,04,func,base,img512,9,0.00010265427877911096,0.13519810841112154,7,8,0.3666354533406777,0,▁wine;▁bottle;▁rack,set
group_bottle_rack,group_bottle_rack/t000_L05_allmax_bottle_rack_L1_set_base.png,bottle_rack_L1_set,set the wine bottle on the rack,0,05,allmax,base,img512,9,1.1557256218652563e-05,0.4237520146744209,7,9,0.8152265364253288,0,▁wine;▁bottle;▁rack,set
group_bottle_rack,group_bottle_rack/t000_L05_allsum_bottle_rack_L1_set_base.png,bottle_rack_L1_set,set the wine bottle on the rack,0,05,allsum,base,img512,9,4.031316823232917e-05,1.5890085009508637,7,9,3.4257264491686827,0,▁wine;▁bottle;▁rack,set
group_bottle_rack,group_bottle_rack/t000_L05_noun_bottle_rack_L1_set_base.png,bottle_rack_L1_set,set the wine bottle on the rack,0,05,noun,base,img512,9,5.053023003331399e-06,0.8563637026476554,7,9,1.6480697723628264,0,▁wine;▁bottle;▁rack,set
group_bottle_rack,group_bottle_rack/t000_L05_verb_bottle_rack_L1_set_base.png,bottle_rack_L1_set,set the wine bottle on the rack,0,05,verb,base,img512,9,4.583309138200027e-06,0.12067667294000342,7,9,0.2865375005099798,0,▁wine;▁bottle;▁rack,set
group_bottle_rack,group_bottle_rack/t000_L05_func_bottle_rack_L1_set_base.png,bottle_rack_L1_set,set the wine bottle on the rack,0,05,func,base,img512,9,2.4262412254008003e-05,0.611968125363205,7,9,1.491119176295876,0,▁wine;▁bottle;▁rack,set
group_bottle_rack,group_bottle_rack/t000_L06_allmax_bottle_rack_L1_set_base.png,bottle_rack_L1_set,set the wine bottle on the rack,0,06,allmax,base,img512,9,8.501073309476712e-07,0.07769848225571167,7,8,0.18567590761761382,0,▁wine;▁bottle;▁rack,set
group_bottle_rack,group_bottle_rack/t000_L06_allsum_bottle_rack_L1_set_base.png,bottle_rack_L1_set,set the wine bottle on the rack,0,06,allsum,base,img512,9,4.255422713263093e-06,0.3924738816655133,7,8,0.8654039468815762,0,▁wine;▁bottle;▁rack,set
group_bottle_rack,group_bottle_rack/t000_L06_noun_bottle_rack_L1_set_base.png,bottle_rack_L1_set,set the wine bottle on the rack,0,06,noun,base,img512,9,4.6135474164500816e-07,0.128109318967818,7,8,0.30001473991525024,0,▁wine;▁bottle;▁rack,set
group_bottle_rack,group_bottle_rack/t000_L06_verb_bottle_rack_L1_set_base.png,bottle_rack_L1_set,set the wine bottle on the rack,0,06,verb,base,img512,9,8.339179189242484e-07,0.07769848225571167,7,9,0.1643403466578356,0,▁wine;▁bottle;▁rack,set
group_bottle_rack,group_bottle_rack/t000_L06_func_bottle_rack_L1_set_base.png,bottle_rack_L1_set,set the wine bottle on the rack,0,06,func,base,img512,9,2.3421992179629073e-06,0.1866660804419837,7,8,0.4014446854267135,0,▁wine;▁bottle;▁rack,set
group_bottle_rack,group_bottle_rack/t000_L07_allmax_bottle_rack_L1_set_base.png,bottle_rack_L1_set,set the wine bottle on the rack,0,07,allmax,base,img512,9,2.453818157286126e-05,0.09078980026284336,7,8,0.3539714689115666,0,▁wine;▁bottle;▁rack,set
group_bottle_rack,group_bottle_rack/t000_L07_allsum_bottle_rack_L1_set_base.png,bottle_rack_L1_set,set the wine bottle on the rack,0,07,allsum,base,img512,9,9.178512474111181e-05,0.38466414195491727,7,8,1.1116597688138343,0,▁wine;▁bottle;▁rack,set
group_bottle_rack,group_bottle_rack/t000_L07_noun_bottle_rack_L1_set_base.png,bottle_rack_L1_set,set the wine bottle on the rack,0,07,noun,base,img512,9,7.552596507523951e-06,0.21086919150821154,7,8,0.6680248004789329,0,▁wine;▁bottle;▁rack,set
group_bottle_rack,group_bottle_rack/t000_L07_verb_bottle_rack_L1_set_base.png,bottle_rack_L1_set,set the wine bottle on the rack,0,07,verb,base,img512,9,4.254867654071742e-06,0.021259657038573698,7,8,0.07150563775315268,0,▁wine;▁bottle;▁rack,set
group_bottle_rack,group_bottle_rack/t000_L07_func_bottle_rack_L1_set_base.png,bottle_rack_L1_set,set the wine bottle on the rack,0,07,func,base,img512,9,5.8097604521654946e-05,0.15253529340813202,7,8,0.3721293305817486,0,▁wine;▁bottle;▁rack,set
group_bottle_rack,group_bottle_rack/t000_L08_allmax_bottle_rack_L1_set_base.png,bottle_rack_L1_set,set the wine bottle on the rack,0,08,allmax,base,img512,9,6.341557910933971e-05,0.3393530200735537,7,8,0.8076770847661803,0,▁wine;▁bottle;▁rack,set
group_bottle_rack,group_bottle_rack/t000_L08_allsum_bottle_rack_L1_set_base.png,bottle_rack_L1_set,set the wine bottle on the rack,0,08,allsum,base,img512,9,0.00011973006994820299,1.6056011297661723,7,8,3.412680703730921,0,▁wine;▁bottle;▁rack,set
group_bottle_rack,group_bottle_rack/t000_L08_noun_bottle_rack_L1_set_base.png,bottle_rack_L1_set,set the wine bottle on the rack,0,08,noun,base,img512,9,5.182185732009432e-07,0.6939252336350705,7,8,1.3806971671450066,0,▁wine;▁bottle;▁rack,set
group_bottle_rack,group_bottle_rack/t000_L08_verb_bottle_rack_L1_set_base.png,bottle_rack_L1_set,set the wine bottle on the rack,0,08,verb,base,img512,9,5.928244677722003e-07,0.19810610264645798,7,9,0.5087578667564234,0,▁wine;▁bottle;▁rack,set
group_bottle_rack,group_bottle_rack/t000_L08_func_bottle_rack_L1_set_base.png,bottle_rack_L1_set,set the wine bottle on the rack,0,08,func,base,img512,9,0.0001166325546545373,0.7135697934846438,7,8,1.5289896569974983,0,▁wine;▁bottle;▁rack,set
group_bottle_rack,group_bottle_rack/t000_L09_allmax_bottle_rack_L1_set_base.png,bottle_rack_L1_set,set the wine bottle on the rack,0,09,allmax,base,img512,9,4.972635316711247e-06,0.09416235009743473,7,8,0.21778131282824154,0,▁wine;▁bottle;▁rack,set
group_bottle_rack,group_bottle_rack/t000_L09_allsum_bottle_rack_L1_set_base.png,bottle_rack_L1_set,set the wine bottle on the rack,0,09,allsum,base,img512,9,1.568643869111351e-05,0.30925612704560856,7,8,0.756377321380316,0,▁wine;▁bottle;▁rack,set
group_bottle_rack,group_bottle_rack/t000_L09_noun_bottle_rack_L1_set_base.png,bottle_rack_L1_set,set the wine bottle on the rack,0,09,noun,base,img512,9,8.588723640179021e-07,0.12330997026204588,7,8,0.238432408619424,0,▁wine;▁bottle;▁rack,set
group_bottle_rack,group_bottle_rack/t000_L09_verb_bottle_rack_L1_set_base.png,bottle_rack_L1_set,set the wine bottle on the rack,0,09,verb,base,img512,9,1.4590283408982876e-07,0.019173348891993035,6,9,0.027367270122978075,0,▁wine;▁bottle;▁rack,set
group_bottle_rack,group_bottle_rack/t000_L09_func_bottle_rack_L1_set_base.png,bottle_rack_L1_set,set the wine bottle on the rack,0,09,func,base,img512,9,1.3229679591693174e-05,0.17871639664240282,7,9,0.4923809426897614,0,▁wine;▁bottle;▁rack,set
group_bottle_rack,group_bottle_rack/t000_L10_allmax_bottle_rack_L1_set_base.png,bottle_rack_L1_set,set the wine bottle on the rack,0,10,allmax,base,img512,9,1.4400492745286218e-06,0.04565878598491002,5,8,0.12162557069711989,0,▁wine;▁bottle;▁rack,set
group_bottle_rack,group_bottle_rack/t000_L10_allsum_bottle_rack_L1_set_base.png,bottle_rack_L1_set,set the wine bottle on the rack,0,10,allsum,base,img512,9,3.563650784586518e-06,0.15212956253219773,6,8,0.30086129981153364,0,▁wine;▁bottle;▁rack,set
group_bottle_rack,group_bottle_rack/t000_L10_noun_bottle_rack_L1_set_base.png,bottle_rack_L1_set,set the wine bottle on the rack,0,10,noun,base,img512,9,4.416113843431923e-08,0.05642581565315734,5,8,0.12857473500742952,0,▁wine;▁bottle;▁rack,set
group_bottle_rack,group_bottle_rack/t000_L10_verb_bottle_rack_L1_set_base.png,bottle_rack_L1_set,set the wine bottle on the rack,0,10,verb,base,img512,9,4.613296335586393e-07,0.03854024379941344,1,1,0.054558744002964364,1,▁wine;▁bottle;▁rack,set
group_bottle_rack,group_bottle_rack/t000_L10_func_bottle_rack_L1_set_base.png,bottle_rack_L1_set,set the wine bottle on the rack,0,10,func,base,img512,9,2.5108921359726606e-06,0.05716350307962696,7,8,0.15234939305073755,0,▁wine;▁bottle;▁rack,set
group_bottle_rack,group_bottle_rack/t000_L11_allmax_bottle_rack_L1_set_base.png,bottle_rack_L1_set,set the wine bottle on the rack,0,11,allmax,base,img512,9,1.9721353916223379e-07,0.1053652568668,7,9,0.3168527585223435,0,▁wine;▁bottle;▁rack,set
group_bottle_rack,group_bottle_rack/t000_L11_allsum_bottle_rack_L1_set_base.png,bottle_rack_L1_set,set the wine bottle on the rack,0,11,allsum,base,img512,9,5.096371672471301e-07,0.1994625574185667,7,9,0.6043812768583489,0,▁wine;▁bottle;▁rack,set
group_bottle_rack,group_bottle_rack/t000_L11_noun_bottle_rack_L1_set_base.png,bottle_rack_L1_set,set the wine bottle on the rack,0,11,noun,base,img512,9,1.235367827811865e-07,0.10607807611538296,7,9,0.356279816793663,0,▁wine;▁bottle;▁rack,set
group_bottle_rack,group_bottle_rack/t000_L11_verb_bottle_rack_L1_set_base.png,bottle_rack_L1_set,set the wine bottle on the rack,0,11,verb,base,img512,9,7.626561107382374e-09,0.013343714923517503,6,8,0.03232808627703019,0,▁wine;▁bottle;▁rack,set
group_bottle_rack,group_bottle_rack/t000_L11_func_bottle_rack_L1_set_base.png,bottle_rack_L1_set,set the wine bottle on the rack,0,11,func,base,img512,9,1.6485130267769598e-07,0.1165861140630115,7,8,0.25091058913645664,0,▁wine;▁bottle;▁rack,set
group_bottle_rack,group_bottle_rack/t000_L12_allmax_bottle_rack_L1_set_base.png,bottle_rack_L1_set,set the wine bottle on the rack,0,12,allmax,base,img512,9,2.7833021035649246e-08,0.13025514669665592,5,8,0.27201590107518786,0,▁wine;▁bottle;▁rack,set
group_bottle_rack,group_bottle_rack/t000_L12_allsum_bottle_rack_L1_set_base.png,bottle_rack_L1_set,set the wine bottle on the rack,0,12,allsum,base,img512,9,8.806380086861115e-08,0.27361416698728186,6,8,0.6441047928612811,0,▁wine;▁bottle;▁rack,set
group_bottle_rack,group_bottle_rack/t000_L12_noun_bottle_rack_L1_set_base.png,bottle_rack_L1_set,set the wine bottle on the rack,0,12,noun,base,img512,9,9.620850531202932e-10,0.09594378450797403,6,8,0.1845005476083001,0,▁wine;▁bottle;▁rack,set
group_bottle_rack,group_bottle_rack/t000_L12_verb_bottle_rack_L1_set_base.png,bottle_rack_L1_set,set the wine bottle on the rack,0,12,verb,base,img512,9,1.9887799526379114e-08,0.02639366874127572,7,8,0.07156249059259501,0,▁wine;▁bottle;▁rack,set
group_bottle_rack,group_bottle_rack/t000_L12_func_bottle_rack_L1_set_base.png,bottle_rack_L1_set,set the wine bottle on the rack,0,12,func,base,img512,9,6.546950753165598e-08,0.18591957849649388,5,8,0.4392710062990464,0,▁wine;▁bottle;▁rack,set
group_bottle_rack,group_bottle_rack/t000_L13_allmax_bottle_rack_L1_set_base.png,bottle_rack_L1_set,set the wine bottle on the rack,0,13,allmax,base,img512,9,7.547078830333756e-07,0.11649100934377377,1,1,0.32423074883530195,1,▁wine;▁bottle;▁rack,set
group_bottle_rack,group_bottle_rack/t000_L13_allsum_bottle_rack_L1_set_base.png,bottle_rack_L1_set,set the wine bottle on the rack,0,13,allsum,base,img512,9,2.018471477765048e-06,0.4824643101628079,1,1,1.0243514081676446,1,▁wine;▁bottle;▁rack,set
group_bottle_rack,group_bottle_rack/t000_L13_noun_bottle_rack_L1_set_base.png,bottle_rack_L1_set,set the wine bottle on the rack,0,13,noun,base,img512,9,2.690502131541755e-07,0.18201704718254322,1,1,0.4147915271494317,1,▁wine;▁bottle;▁rack,set
group_bottle_rack,group_bottle_rack/t000_L13_verb_bottle_rack_L1_set_base.png,bottle_rack_L1_set,set the wine bottle on the rack,0,13,verb,base,img512,9,1.6839711199255617e-07,0.027879277237250952,1,1,0.06559989090223656,1,▁wine;▁bottle;▁rack,set
group_bottle_rack,group_bottle_rack/t000_L13_func_bottle_rack_L1_set_base.png,bottle_rack_L1_set,set the wine bottle on the rack,0,13,func,base,img512,9,6.808020261003709e-07,0.27766696925770784,1,1,0.5439599901159765,1,▁wine;▁bottle;▁rack,set
group_bottle_rack,group_bottle_rack/t000_L14_allmax_bottle_rack_L1_set_base.png,bottle_rack_L1_set,set the wine bottle on the rack,0,14,allmax,base,img512,9,6.169182709043467e-08,0.1393812597523661,1,2,0.16241522313295909,1,▁wine;▁bottle;▁rack,set
group_bottle_rack,group_bottle_rack/t000_L14_allsum_bottle_rack_L1_set_base.png,bottle_rack_L1_set,set the wine bottle on the rack,0,14,allsum,base,img512,9,8.512375780814514e-08,0.2936047339634993,13,1,0.5328624665384399,1,▁wine;▁bottle;▁rack,set
group_bottle_rack,group_bottle_rack/t000_L14_noun_bottle_rack_L1_set_base.png,bottle_rack_L1_set,set the wine bottle on the rack,0,14,noun,base,img512,9,1.4164399260112861e-08,0.1640334866864075,13,1,0.2721787740967324,1,▁wine;▁bottle;▁rack,set
group_bottle_rack,group_bottle_rack/t000_L14_verb_bottle_rack_L1_set_base.png,bottle_rack_L1_set,set the wine bottle on the rack,0,14,verb,base,img512,9,2.3545457794532635e-09,0.03033763906604378,13,1,0.048077875313712035,1,▁wine;▁bottle;▁rack,set
group_bottle_rack,group_bottle_rack/t000_L14_func_bottle_rack_L1_set_base.png,bottle_rack_L1_set,set the wine bottle on the rack,0,14,func,base,img512,9,1.2635340194365096e-08,0.2095358612448052,1,1,0.24629934222203778,1,▁wine;▁bottle;▁rack,set
group_bottle_rack,group_bottle_rack/t000_L15_allmax_bottle_rack_L1_set_base.png,bottle_rack_L1_set,set the wine bottle on the rack,0,15,allmax,base,img512,9,8.157480630341371e-09,0.06470905702017536,7,9,0.09292328426550908,0,▁wine;▁bottle;▁rack,set
group_bottle_rack,group_bottle_rack/t000_L15_allsum_bottle_rack_L1_set_base.png,bottle_rack_L1_set,set the wine bottle on the rack,0,15,allsum,base,img512,9,1.7261203114416013e-08,0.16126223881037136,7,8,0.23741829379954604,0,▁wine;▁bottle;▁rack,set
group_bottle_rack,group_bottle_rack/t000_L15_noun_bottle_rack_L1_set_base.png,bottle_rack_L1_set,set the wine bottle on the rack,0,15,noun,base,img512,9,3.472533633910869e-09,0.10265992718846242,7,9,0.14793863091916581,0,▁wine;▁bottle;▁rack,set
group_bottle_rack,group_bottle_rack/t000_L15_verb_bottle_rack_L1_set_base.png,bottle_rack_L1_set,set the wine bottle on the rack,0,15,verb,base,img512,9,6.0280829600724345e-12,0.009614062692650104,1,1,0.011129333569976464,1,▁wine;▁bottle;▁rack,set
group_bottle_rack,group_bottle_rack/t000_L15_func_bottle_rack_L1_set_base.png,bottle_rack_L1_set,set the wine bottle on the rack,0,15,func,base,img512,9,1.3147053624065019e-08,0.06083736214241362,1,1,0.14094883876348824,1,▁wine;▁bottle;▁rack,set
group_bottle_rack,group_bottle_rack/t000_L16_allmax_bottle_rack_L1_set_base.png,bottle_rack_L1_set,set the wine bottle on the rack,0,16,allmax,base,img512,9,1.6160539898459794e-07,0.04184924052717056,3,6,0.08752856514740763,0,▁wine;▁bottle;▁rack,set
group_bottle_rack,group_bottle_rack/t000_L16_allsum_bottle_rack_L1_set_base.png,bottle_rack_L1_set,set the wine bottle on the rack,0,16,allsum,base,img512,9,4.3132488121153737e-07,0.14492394006815223,3,6,0.2841327461038659,0,▁wine;▁bottle;▁rack,set
group_bottle_rack,group_bottle_rack/t000_L16_noun_bottle_rack_L1_set_base.png,bottle_rack_L1_set,set the wine bottle on the rack,0,16,noun,base,img512,9,1.907915710710697e-08,0.05667594755160024,2,1,0.0841824557745245,1,▁wine;▁bottle;▁rack,set
group_bottle_rack,group_bottle_rack/t000_L16_verb_bottle_rack_L1_set_base.png,bottle_rack_L1_set,set the wine bottle on the rack,0,16,verb,base,img512,9,9.308572495116493e-09,0.01876560906360599,13,2,0.02305062222806438,0,▁wine;▁bottle;▁rack,set
group_bottle_rack,group_bottle_rack/t000_L16_func_bottle_rack_L1_set_base.png,bottle_rack_L1_set,set the wine bottle on the rack,0,16,func,base,img512,9,2.3417166054111413e-07,0.09888946907795731,3,6,0.19853889831025476,0,▁wine;▁bottle;▁rack,set
group_bottle_rack,group_bottle_rack/t000_L17_allmax_bottle_rack_L1_set_base.png,bottle_rack_L1_set,set the wine bottle on the rack,0,17,allmax,base,img512,9,1.1007943327701622e-05,0.0946996026955528,14,2,0.14557633991830282,1,▁wine;▁bottle;▁rack,set
group_bottle_rack,group_bottle_rack/t000_L17_allsum_bottle_rack_L1_set_base.png,bottle_rack_L1_set,set the wine bottle on the rack,0,17,allsum,base,img512,9,1.1007943392097619e-05,0.41753616282063005,14,2,0.5896442046566321,1,▁wine;▁bottle;▁rack,set
group_bottle_rack,group_bottle_rack/t000_L17_noun_bottle_rack_L1_set_base.png,bottle_rack_L1_set,set the wine bottle on the rack,0,17,noun,base,img512,9,8.180397371608112e-16,0.14427231686179803,14,2,0.19316118255975323,1,▁wine;▁bottle;▁rack,set
group_bottle_rack,group_bottle_rack/t000_L17_verb_bottle_rack_L1_set_base.png,bottle_rack_L1_set,set the wine bottle on the rack,0,17,verb,base,img512,9,1.2538526458958154e-19,0.03569120035019183,14,2,0.041513446987322955,1,▁wine;▁bottle;▁rack,set
group_bottle_rack,group_bottle_rack/t000_L17_func_bottle_rack_L1_set_base.png,bottle_rack_L1_set,set the wine bottle on the rack,0,17,func,base,img512,9,1.1007943327749901e-05,0.23757264560864014,14,2,0.3549695751095559,1,▁wine;▁bottle;▁rack,set
group_bottle_rack,group_bottle_rack/t000_Lrollout_allmax_bottle_rack_L1_set_base.png,bottle_rack_L1_set,set the wine bottle on the rack,0,rollout,allmax,base,img512,9,7.08868794597811e-05,0.03303785076839776,7,9,0.06189112431927084,0,▁wine;▁bottle;▁rack,set
group_bottle_rack,group_bottle_rack/t000_Lrollout_allsum_bottle_rack_L1_set_base.png,bottle_rack_L1_set,set the wine bottle on the rack,0,rollout,allsum,base,img512,9,0.0006346126871164486,0.2968654551176107,7,9,0.5526630502896153,0,▁wine;▁bottle;▁rack,set
group_bottle_rack,group_bottle_rack/t000_Lrollout_noun_bottle_rack_L1_set_base.png,bottle_rack_L1_set,set the wine bottle on the rack,0,rollout,noun,base,img512,9,0.00021144020120886356,0.09903920907827468,7,9,0.183993313787363,0,▁wine;▁bottle;▁rack,set
group_bottle_rack,group_bottle_rack/t000_Lrollout_verb_bottle_rack_L1_set_base.png,bottle_rack_L1_set,set the wine bottle on the rack,0,rollout,verb,base,img512,9,7.051969705847349e-05,0.033027113739131135,7,9,0.061216236098984175,0,▁wine;▁bottle;▁rack,set
group_bottle_rack,group_bottle_rack/t000_Lrollout_func_bottle_rack_L1_set_base.png,bottle_rack_L1_set,set the wine bottle on the rack,0,rollout,func,base,img512,9,0.0003526527888491114,0.1647991323002049,7,9,0.30745350040326824,0,▁wine;▁bottle;▁rack,set
group_bottle_rack,group_bottle_rack/t000_L00_allmax_bottle_rack_L1_move_base.png,bottle_rack_L1_move,move the wine bottle on the rack,0,00,allmax,base,img512,9,8.681025373283198e-05,0.46330933312886063,1,14,0.4736963482416246,1,▁wine;▁bottle;▁rack,move
group_bottle_rack,group_bottle_rack/t000_L00_allsum_bottle_rack_L1_move_base.png,bottle_rack_L1_move,move the wine bottle on the rack,0,00,allsum,base,img512,9,0.00019158643809524256,1.9540701730564962,13,1,1.989492707717078,1,▁wine;▁bottle;▁rack,move
group_bottle_rack,group_bottle_rack/t000_L00_noun_bottle_rack_L1_move_base.png,bottle_rack_L1_move,move the wine bottle on the rack,0,00,noun,base,img512,9,4.600831960351183e-06,0.9475436412338132,13,2,0.9526759965410436,0,▁wine;▁bottle;▁rack,move
group_bottle_rack,group_bottle_rack/t000_L00_verb_bottle_rack_L1_move_base.png,bottle_rack_L1_move,move the wine bottle on the rack,0,00,verb,base,img512,9,6.664423397843122e-07,0.17460594811448937,11,2,0.18124011812879556,0,▁wine;▁bottle;▁rack,move
group_bottle_rack,group_bottle_rack/t000_L00_func_bottle_rack_L1_move_base.png,bottle_rack_L1_move,move the wine bottle on the rack,0,00,func,base,img512,9,0.00011919230911993689,0.8319205837081941,13,2,0.8584671479713988,0,▁wine;▁bottle;▁rack,move
group_bottle_rack,group_bottle_rack/t000_L01_allmax_bottle_rack_L1_move_base.png,bottle_rack_L1_move,move the wine bottle on the rack,0,01,allmax,base,img512,9,3.975191308149095e-05,0.06754611226585523,2,1,0.1486659707586637,1,▁wine;▁bottle;▁rack,move
group_bottle_rack,group_bottle_rack/t000_L01_allsum_bottle_rack_L1_move_base.png,bottle_rack_L1_move,move the wine bottle on the rack,0,01,allsum,base,img512,9,0.00016640615680127942,0.17055216674001084,2,6,0.49420440509494595,0,▁wine;▁bottle;▁rack,move
group_bottle_rack,group_bottle_rack/t000_L01_noun_bottle_rack_L1_move_base.png,bottle_rack_L1_move,move the wine bottle on the rack,0,01,noun,base,img512,9,2.5393847745350138e-05,0.10404705800544886,1,1,0.2333891863325119,1,▁wine;▁bottle;▁rack,move
group_bottle_rack,group_bottle_rack/t000_L01_verb_bottle_rack_L1_move_base.png,bottle_rack_L1_move,move the wine bottle on the rack,0,01,verb,base,img512,9,2.4752632057679456e-06,0.029482237940380407,1,1,0.053949845223085935,1,▁wine;▁bottle;▁rack,move
group_bottle_rack,group_bottle_rack/t000_L01_func_bottle_rack_L1_move_base.png,bottle_rack_L1_move,move the wine bottle on the rack,0,01,func,base,img512,9,0.00012049817142544373,0.11748422719453747,2,6,0.33623750592373347,0,▁wine;▁bottle;▁rack,move
group_bottle_rack,group_bottle_rack/t000_L02_allmax_bottle_rack_L1_move_base.png,bottle_rack_L1_move,move the wine bottle on the rack,0,02,allmax,base,img512,9,5.1990644201751054e-05,0.042390017058032865,13,1,0.07587905062299094,1,▁wine;▁bottle;▁rack,move
group_bottle_rack,group_bottle_rack/t000_L02_allsum_bottle_rack_L1_move_base.png,bottle_rack_L1_move,move the wine bottle on the rack,0,02,allsum,base,img512,9,0.00025798007958824777,0.191127103788789,13,1,0.3436562889391024,1,▁wine;▁bottle;▁rack,move
group_bottle_rack,group_bottle_rack/t000_L02_noun_bottle_rack_L1_move_base.png,bottle_rack_L1_move,move the wine bottle on the rack,0,02,noun,base,img512,9,3.811604516386147e-05,0.05759325677522748,13,2,0.10495986306983777,0,▁wine;▁bottle;▁rack,move
group_bottle_rack,group_bottle_rack/t000_L02_verb_bottle_rack_L1_move_base.png,bottle_rack_L1_move,move the wine bottle on the rack,0,02,verb,base,img512,9,3.903929250705148e-06,0.005939631490139514,7,9,0.014371251131829143,0,▁wine;▁bottle;▁rack,move
group_bottle_rack,group_bottle_rack/t000_L02_func_bottle_rack_L1_move_base.png,bottle_rack_L1_move,move the wine bottle on the rack,0,02,func,base,img512,9,0.0001540269309312133,0.127594215523422,13,1,0.2279084362190132,1,▁wine;▁bottle;▁rack,move
group_bottle_rack,group_bottle_rack/t000_L03_allmax_bottle_rack_L1_move_base.png,bottle_rack_L1_move,move the wine bottle on the rack,0,03,allmax,base,img512,9,1.1885555892570894e-05,0.17582287303378175,7,9,0.4408292234890749,0,▁wine;▁bottle;▁rack,move
group_bottle_rack,group_bottle_rack/t000_L03_allsum_bottle_rack_L1_move_base.png,bottle_rack_L1_move,move the wine bottle on the rack,0,03,allsum,base,img512,9,4.18490313512328e-05,0.37936854162442957,7,9,1.069025380070461,0,▁wine;▁bottle;▁rack,move
group_bottle_rack,group_bottle_rack/t000_L03_noun_bottle_rack_L1_move_base.png,bottle_rack_L1_move,move the wine bottle on the rack,0,03,noun,base,img512,9,3.290128266011136e-06,0.3024047772867461,7,9,0.8080885257603438,0,▁wine;▁bottle;▁rack,move
group_bottle_rack,group_bottle_rack/t000_L03_verb_bottle_rack_L1_move_base.png,bottle_rack_L1_move,move the wine bottle on the rack,0,03,verb,base,img512,9,1.2218935176686815e-06,0.019574242518532535,7,9,0.04556557838273728,0,▁wine;▁bottle;▁rack,move
group_bottle_rack,group_bottle_rack/t000_L03_func_bottle_rack_L1_move_base.png,bottle_rack_L1_move,move the wine bottle on the rack,0,03,func,base,img512,9,3.672543929551574e-05,0.09546855936380451,7,9,0.21537127592737967,0,▁wine;▁bottle;▁rack,move
group_bottle_rack,group_bottle_rack/t000_L04_allmax_bottle_rack_L1_move_base.png,bottle_rack_L1_move,move the wine bottle on the rack,0,04,allmax,base,img512,9,3.2353144181774586e-05,0.13587079725460016,7,9,0.3983450231627102,0,▁wine;▁bottle;▁rack,move
group_bottle_rack,group_bottle_rack/t000_L04_allsum_bottle_rack_L1_move_base.png,bottle_rack_L1_move,move the wine bottle on the rack,0,04,allsum,base,img512,9,0.0001329390679491156,0.36718500530337345,7,9,1.1088261935052253,0,▁wine;▁bottle;▁rack,move
group_bottle_rack,group_bottle_rack/t000_L04_noun_bottle_rack_L1_move_base.png,bottle_rack_L1_move,move the wine bottle on the rack,0,04,noun,base,img512,9,1.3323833995142365e-05,0.18306504972721804,7,8,0.6052504952879205,0,▁wine;▁bottle;▁rack,move
group_bottle_rack,group_bottle_rack/t000_L04_verb_bottle_rack_L1_move_base.png,bottle_rack_L1_move,move the wine bottle on the rack,0,04,verb,base,img512,9,1.082754681343733e-05,0.03504823743122913,7,9,0.10756079889379884,0,▁wine;▁bottle;▁rack,move
group_bottle_rack,group_bottle_rack/t000_L04_func_bottle_rack_L1_move_base.png,bottle_rack_L1_move,move the wine bottle on the rack,0,04,func,base,img512,9,9.770061419949145e-05,0.1490717181449262,7,8,0.40097373638404604,0,▁wine;▁bottle;▁rack,move
group_bottle_rack,group_bottle_rack/t000_L05_allmax_bottle_rack_L1_move_base.png,bottle_rack_L1_move,move the wine bottle on the rack,0,05,allmax,base,img512,9,1.092626775430674e-05,0.4406942874213167,7,9,0.8242551076123651,0,▁wine;▁bottle;▁rack,move
group_bottle_rack,group_bottle_rack/t000_L05_allsum_bottle_rack_L1_move_base.png,bottle_rack_L1_move,move the wine bottle on the rack,0,05,allsum,base,img512,9,4.229961778184369e-05,1.6336175781613984,7,9,3.427685843558317,0,▁wine;▁bottle;▁rack,move
group_bottle_rack,group_bottle_rack/t000_L05_noun_bottle_rack_L1_move_base.png,bottle_rack_L1_move,move the wine bottle on the rack,0,05,noun,base,img512,9,5.4650980460178126e-06,0.8758318313050926,7,9,1.66656191234305,0,▁wine;▁bottle;▁rack,move
group_bottle_rack,group_bottle_rack/t000_L05_verb_bottle_rack_L1_move_base.png,bottle_rack_L1_move,move the wine bottle on the rack,0,05,verb,base,img512,9,2.403166897445431e-06,0.11681041354873102,7,9,0.28258246159477046,0,▁wine;▁bottle;▁rack,move
group_bottle_rack,group_bottle_rack/t000_L05_func_bottle_rack_L1_move_base.png,bottle_rack_L1_move,move the wine bottle on the rack,0,05,func,base,img512,9,2.429040980379201e-05,0.6409753333075748,7,9,1.4785414696204964,0,▁wine;▁bottle;▁rack,move
group_bottle_rack,group_bottle_rack/t000_L06_allmax_bottle_rack_L1_move_base.png,bottle_rack_L1_move,move the wine bottle on the rack,0,06,allmax,base,img512,9,9.98875913323899e-07,0.054047011858783106,7,8,0.13072073145282914,0,▁wine;▁bottle;▁rack,move
group_bottle_rack,group_bottle_rack/t000_L06_allsum_bottle_rack_L1_move_base.png,bottle_rack_L1_move,move the wine bottle on the rack,0,06,allsum,base,img512,9,3.7620602776629428e-06,0.28731770164536563,7,8,0.6567274311774388,0,▁wine;▁bottle;▁rack,move
group_bottle_rack,group_bottle_rack/t000_L06_noun_bottle_rack_L1_move_base.png,bottle_rack_L1_move,move the wine bottle on the rack,0,06,noun,base,img512,9,4.265642689194528e-07,0.12852880030506525,7,8,0.2991438193028947,0,▁wine;▁bottle;▁rack,move
group_bottle_rack,group_bottle_rack/t000_L06_verb_bottle_rack_L1_move_base.png,bottle_rack_L1_move,move the wine bottle on the rack,0,06,verb,base,img512,9,1.0927333546609843e-07,0.04801908128277466,7,9,0.09897647644541159,0,▁wine;▁bottle;▁rack,move
group_bottle_rack,group_bottle_rack/t000_L06_func_bottle_rack_L1_move_base.png,bottle_rack_L1_move,move the wine bottle on the rack,0,06,func,base,img512,9,2.6896216300439097e-06,0.11076982005752567,7,8,0.25960880572217604,0,▁wine;▁bottle;▁rack,move
group_bottle_rack,group_bottle_rack/t000_L07_allmax_bottle_rack_L1_move_base.png,bottle_rack_L1_move,move the wine bottle on the rack,0,07,allmax,base,img512,9,2.517672277724476e-05,0.0922739905618851,7,8,0.36629962738035293,0,▁wine;▁bottle;▁rack,move
group_bottle_rack,group_bottle_rack/t000_L07_allsum_bottle_rack_L1_move_base.png,bottle_rack_L1_move,move the wine bottle on the rack,0,07,allsum,base,img512,9,8.491211563338963e-05,0.3673548376219333,7,8,1.1145100536182322,0,▁wine;▁bottle;▁rack,move
group_bottle_rack,group_bottle_rack/t000_L07_noun_bottle_rack_L1_move_base.png,bottle_rack_L1_move,move the wine bottle on the rack,0,07,noun,base,img512,9,8.748399853477346e-06,0.2165560415113822,7,8,0.7149039893617455,0,▁wine;▁bottle;▁rack,move
group_bottle_rack,group_bottle_rack/t000_L07_verb_bottle_rack_L1_move_base.png,bottle_rack_L1_move,move the wine bottle on the rack,0,07,verb,base,img512,9,2.8696015109244274e-06,0.015882132417136735,7,8,0.05035296358337855,0,▁wine;▁bottle;▁rack,move
group_bottle_rack,group_bottle_rack/t000_L07_func_bottle_rack_L1_move_base.png,bottle_rack_L1_move,move the wine bottle on the rack,0,07,func,base,img512,9,6.0393594972058636e-05,0.13491666369341435,7,8,0.3492531006731083,0,▁wine;▁bottle;▁rack,move
group_bottle_rack,group_bottle_rack/t000_L08_allmax_bottle_rack_L1_move_base.png,bottle_rack_L1_move,move the wine bottle on the rack,0,08,allmax,base,img512,9,6.641999679652762e-05,0.3314406514758391,7,8,0.7947459789952896,0,▁wine;▁bottle;▁rack,move
group_bottle_rack,group_bottle_rack/t000_L08_allsum_bottle_rack_L1_move_base.png,bottle_rack_L1_move,move the wine bottle on the rack,0,08,allsum,base,img512,9,0.00012179234594719848,1.3818645150366686,7,8,2.9031092810616843,0,▁wine;▁bottle;▁rack,move
group_bottle_rack,group_bottle_rack/t000_L08_noun_bottle_rack_L1_move_base.png,bottle_rack_L1_move,move the wine bottle on the rack,0,08,noun,base,img512,9,5.796527308768184e-07,0.6915467897645032,7,8,1.3777468221823137,0,▁wine;▁bottle;▁rack,move
group_bottle_rack,group_bottle_rack/t000_L08_verb_bottle_rack_L1_move_base.png,bottle_rack_L1_move,move the wine bottle on the rack,0,08,verb,base,img512,9,7.879759419483653e-07,0.05850953462201949,7,9,0.13239479060439174,0,▁wine;▁bottle;▁rack,move
group_bottle_rack,group_bottle_rack/t000_L08_func_bottle_rack_L1_move_base.png,bottle_rack_L1_move,move the wine bottle on the rack,0,08,func,base,img512,9,0.00011873771973430864,0.6318081906501459,7,8,1.3970107770561322,0,▁wine;▁bottle;▁rack,move
group_bottle_rack,group_bottle_rack/t000_L09_allmax_bottle_rack_L1_move_base.png,bottle_rack_L1_move,move the wine bottle on the rack,0,09,allmax,base,img512,9,4.923690774813389e-06,0.10189558863473372,7,8,0.24729021175340027,0,▁wine;▁bottle;▁rack,move
group_bottle_rack,group_bottle_rack/t000_L09_allsum_bottle_rack_L1_move_base.png,bottle_rack_L1_move,move the wine bottle on the rack,0,09,allsum,base,img512,9,1.4549677758498137e-05,0.3680537687811731,7,9,0.8837868020658165,0,▁wine;▁bottle;▁rack,move
group_bottle_rack,group_bottle_rack/t000_L09_noun_bottle_rack_L1_move_base.png,bottle_rack_L1_move,move the wine bottle on the rack,0,09,noun,base,img512,9,7.121865127213154e-07,0.1392842051809749,7,8,0.2694253126281962,0,▁wine;▁bottle;▁rack,move
group_bottle_rack,group_bottle_rack/t000_L09_verb_bottle_rack_L1_move_base.png,bottle_rack_L1_move,move the wine bottle on the rack,0,09,verb,base,img512,9,8.900743412283863e-08,0.01716228231780398,7,9,0.04125981637593492,0,▁wine;▁bottle;▁rack,move
group_bottle_rack,group_bottle_rack/t000_L09_func_bottle_rack_L1_move_base.png,bottle_rack_L1_move,move the wine bottle on the rack,0,09,func,base,img512,9,1.1206649355599869e-05,0.21160728128239426,7,9,0.5756420041539955,0,▁wine;▁bottle;▁rack,move
group_bottle_rack,group_bottle_rack/t000_L10_allmax_bottle_rack_L1_move_base.png,bottle_rack_L1_move,move the wine bottle on the rack,0,10,allmax,base,img512,9,4.974782301326221e-07,0.04500143651300619,5,8,0.11761374042110997,0,▁wine;▁bottle;▁rack,move
group_bottle_rack,group_bottle_rack/t000_L10_allsum_bottle_rack_L1_move_base.png,bottle_rack_L1_move,move the wine bottle on the rack,0,10,allsum,base,img512,9,1.0325886110405593e-06,0.10897494800404242,7,8,0.33444251696589866,0,▁wine;▁bottle;▁rack,move
group_bottle_rack,group_bottle_rack/t000_L10_noun_bottle_rack_L1_move_base.png,bottle_rack_L1_move,move the wine bottle on the rack,0,10,noun,base,img512,9,3.0350084603631675e-08,0.05390985094134652,5,8,0.12580992964591448,0,▁wine;▁bottle;▁rack,move
group_bottle_rack,group_bottle_rack/t000_L10_verb_bottle_rack_L1_move_base.png,bottle_rack_L1_move,move the wine bottle on the rack,0,10,verb,base,img512,9,1.4109849903656032e-07,0.009676525842872753,7,8,0.02990517375753948,0,▁wine;▁bottle;▁rack,move
group_bottle_rack,group_bottle_rack/t000_L10_func_bottle_rack_L1_move_base.png,bottle_rack_L1_move,move the wine bottle on the rack,0,10,func,base,img512,9,7.269014975319585e-07,0.06856250288875149,7,8,0.2019068336181311,0,▁wine;▁bottle;▁rack,move
group_bottle_rack,group_bottle_rack/t000_L11_allmax_bottle_rack_L1_move_base.png,bottle_rack_L1_move,move the wine bottle on the rack,0,11,allmax,base,img512,9,1.7172757291428543e-07,0.13675247602550322,7,10,0.4045663072268576,0,▁wine;▁bottle;▁rack,move
group_bottle_rack,group_bottle_rack/t000_L11_allsum_bottle_rack_L1_move_base.png,bottle_rack_L1_move,move the wine bottle on the rack,0,11,allsum,base,img512,9,4.870534081626842e-07,0.22212632697165222,7,9,0.704400897234997,0,▁wine;▁bottle;▁rack,move
group_bottle_rack,group_bottle_rack/t000_L11_noun_bottle_rack_L1_move_base.png,bottle_rack_L1_move,move the wine bottle on the rack,0,11,noun,base,img512,9,7.686746393517314e-08,0.13757401727327528,7,9,0.4552702729156285,0,▁wine;▁bottle;▁rack,move
group_bottle_rack,group_bottle_rack/t000_L11_verb_bottle_rack_L1_move_base.png,bottle_rack_L1_move,move the wine bottle on the rack,0,11,verb,base,img512,9,1.0815341356223649e-08,0.014767555905035843,6,8,0.029284204719026857,0,▁wine;▁bottle;▁rack,move
group_bottle_rack,group_bottle_rack/t000_L11_func_bottle_rack_L1_move_base.png,bottle_rack_L1_move,move the wine bottle on the rack,0,11,func,base,img512,9,2.631231996375467e-07,0.12623156333893254,7,8,0.24726742857543857,0,▁wine;▁bottle;▁rack,move
group_bottle_rack,group_bottle_rack/t000_L12_allmax_bottle_rack_L1_move_base.png,bottle_rack_L1_move,move the wine bottle on the rack,0,12,allmax,base,img512,9,4.496975776666137e-08,0.30168218276062625,5,8,0.41134031677442073,0,▁wine;▁bottle;▁rack,move
group_bottle_rack,group_bottle_rack/t000_L12_allsum_bottle_rack_L1_move_base.png,bottle_rack_L1_move,move the wine bottle on the rack,0,12,allsum,base,img512,9,7.995179730891986e-08,0.4312579910864527,5,8,0.9335154698553623,0,▁wine;▁bottle;▁rack,move
group_bottle_rack,group_bottle_rack/t000_L12_noun_bottle_rack_L1_move_base.png,bottle_rack_L1_move,move the wine bottle on the rack,0,12,noun,base,img512,9,7.418012083767748e-10,0.12820783081642081,6,8,0.23029216440723255,0,▁wine;▁bottle;▁rack,move
group_bottle_rack,group_bottle_rack/t000_L12_verb_bottle_rack_L1_move_base.png,bottle_rack_L1_move,move the wine bottle on the rack,0,12,verb,base,img512,9,2.6375526584972896e-09,0.054087508694550784,6,8,0.14733269075261385,0,▁wine;▁bottle;▁rack,move
group_bottle_rack,group_bottle_rack/t000_L12_func_bottle_rack_L1_move_base.png,bottle_rack_L1_move,move the wine bottle on the rack,0,12,func,base,img512,9,3.2357745171707395e-08,0.4074466235757351,5,8,0.685343040860924,0,▁wine;▁bottle;▁rack,move
group_bottle_rack,group_bottle_rack/t000_L13_allmax_bottle_rack_L1_move_base.png,bottle_rack_L1_move,move the wine bottle on the rack,0,13,allmax,base,img512,9,3.595348563051746e-07,0.13636338764393602,1,1,0.3778590749252952,1,▁wine;▁bottle;▁rack,move
group_bottle_rack,group_bottle_rack/t000_L13_allsum_bottle_rack_L1_move_base.png,bottle_rack_L1_move,move the wine bottle on the rack,0,13,allsum,base,img512,9,1.2499932651192283e-06,0.6782121150237621,1,1,1.350387935137693,1,▁wine;▁bottle;▁rack,move
group_bottle_rack,group_bottle_rack/t000_L13_noun_bottle_rack_L1_move_base.png,bottle_rack_L1_move,move the wine bottle on the rack,0,13,noun,base,img512,9,2.5706508644239485e-07,0.2045285684109001,1,1,0.43980456887765684,1,▁wine;▁bottle;▁rack,move
group_bottle_rack,group_bottle_rack/t000_L13_verb_bottle_rack_L1_move_base.png,bottle_rack_L1_move,move the wine bottle on the rack,0,13,verb,base,img512,9,4.522241533286355e-08,0.10171136983774652,1,1,0.1970942483137061,1,▁wine;▁bottle;▁rack,move
group_bottle_rack,group_bottle_rack/t000_L13_func_bottle_rack_L1_move_base.png,bottle_rack_L1_move,move the wine bottle on the rack,0,13,func,base,img512,9,2.2261081949151182e-07,0.3719721767751155,1,1,0.7134891179463302,1,▁wine;▁bottle;▁rack,move
group_bottle_rack,group_bottle_rack/t000_L14_allmax_bottle_rack_L1_move_base.png,bottle_rack_L1_move,move the wine bottle on the rack,0,14,allmax,base,img512,9,3.31786533033839e-08,0.12883145338343324,1,2,0.15126337564346765,1,▁wine;▁bottle;▁rack,move
group_bottle_rack,group_bottle_rack/t000_L14_allsum_bottle_rack_L1_move_base.png,bottle_rack_L1_move,move the wine bottle on the rack,0,14,allsum,base,img512,9,5.972185332197486e-08,0.322494717500792,13,1,0.5482651008811024,1,▁wine;▁bottle;▁rack,move
group_bottle_rack,group_bottle_rack/t000_L14_noun_bottle_rack_L1_move_base.png,bottle_rack_L1_move,move the wine bottle on the rack,0,14,noun,base,img512,9,1.1926275862312479e-08,0.12750970854712856,13,1,0.24312968037550584,1,▁wine;▁bottle;▁rack,move
group_bottle_rack,group_bottle_rack/t000_L14_verb_bottle_rack_L1_move_base.png,bottle_rack_L1_move,move the wine bottle on the rack,0,14,verb,base,img512,9,9.312073557011225e-10,0.053281534411258394,3,6,0.12600564719867177,0,▁wine;▁bottle;▁rack,move
group_bottle_rack,group_bottle_rack/t000_L14_func_bottle_rack_L1_move_base.png,bottle_rack_L1_move,move the wine bottle on the rack,0,14,func,base,img512,9,1.2889326533438694e-08,0.211779557112597,1,1,0.24687554389915792,1,▁wine;▁bottle;▁rack,move
group_bottle_rack,group_bottle_rack/t000_L15_allmax_bottle_rack_L1_move_base.png,bottle_rack_L1_move,move the wine bottle on the rack,0,15,allmax,base,img512,9,7.295636805089694e-09,0.05416465387610181,7,9,0.08629541515613062,0,▁wine;▁bottle;▁rack,move
group_bottle_rack,group_bottle_rack/t000_L15_allsum_bottle_rack_L1_move_base.png,bottle_rack_L1_move,move the wine bottle on the rack,0,15,allsum,base,img512,9,2.0104352547431384e-08,0.2025524027554294,7,8,0.3037812062709351,0,▁wine;▁bottle;▁rack,move
group_bottle_rack,group_bottle_rack/t000_L15_noun_bottle_rack_L1_move_base.png,bottle_rack_L1_move,move the wine bottle on the rack,0,15,noun,base,img512,9,4.436077533485142e-09,0.10673990381400388,7,9,0.1627303998450573,0,▁wine;▁bottle;▁rack,move
group_bottle_rack,group_bottle_rack/t000_L15_verb_bottle_rack_L1_move_base.png,bottle_rack_L1_move,move the wine bottle on the rack,0,15,verb,base,img512,9,8.48913632830515e-11,0.03668649513230822,7,8,0.04716807123330024,0,▁wine;▁bottle;▁rack,move
group_bottle_rack,group_bottle_rack/t000_L15_func_bottle_rack_L1_move_base.png,bottle_rack_L1_move,move the wine bottle on the rack,0,15,func,base,img512,9,1.3688196289513268e-08,0.06252127013210848,1,1,0.152976568976893,1,▁wine;▁bottle;▁rack,move
group_bottle_rack,group_bottle_rack/t000_L16_allmax_bottle_rack_L1_move_base.png,bottle_rack_L1_move,move the wine bottle on the rack,0,16,allmax,base,img512,9,1.1321780171432793e-07,0.04990808725905942,3,6,0.09771779268244027,0,▁wine;▁bottle;▁rack,move
group_bottle_rack,group_bottle_rack/t000_L16_allsum_bottle_rack_L1_move_base.png,bottle_rack_L1_move,move the wine bottle on the rack,0,16,allsum,base,img512,9,2.780821338254105e-07,0.2012389307509303,14,2,0.3293582417714422,1,▁wine;▁bottle;▁rack,move
group_bottle_rack,group_bottle_rack/t000_L16_noun_bottle_rack_L1_move_base.png,bottle_rack_L1_move,move the wine bottle on the rack,0,16,noun,base,img512,9,2.402840303597756e-08,0.06676202920417329,3,7,0.09207964693596545,0,▁wine;▁bottle;▁rack,move
group_bottle_rack,group_bottle_rack/t000_L16_verb_bottle_rack_L1_move_base.png,bottle_rack_L1_move,move the wine bottle on the rack,0,16,verb,base,img512,9,4.707243335755602e-09,0.03564169181328337,14,2,0.03837536618764495,1,▁wine;▁bottle;▁rack,move
group_bottle_rack,group_bottle_rack/t000_L16_func_bottle_rack_L1_move_base.png,bottle_rack_L1_move,move the wine bottle on the rack,0,16,func,base,img512,9,1.3835679903497548e-07,0.11011079848666679,3,6,0.22301257119849544,0,▁wine;▁bottle;▁rack,move
group_bottle_rack,group_bottle_rack/t000_L17_allmax_bottle_rack_L1_move_base.png,bottle_rack_L1_move,move the wine bottle on the rack,0,17,allmax,base,img512,9,1.0981049019550946e-05,0.07369963658145674,14,2,0.12590972831256372,1,▁wine;▁bottle;▁rack,move
group_bottle_rack,group_bottle_rack/t000_L17_allsum_bottle_rack_L1_move_base.png,bottle_rack_L1_move,move the wine bottle on the rack,0,17,allsum,base,img512,9,1.0981049058980291e-05,0.39345476899376447,14,2,0.5416736560030991,1,▁wine;▁bottle;▁rack,move
group_bottle_rack,group_bottle_rack/t000_L17_noun_bottle_rack_L1_move_base.png,bottle_rack_L1_move,move the wine bottle on the rack,0,17,noun,base,img512,9,6.303111502839765e-16,0.13585490429754127,14,2,0.1841377364975348,1,▁wine;▁bottle;▁rack,move
group_bottle_rack,group_bottle_rack/t000_L17_verb_bottle_rack_L1_move_base.png,bottle_rack_L1_move,move the wine bottle on the rack,0,17,verb,base,img512,9,1.9952924504429079e-19,0.04726756091978274,14,2,0.055474521654877075,1,▁wine;▁bottle;▁rack,move
group_bottle_rack,group_bottle_rack/t000_L17_func_bottle_rack_L1_move_base.png,bottle_rack_L1_move,move the wine bottle on the rack,0,17,func,base,img512,9,1.0981049019644679e-05,0.21033230377644047,14,2,0.3020613978506873,1,▁wine;▁bottle;▁rack,move
group_bottle_rack,group_bottle_rack/t000_Lrollout_allmax_bottle_rack_L1_move_base.png,bottle_rack_L1_move,move the wine bottle on the rack,0,rollout,allmax,base,img512,9,7.088098099791655e-05,0.030743446849514647,7,9,0.06165321467265643,0,▁wine;▁bottle;▁rack,move
group_bottle_rack,group_bottle_rack/t000_Lrollout_allsum_bottle_rack_L1_move_base.png,bottle_rack_L1_move,move the wine bottle on the rack,0,rollout,allsum,base,img512,9,0.0006343529374914737,0.27604901269106513,7,9,0.5506728171125044,0,▁wine;▁bottle;▁rack,move
group_bottle_rack,group_bottle_rack/t000_Lrollout_noun_bottle_rack_L1_move_base.png,bottle_rack_L1_move,move the wine bottle on the rack,0,rollout,noun,base,img512,9,0.00021139401373207497,0.09211832967752144,7,9,0.1832237998863854,0,▁wine;▁bottle;▁rack,move
group_bottle_rack,group_bottle_rack/t000_Lrollout_verb_bottle_rack_L1_move_base.png,bottle_rack_L1_move,move the wine bottle on the rack,0,rollout,verb,base,img512,9,7.04563560702816e-05,0.030678230026049746,7,9,0.06112989996443542,0,▁wine;▁bottle;▁rack,move
group_bottle_rack,group_bottle_rack/t000_Lrollout_func_bottle_rack_L1_move_base.png,bottle_rack_L1_move,move the wine bottle on the rack,0,rollout,func,base,img512,9,0.00035250256768911716,0.15325245298749396,7,9,0.3063191172616836,0,▁wine;▁bottle;▁rack,move
group_bottle_rack,group_bottle_rack/t000_L00_allmax_bottle_rack_L2_front_base.png,bottle_rack_L2_front,"on the rack, put the wine bottle",0,00,allmax,base,img512,10,8.683888912217732e-05,0.5936286688875738,13,2,0.6139150145916108,0,▁rack;▁wine;▁bottle,▁put
group_bottle_rack,group_bottle_rack/t000_L00_allsum_bottle_rack_L2_front_base.png,bottle_rack_L2_front,"on the rack, put the wine bottle",0,00,allsum,base,img512,10,0.00016680174146309733,2.6545480400849515,13,2,2.6988751635105914,0,▁rack;▁wine;▁bottle,▁put
group_bottle_rack,group_bottle_rack/t000_L00_noun_bottle_rack_L2_front_base.png,bottle_rack_L2_front,"on the rack, put the wine bottle",0,00,noun,base,img512,10,5.870365649964961e-06,1.127816091567765,13,2,1.1341905860109298,0,▁rack;▁wine;▁bottle,▁put
group_bottle_rack,group_bottle_rack/t000_L00_verb_bottle_rack_L2_front_base.png,bottle_rack_L2_front,"on the rack, put the wine bottle",0,00,verb,base,img512,10,9.513316688640822e-08,0.2223706706379178,13,2,0.23182649000187486,0,▁rack;▁wine;▁bottle,▁put
group_bottle_rack,group_bottle_rack/t000_L00_func_bottle_rack_L2_front_base.png,bottle_rack_L2_front,"on the rack, put the wine bottle",0,00,func,base,img512,10,0.0001220945963133666,1.3043612778792681,13,2,1.3328580874977867,0,▁rack;▁wine;▁bottle,▁put
group_bottle_rack,group_bottle_rack/t000_L01_allmax_bottle_rack_L2_front_base.png,bottle_rack_L2_front,"on the rack, put the wine bottle",0,01,allmax,base,img512,10,3.537780115076348e-05,0.08994012392017917,2,1,0.17321798633080665,1,▁rack;▁wine;▁bottle,▁put
group_bottle_rack,group_bottle_rack/t000_L01_allsum_bottle_rack_L2_front_base.png,bottle_rack_L2_front,"on the rack, put the wine bottle",0,01,allsum,base,img512,10,0.0001698829120373645,0.2196327001868129,2,6,0.5899600452227327,0,▁rack;▁wine;▁bottle,▁put
group_bottle_rack,group_bottle_rack/t000_L01_noun_bottle_rack_L2_front_base.png,bottle_rack_L2_front,"on the rack, put the wine bottle",0,01,noun,base,img512,10,2.779161667827834e-05,0.1370950066052111,1,1,0.2771819681526149,1,▁rack;▁wine;▁bottle,▁put
group_bottle_rack,group_bottle_rack/t000_L01_verb_bottle_rack_L2_front_base.png,bottle_rack_L2_front,"on the rack, put the wine bottle",0,01,verb,base,img512,10,4.591784062161558e-06,0.027393853857877366,1,1,0.05802381389344687,1,▁rack;▁wine;▁bottle,▁put
group_bottle_rack,group_bottle_rack/t000_L01_func_bottle_rack_L2_front_base.png,bottle_rack_L2_front,"on the rack, put the wine bottle",0,01,func,base,img512,10,0.00013749951129692463,0.15634016435626824,2,6,0.42863589385198797,0,▁rack;▁wine;▁bottle,▁put
group_bottle_rack,group_bottle_rack/t000_L02_allmax_bottle_rack_L2_front_base.png,bottle_rack_L2_front,"on the rack, put the wine bottle",0,02,allmax,base,img512,10,4.05151936070219e-05,0.04898767068195962,13,2,0.0812082343583256,0,▁rack;▁wine;▁bottle,▁put
group_bottle_rack,group_bottle_rack/t000_L02_allsum_bottle_rack_L2_front_base.png,bottle_rack_L2_front,"on the rack, put the wine bottle",0,02,allsum,base,img512,10,0.0001506082005413826,0.18648474343850888,13,2,0.3273578253746178,0,▁rack;▁wine;▁bottle,▁put
group_bottle_rack,group_bottle_rack/t000_L02_noun_bottle_rack_L2_front_base.png,bottle_rack_L2_front,"on the rack, put the wine bottle",0,02,noun,base,img512,10,3.0487607422735985e-05,0.0522440121649638,7,9,0.09522739666263173,0,▁rack;▁wine;▁bottle,▁put
group_bottle_rack,group_bottle_rack/t000_L02_verb_bottle_rack_L2_front_base.png,bottle_rack_L2_front,"on the rack, put the wine bottle",0,02,verb,base,img512,10,5.478089890596548e-06,0.009439370311929617,7,9,0.018379284998880592,0,▁rack;▁wine;▁bottle,▁put
group_bottle_rack,group_bottle_rack/t000_L02_func_bottle_rack_L2_front_base.png,bottle_rack_L2_front,"on the rack, put the wine bottle",0,02,func,base,img512,10,0.0001085785828090633,0.1258254272980542,13,2,0.21493303638691416,0,▁rack;▁wine;▁bottle,▁put
group_bottle_rack,group_bottle_rack/t000_L03_allmax_bottle_rack_L2_front_base.png,bottle_rack_L2_front,"on the rack, put the wine bottle",0,03,allmax,base,img512,10,1.0039720344756092e-05,0.11852044694935963,7,9,0.41698626362598895,0,▁rack;▁wine;▁bottle,▁put
group_bottle_rack,group_bottle_rack/t000_L03_allsum_bottle_rack_L2_front_base.png,bottle_rack_L2_front,"on the rack, put the wine bottle",0,03,allsum,base,img512,10,5.1633290106673884e-05,0.35461136393536885,7,9,1.1756547039948484,0,▁rack;▁wine;▁bottle,▁put
group_bottle_rack,group_bottle_rack/t000_L03_noun_bottle_rack_L2_front_base.png,bottle_rack_L2_front,"on the rack, put the wine bottle",0,03,noun,base,img512,10,2.5510237671160403e-06,0.24845638570677617,7,9,0.7807547436242341,0,▁rack;▁wine;▁bottle,▁put
group_bottle_rack,group_bottle_rack/t000_L03_verb_bottle_rack_L2_front_base.png,bottle_rack_L2_front,"on the rack, put the wine bottle",0,03,verb,base,img512,10,2.4509984426058886e-06,0.019515672665028353,7,9,0.08501131711527958,0,▁rack;▁wine;▁bottle,▁put
group_bottle_rack,group_bottle_rack/t000_L03_func_bottle_rack_L2_front_base.png,bottle_rack_L2_front,"on the rack, put the wine bottle",0,03,func,base,img512,10,4.18634997621017e-05,0.09165064670954495,7,9,0.3098886432553349,0,▁rack;▁wine;▁bottle,▁put
group_bottle_rack,group_bottle_rack/t000_L04_allmax_bottle_rack_L2_front_base.png,bottle_rack_L2_front,"on the rack, put the wine bottle",0,04,allmax,base,img512,10,3.347233176838445e-05,0.13345117201164813,7,9,0.39650072362500416,0,▁rack;▁wine;▁bottle,▁put
group_bottle_rack,group_bottle_rack/t000_L04_allsum_bottle_rack_L2_front_base.png,bottle_rack_L2_front,"on the rack, put the wine bottle",0,04,allsum,base,img512,10,0.00016263592634943187,0.47904936136686477,7,9,1.3351247375679614,0,▁rack;▁wine;▁bottle,▁put
group_bottle_rack,group_bottle_rack/t000_L04_noun_bottle_rack_L2_front_base.png,bottle_rack_L2_front,"on the rack, put the wine bottle",0,04,noun,base,img512,10,1.1012264561577502e-05,0.2559439822491282,7,9,0.6774442360794238,0,▁rack;▁wine;▁bottle,▁put
group_bottle_rack,group_bottle_rack/t000_L04_verb_bottle_rack_L2_front_base.png,bottle_rack_L2_front,"on the rack, put the wine bottle",0,04,verb,base,img512,10,1.3565165163856473e-05,0.04430700232845735,7,9,0.13196502996650267,0,▁rack;▁wine;▁bottle,▁put
group_bottle_rack,group_bottle_rack/t000_L04_func_bottle_rack_L2_front_base.png,bottle_rack_L2_front,"on the rack, put the wine bottle",0,04,func,base,img512,10,0.00013363935093931985,0.1787983767892792,7,8,0.5281672322796788,0,▁rack;▁wine;▁bottle,▁put
group_bottle_rack,group_bottle_rack/t000_L05_allmax_bottle_rack_L2_front_base.png,bottle_rack_L2_front,"on the rack, put the wine bottle",0,05,allmax,base,img512,10,1.1008758190812968e-05,0.455426715724041,7,8,0.8125706056509352,0,▁rack;▁wine;▁bottle,▁put
group_bottle_rack,group_bottle_rack/t000_L05_allsum_bottle_rack_L2_front_base.png,bottle_rack_L2_front,"on the rack, put the wine bottle",0,05,allsum,base,img512,10,4.0582991295821076e-05,1.7513149363618457,7,9,3.7110716226005493,0,▁rack;▁wine;▁bottle,▁put
group_bottle_rack,group_bottle_rack/t000_L05_noun_bottle_rack_L2_front_base.png,bottle_rack_L2_front,"on the rack, put the wine bottle",0,05,noun,base,img512,10,4.30365517775603e-06,0.8863769257726387,7,8,1.6262257295721296,0,▁rack;▁wine;▁bottle,▁put
group_bottle_rack,group_bottle_rack/t000_L05_verb_bottle_rack_L2_front_base.png,bottle_rack_L2_front,"on the rack, put the wine bottle",0,05,verb,base,img512,10,9.155513189347603e-07,0.26068493702172557,7,9,0.5520389936504059,0,▁rack;▁wine;▁bottle,▁put
group_bottle_rack,group_bottle_rack/t000_L05_func_bottle_rack_L2_front_base.png,bottle_rack_L2_front,"on the rack, put the wine bottle",0,05,func,base,img512,10,3.0248477144211422e-05,0.6042530735674814,7,9,1.5336725256941937,0,▁rack;▁wine;▁bottle,▁put
group_bottle_rack,group_bottle_rack/t000_L06_allmax_bottle_rack_L2_front_base.png,bottle_rack_L2_front,"on the rack, put the wine bottle",0,06,allmax,base,img512,10,8.645440957784223e-07,0.13134303768043157,6,8,0.27988248181894876,0,▁rack;▁wine;▁bottle,▁put
group_bottle_rack,group_bottle_rack/t000_L06_allsum_bottle_rack_L2_front_base.png,bottle_rack_L2_front,"on the rack, put the wine bottle",0,06,allsum,base,img512,10,3.4566424654275075e-06,0.5959899563534239,7,8,1.273754905410749,0,▁rack;▁wine;▁bottle,▁put
group_bottle_rack,group_bottle_rack/t000_L06_noun_bottle_rack_L2_front_base.png,bottle_rack_L2_front,"on the rack, put the wine bottle",0,06,noun,base,img512,10,5.707801749149254e-07,0.14809657182739425,7,8,0.3639532851031929,0,▁rack;▁wine;▁bottle,▁put
group_bottle_rack,group_bottle_rack/t000_L06_verb_bottle_rack_L2_front_base.png,bottle_rack_L2_front,"on the rack, put the wine bottle",0,06,verb,base,img512,10,6.65210996874334e-08,0.05344344798340691,7,9,0.08374070739155383,0,▁rack;▁wine;▁bottle,▁put
group_bottle_rack,group_bottle_rack/t000_L06_func_bottle_rack_L2_front_base.png,bottle_rack_L2_front,"on the rack, put the wine bottle",0,06,func,base,img512,10,2.3716950517227385e-06,0.3944499365426227,7,8,0.8260781391317057,0,▁rack;▁wine;▁bottle,▁put
group_bottle_rack,group_bottle_rack/t000_L07_allmax_bottle_rack_L2_front_base.png,bottle_rack_L2_front,"on the rack, put the wine bottle",0,07,allmax,base,img512,10,2.9043099032228276e-05,0.13148403744382814,7,8,0.37561460833589133,0,▁rack;▁wine;▁bottle,▁put
group_bottle_rack,group_bottle_rack/t000_L07_allsum_bottle_rack_L2_front_base.png,bottle_rack_L2_front,"on the rack, put the wine bottle",0,07,allsum,base,img512,10,0.00012054233082314283,0.5274344399328437,7,8,1.3974310850346332,0,▁rack;▁wine;▁bottle,▁put
group_bottle_rack,group_bottle_rack/t000_L07_noun_bottle_rack_L2_front_base.png,bottle_rack_L2_front,"on the rack, put the wine bottle",0,07,noun,base,img512,10,1.0436713295738382e-05,0.31042060063542964,7,8,0.7846918990856782,0,▁rack;▁wine;▁bottle,▁put
group_bottle_rack,group_bottle_rack/t000_L07_verb_bottle_rack_L2_front_base.png,bottle_rack_L2_front,"on the rack, put the wine bottle",0,07,verb,base,img512,10,4.34482033843817e-06,0.07468544447084509,7,8,0.19942561872850262,0,▁rack;▁wine;▁bottle,▁put
group_bottle_rack,group_bottle_rack/t000_L07_func_bottle_rack_L2_front_base.png,bottle_rack_L2_front,"on the rack, put the wine bottle",0,07,func,base,img512,10,7.971140686963676e-05,0.142328394826569,7,8,0.4133135672204525,0,▁rack;▁wine;▁bottle,▁put
group_bottle_rack,group_bottle_rack/t000_L08_allmax_bottle_rack_L2_front_base.png,bottle_rack_L2_front,"on the rack, put the wine bottle",0,08,allmax,base,img512,10,5.651478415061695e-05,0.3633040342896528,7,8,0.7317513863296737,0,▁rack;▁wine;▁bottle,▁put
group_bottle_rack,group_bottle_rack/t000_L08_allsum_bottle_rack_L2_front_base.png,bottle_rack_L2_front,"on the rack, put the wine bottle",0,08,allsum,base,img512,10,0.00011828517640823033,2.151791704324039,7,8,3.8687208048964026,0,▁rack;▁wine;▁bottle,▁put
group_bottle_rack,group_bottle_rack/t000_L08_noun_bottle_rack_L2_front_base.png,bottle_rack_L2_front,"on the rack, put the wine bottle",0,08,noun,base,img512,10,1.2862141573110894e-06,0.7740292532268214,7,8,1.4090417457643571,0,▁rack;▁wine;▁bottle,▁put
group_bottle_rack,group_bottle_rack/t000_L08_verb_bottle_rack_L2_front_base.png,bottle_rack_L2_front,"on the rack, put the wine bottle",0,08,verb,base,img512,10,9.235506135061706e-07,0.32978105876201713,7,9,0.49257977851383133,0,▁rack;▁wine;▁bottle,▁put
group_bottle_rack,group_bottle_rack/t000_L08_func_bottle_rack_L2_front_base.png,bottle_rack_L2_front,"on the rack, put the wine bottle",0,08,func,base,img512,10,0.00011360045859674384,1.0479813923352004,7,8,1.9721793866827653,0,▁rack;▁wine;▁bottle,▁put
group_bottle_rack,group_bottle_rack/t000_L09_allmax_bottle_rack_L2_front_base.png,bottle_rack_L2_front,"on the rack, put the wine bottle",0,09,allmax,base,img512,10,6.4943633670852986e-06,0.10998225714340115,7,9,0.20530583553076504,0,▁rack;▁wine;▁bottle,▁put
group_bottle_rack,group_bottle_rack/t000_L09_allsum_bottle_rack_L2_front_base.png,bottle_rack_L2_front,"on the rack, put the wine bottle",0,09,allsum,base,img512,10,1.956091886942205e-05,0.3052535049390527,7,9,0.8524536323796212,0,▁rack;▁wine;▁bottle,▁put
group_bottle_rack,group_bottle_rack/t000_L09_noun_bottle_rack_L2_front_base.png,bottle_rack_L2_front,"on the rack, put the wine bottle",0,09,noun,base,img512,10,9.460627417303455e-07,0.1182592841709708,7,8,0.28318813774151447,0,▁rack;▁wine;▁bottle,▁put
group_bottle_rack,group_bottle_rack/t000_L09_verb_bottle_rack_L2_front_base.png,bottle_rack_L2_front,"on the rack, put the wine bottle",0,09,verb,base,img512,10,4.2270536952103785e-07,0.022492175059657674,7,9,0.07000048905493811,0,▁rack;▁wine;▁bottle,▁put
group_bottle_rack,group_bottle_rack/t000_L09_func_bottle_rack_L2_front_base.png,bottle_rack_L2_front,"on the rack, put the wine bottle",0,09,func,base,img512,10,1.4514804565180201e-05,0.1936164562363727,7,9,0.500066322199462,0,▁rack;▁wine;▁bottle,▁put
group_bottle_rack,group_bottle_rack/t000_L10_allmax_bottle_rack_L2_front_base.png,bottle_rack_L2_front,"on the rack, put the wine bottle",0,10,allmax,base,img512,10,1.6195140725376285e-06,0.04643226980491636,7,8,0.10876367757041959,0,▁rack;▁wine;▁bottle,▁put
group_bottle_rack,group_bottle_rack/t000_L10_allsum_bottle_rack_L2_front_base.png,bottle_rack_L2_front,"on the rack, put the wine bottle",0,10,allsum,base,img512,10,5.3755730519584606e-06,0.18548636015233477,7,8,0.4400916170094618,0,▁rack;▁wine;▁bottle,▁put
group_bottle_rack,group_bottle_rack/t000_L10_noun_bottle_rack_L2_front_base.png,bottle_rack_L2_front,"on the rack, put the wine bottle",0,10,noun,base,img512,10,6.730482498174093e-08,0.05472227395056584,6,8,0.12246930588707783,0,▁rack;▁wine;▁bottle,▁put
group_bottle_rack,group_bottle_rack/t000_L10_verb_bottle_rack_L2_front_base.png,bottle_rack_L2_front,"on the rack, put the wine bottle",0,10,verb,base,img512,10,7.627868463708017e-07,0.021060607319241434,7,8,0.04118522997331706,0,▁rack;▁wine;▁bottle,▁put
group_bottle_rack,group_bottle_rack/t000_L10_func_bottle_rack_L2_front_base.png,bottle_rack_L2_front,"on the rack, put the wine bottle",0,10,func,base,img512,10,3.6154671892129668e-06,0.10970347888252752,7,8,0.2787817183650968,0,▁rack;▁wine;▁bottle,▁put
group_bottle_rack,group_bottle_rack/t000_L11_allmax_bottle_rack_L2_front_base.png,bottle_rack_L2_front,"on the rack, put the wine bottle",0,11,allmax,base,img512,10,9.365944295936893e-07,0.09460477472671619,7,8,0.3226709452498651,0,▁rack;▁wine;▁bottle,▁put
group_bottle_rack,group_bottle_rack/t000_L11_allsum_bottle_rack_L2_front_base.png,bottle_rack_L2_front,"on the rack, put the wine bottle",0,11,allsum,base,img512,10,2.194124302415778e-06,0.30628334973303856,7,8,0.9283909854734331,0,▁rack;▁wine;▁bottle,▁put
group_bottle_rack,group_bottle_rack/t000_L11_noun_bottle_rack_L2_front_base.png,bottle_rack_L2_front,"on the rack, put the wine bottle",0,11,noun,base,img512,10,3.2220071690213896e-08,0.10800996819464395,7,8,0.4506749942100686,0,▁rack;▁wine;▁bottle,▁put
group_bottle_rack,group_bottle_rack/t000_L11_verb_bottle_rack_L2_front_base.png,bottle_rack_L2_front,"on the rack, put the wine bottle",0,11,verb,base,img512,10,5.30124828352466e-08,0.033655629284125674,14,14,0.03413464449290359,1,▁rack;▁wine;▁bottle,▁put
group_bottle_rack,group_bottle_rack/t000_L11_func_bottle_rack_L2_front_base.png,bottle_rack_L2_front,"on the rack, put the wine bottle",0,11,func,base,img512,10,1.119006621070075e-06,0.19800001089509006,7,8,0.45470492067409085,0,▁rack;▁wine;▁bottle,▁put
group_bottle_rack,group_bottle_rack/t000_L12_allmax_bottle_rack_L2_front_base.png,bottle_rack_L2_front,"on the rack, put the wine bottle",0,12,allmax,base,img512,10,1.8908719747756388e-08,0.12045801138551543,7,8,0.21704638973375423,0,▁rack;▁wine;▁bottle,▁put
group_bottle_rack,group_bottle_rack/t000_L12_allsum_bottle_rack_L2_front_base.png,bottle_rack_L2_front,"on the rack, put the wine bottle",0,12,allsum,base,img512,10,6.459244546461457e-08,0.2713058584507055,6,8,0.7670121300911621,0,▁rack;▁wine;▁bottle,▁put
group_bottle_rack,group_bottle_rack/t000_L12_noun_bottle_rack_L2_front_base.png,bottle_rack_L2_front,"on the rack, put the wine bottle",0,12,noun,base,img512,10,2.568690904940664e-09,0.08407611095058842,6,8,0.2541408844030757,0,▁rack;▁wine;▁bottle,▁put
group_bottle_rack,group_bottle_rack/t000_L12_verb_bottle_rack_L2_front_base.png,bottle_rack_L2_front,"on the rack, put the wine bottle",0,12,verb,base,img512,10,9.919918853281066e-10,0.020921484350438863,6,8,0.04754986103996521,0,▁rack;▁wine;▁bottle,▁put
group_bottle_rack,group_bottle_rack/t000_L12_func_bottle_rack_L2_front_base.png,bottle_rack_L2_front,"on the rack, put the wine bottle",0,12,func,base,img512,10,5.973334391777277e-08,0.19153081023952317,6,8,0.46532138464812123,0,▁rack;▁wine;▁bottle,▁put
group_bottle_rack,group_bottle_rack/t000_L13_allmax_bottle_rack_L2_front_base.png,bottle_rack_L2_front,"on the rack, put the wine bottle",0,13,allmax,base,img512,10,5.305295871914292e-07,0.14017920997493502,1,1,0.2923499892974433,1,▁rack;▁wine;▁bottle,▁put
group_bottle_rack,group_bottle_rack/t000_L13_allsum_bottle_rack_L2_front_base.png,bottle_rack_L2_front,"on the rack, put the wine bottle",0,13,allsum,base,img512,10,1.3644241852380052e-06,0.5318314723801946,1,1,1.0229625341692299,1,▁rack;▁wine;▁bottle,▁put
group_bottle_rack,group_bottle_rack/t000_L13_noun_bottle_rack_L2_front_base.png,bottle_rack_L2_front,"on the rack, put the wine bottle",0,13,noun,base,img512,10,1.0195394806576992e-07,0.24051962143611297,1,1,0.4679150930043515,1,▁rack;▁wine;▁bottle,▁put
group_bottle_rack,group_bottle_rack/t000_L13_verb_bottle_rack_L2_front_base.png,bottle_rack_L2_front,"on the rack, put the wine bottle",0,13,verb,base,img512,10,2.5683531431831435e-08,0.028282085300354795,13,1,0.03751297729332335,1,▁rack;▁wine;▁bottle,▁put
group_bottle_rack,group_bottle_rack/t000_L13_func_bottle_rack_L2_front_base.png,bottle_rack_L2_front,"on the rack, put the wine bottle",0,13,func,base,img512,10,6.508994875721333e-07,0.28686449969630246,1,1,0.5337451260918845,1,▁rack;▁wine;▁bottle,▁put
group_bottle_rack,group_bottle_rack/t000_L14_allmax_bottle_rack_L2_front_base.png,bottle_rack_L2_front,"on the rack, put the wine bottle",0,14,allmax,base,img512,10,1.1183628324097574e-07,0.14331170369418944,1,1,0.1636134691889794,1,▁rack;▁wine;▁bottle,▁put
group_bottle_rack,group_bottle_rack/t000_L14_allsum_bottle_rack_L2_front_base.png,bottle_rack_L2_front,"on the rack, put the wine bottle",0,14,allsum,base,img512,10,2.570738535544132e-07,0.3658233237089322,13,1,0.6652772161744775,1,▁rack;▁wine;▁bottle,▁put
group_bottle_rack,group_bottle_rack/t000_L14_noun_bottle_rack_L2_front_base.png,bottle_rack_L2_front,"on the rack, put the wine bottle",0,14,noun,base,img512,10,1.3551198520403977e-08,0.11390109357391363,13,1,0.21576534483826995,1,▁rack;▁wine;▁bottle,▁put
group_bottle_rack,group_bottle_rack/t000_L14_verb_bottle_rack_L2_front_base.png,bottle_rack_L2_front,"on the rack, put the wine bottle",0,14,verb,base,img512,10,5.556238227683308e-12,0.06274997468079023,13,1,0.11166105407653958,1,▁rack;▁wine;▁bottle,▁put
group_bottle_rack,group_bottle_rack/t000_L14_func_bottle_rack_L2_front_base.png,bottle_rack_L2_front,"on the rack, put the wine bottle",0,14,func,base,img512,10,1.80645787372412e-07,0.262269331457848,13,1,0.33785081725966803,1,▁rack;▁wine;▁bottle,▁put
group_bottle_rack,group_bottle_rack/t000_L15_allmax_bottle_rack_L2_front_base.png,bottle_rack_L2_front,"on the rack, put the wine bottle",0,15,allmax,base,img512,10,8.788492267363606e-09,0.13762849244186776,7,8,0.20958564833682766,0,▁rack;▁wine;▁bottle,▁put
group_bottle_rack,group_bottle_rack/t000_L15_allsum_bottle_rack_L2_front_base.png,bottle_rack_L2_front,"on the rack, put the wine bottle",0,15,allsum,base,img512,10,2.707959851423345e-08,0.43910442022428653,7,8,0.6763468143464076,0,▁rack;▁wine;▁bottle,▁put
group_bottle_rack,group_bottle_rack/t000_L15_noun_bottle_rack_L2_front_base.png,bottle_rack_L2_front,"on the rack, put the wine bottle",0,15,noun,base,img512,10,3.2315535091435113e-09,0.24775064980717665,7,8,0.3732085910998596,0,▁rack;▁wine;▁bottle,▁put
group_bottle_rack,group_bottle_rack/t000_L15_verb_bottle_rack_L2_front_base.png,bottle_rack_L2_front,"on the rack, put the wine bottle",0,15,verb,base,img512,10,2.4405901035637137e-11,0.029093213814166918,7,9,0.044730120483783074,0,▁rack;▁wine;▁bottle,▁put
group_bottle_rack,group_bottle_rack/t000_L15_func_bottle_rack_L2_front_base.png,bottle_rack_L2_front,"on the rack, put the wine bottle",0,15,func,base,img512,10,2.0336109012030656e-08,0.162260556602943,7,8,0.2584174117066305,0,▁rack;▁wine;▁bottle,▁put
group_bottle_rack,group_bottle_rack/t000_L16_allmax_bottle_rack_L2_front_base.png,bottle_rack_L2_front,"on the rack, put the wine bottle",0,16,allmax,base,img512,10,1.6461898374685575e-07,0.05708937661078245,3,8,0.14124764740609735,0,▁rack;▁wine;▁bottle,▁put
group_bottle_rack,group_bottle_rack/t000_L16_allsum_bottle_rack_L2_front_base.png,bottle_rack_L2_front,"on the rack, put the wine bottle",0,16,allsum,base,img512,10,5.421255459190714e-07,0.16337944592425693,3,7,0.3396588391231481,0,▁rack;▁wine;▁bottle,▁put
group_bottle_rack,group_bottle_rack/t000_L16_noun_bottle_rack_L2_front_base.png,bottle_rack_L2_front,"on the rack, put the wine bottle",0,16,noun,base,img512,10,5.477825931252029e-09,0.05886366492440631,3,7,0.1309081765667913,0,▁rack;▁wine;▁bottle,▁put
group_bottle_rack,group_bottle_rack/t000_L16_verb_bottle_rack_L2_front_base.png,bottle_rack_L2_front,"on the rack, put the wine bottle",0,16,verb,base,img512,10,9.067147575233284e-09,0.02278482676885583,14,2,0.03799278930251048,1,▁rack;▁wine;▁bottle,▁put
group_bottle_rack,group_bottle_rack/t000_L16_func_bottle_rack_L2_front_base.png,bottle_rack_L2_front,"on the rack, put the wine bottle",0,16,func,base,img512,10,2.6352211290662553e-07,0.09066408337206713,3,8,0.21184413183200387,0,▁rack;▁wine;▁bottle,▁put
group_bottle_rack,group_bottle_rack/t000_L17_allmax_bottle_rack_L2_front_base.png,bottle_rack_L2_front,"on the rack, put the wine bottle",0,17,allmax,base,img512,10,9.078593586242996e-06,0.07054619983791136,14,2,0.12383771508674982,1,▁rack;▁wine;▁bottle,▁put
group_bottle_rack,group_bottle_rack/t000_L17_allsum_bottle_rack_L2_front_base.png,bottle_rack_L2_front,"on the rack, put the wine bottle",0,17,allsum,base,img512,10,9.07859423125703e-06,0.40258652441173165,14,2,0.5831484919466328,1,▁rack;▁wine;▁bottle,▁put
group_bottle_rack,group_bottle_rack/t000_L17_noun_bottle_rack_L2_front_base.png,bottle_rack_L2_front,"on the rack, put the wine bottle",0,17,noun,base,img512,10,9.686033020447062e-16,0.13041688620628872,14,2,0.18303001331033705,1,▁rack;▁wine;▁bottle,▁put
group_bottle_rack,group_bottle_rack/t000_L17_verb_bottle_rack_L2_front_base.png,bottle_rack_L2_front,"on the rack, put the wine bottle",0,17,verb,base,img512,10,1.8805888056168588e-20,0.043253207646630744,13,1,0.061081596297576625,1,▁rack;▁wine;▁bottle,▁put
group_bottle_rack,group_bottle_rack/t000_L17_func_bottle_rack_L2_front_base.png,bottle_rack_L2_front,"on the rack, put the wine bottle",0,17,func,base,img512,10,9.078593587450452e-06,0.23057830043230876,14,2,0.34069875221221557,1,▁rack;▁wine;▁bottle,▁put
group_bottle_rack,group_bottle_rack/t000_Lrollout_allmax_bottle_rack_L2_front_base.png,bottle_rack_L2_front,"on the rack, put the wine bottle",0,rollout,allmax,base,img512,10,7.108675522381951e-05,0.032256690298156934,7,9,0.06166796732313657,0,▁rack;▁wine;▁bottle,▁put
group_bottle_rack,group_bottle_rack/t000_Lrollout_allsum_bottle_rack_L2_front_base.png,bottle_rack_L2_front,"on the rack, put the wine bottle",0,rollout,allsum,base,img512,10,0.0007071210522386388,0.3218912613910962,7,9,0.6115403525170713,0,▁rack;▁wine;▁bottle,▁put
group_bottle_rack,group_bottle_rack/t000_Lrollout_noun_bottle_rack_L2_front_base.png,bottle_rack_L2_front,"on the rack, put the wine bottle",0,rollout,noun,base,img512,10,0.00021205809825475784,0.09665257596241014,7,9,0.18323259514860632,0,▁rack;▁wine;▁bottle,▁put
group_bottle_rack,group_bottle_rack/t000_Lrollout_verb_bottle_rack_L2_front_base.png,bottle_rack_L2_front,"on the rack, put the wine bottle",0,rollout,verb,base,img512,10,7.054304660248415e-05,0.03209878551306578,7,9,0.06166796732313657,0,▁rack;▁wine;▁bottle,▁put
group_bottle_rack,group_bottle_rack/t000_Lrollout_func_bottle_rack_L2_front_base.png,bottle_rack_L2_front,"on the rack, put the wine bottle",0,rollout,func,base,img512,10,0.00042451990738139685,0.1931398999156203,7,9,0.3666397900453285,0,▁rack;▁wine;▁bottle,▁put
group_bottle_rack,group_bottle_rack/t000_L00_allmax_bottle_rack_L3_please_base.png,bottle_rack_L3_please,please put the wine bottle on the rack,0,00,allmax,base,img512,10,8.68381742551793e-05,0.6692062818059933,13,2,0.6893482043913722,0,▁wine;▁bottle;▁rack,▁put
group_bottle_rack,group_bottle_rack/t000_L00_allsum_bottle_rack_L3_please_base.png,bottle_rack_L3_please,please put the wine bottle on the rack,0,00,allsum,base,img512,10,0.00017431055043738277,2.732175550946567,13,1,2.771120233370386,1,▁wine;▁bottle;▁rack,▁put
group_bottle_rack,group_bottle_rack/t000_L00_noun_bottle_rack_L3_please_base.png,bottle_rack_L3_please,please put the wine bottle on the rack,0,00,noun,base,img512,10,4.9974091975389925e-06,0.9763420497211106,13,1,0.9820808993785906,1,▁wine;▁bottle;▁rack,▁put
group_bottle_rack,group_bottle_rack/t000_L00_verb_bottle_rack_L3_please_base.png,bottle_rack_L3_please,please put the wine bottle on the rack,0,00,verb,base,img512,10,1.3069029000161284e-07,0.24666182533588754,13,1,0.25050861218101367,1,▁wine;▁bottle;▁rack,▁put
group_bottle_rack,group_bottle_rack/t000_L00_func_bottle_rack_L3_please_base.png,bottle_rack_L3_please,please put the wine bottle on the rack,0,00,func,base,img512,10,0.0001359097644551237,1.509171675889569,13,2,1.538549906616227,0,▁wine;▁bottle;▁rack,▁put
group_bottle_rack,group_bottle_rack/t000_L01_allmax_bottle_rack_L3_please_base.png,bottle_rack_L3_please,please put the wine bottle on the rack,0,01,allmax,base,img512,10,3.994340942630207e-05,0.06432357822913257,1,1,0.13568548658489266,1,▁wine;▁bottle;▁rack,▁put
group_bottle_rack,group_bottle_rack/t000_L01_allsum_bottle_rack_L3_please_base.png,bottle_rack_L3_please,please put the wine bottle on the rack,0,01,allsum,base,img512,10,0.00019189911578260403,0.18182681130251113,2,6,0.5111662850264378,0,▁wine;▁bottle;▁rack,▁put
group_bottle_rack,group_bottle_rack/t000_L01_noun_bottle_rack_L3_please_base.png,bottle_rack_L3_please,please put the wine bottle on the rack,0,01,noun,base,img512,10,2.6305596450707776e-05,0.09575091276035574,1,1,0.22163575849732037,1,▁wine;▁bottle;▁rack,▁put
group_bottle_rack,group_bottle_rack/t000_L01_verb_bottle_rack_L3_please_base.png,bottle_rack_L3_please,please put the wine bottle on the rack,0,01,verb,base,img512,10,3.5492530981139958e-06,0.018799480564413155,1,1,0.040539304893665404,1,▁wine;▁bottle;▁rack,▁put
group_bottle_rack,group_bottle_rack/t000_L01_func_bottle_rack_L3_please_base.png,bottle_rack_L3_please,please put the wine bottle on the rack,0,01,func,base,img512,10,0.0001365724685033641,0.13217511272186555,2,6,0.3684465086793157,0,▁wine;▁bottle;▁rack,▁put
group_bottle_rack,group_bottle_rack/t000_L02_allmax_bottle_rack_L3_please_base.png,bottle_rack_L3_please,please put the wine bottle on the rack,0,02,allmax,base,img512,10,5.476823431576754e-05,0.04665629644887481,13,1,0.08063548223297454,1,▁wine;▁bottle;▁rack,▁put
group_bottle_rack,group_bottle_rack/t000_L02_allsum_bottle_rack_L3_please_base.png,bottle_rack_L3_please,please put the wine bottle on the rack,0,02,allsum,base,img512,10,0.0002355401974682856,0.23340063215808457,13,2,0.420183247036564,0,▁wine;▁bottle;▁rack,▁put
group_bottle_rack,group_bottle_rack/t000_L02_noun_bottle_rack_L3_please_base.png,bottle_rack_L3_please,please put the wine bottle on the rack,0,02,noun,base,img512,10,3.463623463300949e-05,0.061733338174213566,13,2,0.11132312431238713,0,▁wine;▁bottle;▁rack,▁put
group_bottle_rack,group_bottle_rack/t000_L02_verb_bottle_rack_L3_please_base.png,bottle_rack_L3_please,please put the wine bottle on the rack,0,02,verb,base,img512,10,6.491637358552564e-06,0.010825616526945228,7,9,0.02575155254490943,0,▁wine;▁bottle;▁rack,▁put
group_bottle_rack,group_bottle_rack/t000_L02_func_bottle_rack_L3_please_base.png,bottle_rack_L3_please,please put the wine bottle on the rack,0,02,func,base,img512,10,0.00019378248128698182,0.16084167745692576,13,1,0.287012060191764,1,▁wine;▁bottle;▁rack,▁put
group_bottle_rack,group_bottle_rack/t000_L03_allmax_bottle_rack_L3_please_base.png,bottle_rack_L3_please,please put the wine bottle on the rack,0,03,allmax,base,img512,10,1.048792538290582e-05,0.1794485333184251,7,9,0.4359374559377919,0,▁wine;▁bottle;▁rack,▁put
group_bottle_rack,group_bottle_rack/t000_L03_allsum_bottle_rack_L3_please_base.png,bottle_rack_L3_please,please put the wine bottle on the rack,0,03,allsum,base,img512,10,4.592106531459586e-05,0.4160404787527429,7,9,1.2215148000336278,0,▁wine;▁bottle;▁rack,▁put
group_bottle_rack,group_bottle_rack/t000_L03_noun_bottle_rack_L3_please_base.png,bottle_rack_L3_please,please put the wine bottle on the rack,0,03,noun,base,img512,10,2.830368171497664e-06,0.3018150608363187,7,9,0.79777738499164,0,▁wine;▁bottle;▁rack,▁put
group_bottle_rack,group_bottle_rack/t000_L03_verb_bottle_rack_L3_please_base.png,bottle_rack_L3_please,please put the wine bottle on the rack,0,03,verb,base,img512,10,2.7480558938797585e-06,0.025565395235753487,7,9,0.1025461531244089,0,▁wine;▁bottle;▁rack,▁put
group_bottle_rack,group_bottle_rack/t000_L03_func_bottle_rack_L3_please_base.png,bottle_rack_L3_please,please put the wine bottle on the rack,0,03,func,base,img512,10,3.853828143572926e-05,0.09482861001212513,7,9,0.321191261917579,0,▁wine;▁bottle;▁rack,▁put
group_bottle_rack,group_bottle_rack/t000_L04_allmax_bottle_rack_L3_please_base.png,bottle_rack_L3_please,please put the wine bottle on the rack,0,04,allmax,base,img512,10,3.624181545534387e-05,0.13828397145259286,7,8,0.3853072152697797,0,▁wine;▁bottle;▁rack,▁put
group_bottle_rack,group_bottle_rack/t000_L04_allsum_bottle_rack_L3_please_base.png,bottle_rack_L3_please,please put the wine bottle on the rack,0,04,allsum,base,img512,10,0.0001770473702352932,0.36062146502054443,7,8,1.1615076065929715,0,▁wine;▁bottle;▁rack,▁put
group_bottle_rack,group_bottle_rack/t000_L04_noun_bottle_rack_L3_please_base.png,bottle_rack_L3_please,please put the wine bottle on the rack,0,04,noun,base,img512,10,1.2073001247248008e-05,0.15989364594130964,7,8,0.5579516173818335,0,▁wine;▁bottle;▁rack,▁put
group_bottle_rack,group_bottle_rack/t000_L04_verb_bottle_rack_L3_please_base.png,bottle_rack_L3_please,please put the wine bottle on the rack,0,04,verb,base,img512,10,1.0014072212908992e-05,0.03762895073767423,7,9,0.1263065363446403,0,▁wine;▁bottle;▁rack,▁put
group_bottle_rack,group_bottle_rack/t000_L04_func_bottle_rack_L3_please_base.png,bottle_rack_L3_please,please put the wine bottle on the rack,0,04,func,base,img512,10,0.00014053467204748623,0.1665002880080313,7,8,0.4817706243917706,0,▁wine;▁bottle;▁rack,▁put
group_bottle_rack,group_bottle_rack/t000_L05_allmax_bottle_rack_L3_please_base.png,bottle_rack_L3_please,please put the wine bottle on the rack,0,05,allmax,base,img512,10,1.2246378806144937e-05,0.4808688250004279,7,9,0.8744567472202389,0,▁wine;▁bottle;▁rack,▁put
group_bottle_rack,group_bottle_rack/t000_L05_allsum_bottle_rack_L3_please_base.png,bottle_rack_L3_please,please put the wine bottle on the rack,0,05,allsum,base,img512,10,4.774678584592706e-05,1.8490073414390507,7,9,3.9680422471720744,0,▁wine;▁bottle;▁rack,▁put
group_bottle_rack,group_bottle_rack/t000_L05_noun_bottle_rack_L3_please_base.png,bottle_rack_L3_please,please put the wine bottle on the rack,0,05,noun,base,img512,10,6.640667961909352e-06,0.8949278162065479,7,9,1.6800007697377803,0,▁wine;▁bottle;▁rack,▁put
group_bottle_rack,group_bottle_rack/t000_L05_verb_bottle_rack_L3_please_base.png,bottle_rack_L3_please,please put the wine bottle on the rack,0,05,verb,base,img512,10,1.1955069325606896e-06,0.2220907462997887,7,9,0.509324262707571,0,▁wine;▁bottle;▁rack,▁put
group_bottle_rack,group_bottle_rack/t000_L05_func_bottle_rack_L3_please_base.png,bottle_rack_L3_please,please put the wine bottle on the rack,0,05,func,base,img512,10,3.233858632989294e-05,0.7319887789327135,7,9,1.7787172147267227,0,▁wine;▁bottle;▁rack,▁put
group_bottle_rack,group_bottle_rack/t000_L06_allmax_bottle_rack_L3_please_base.png,bottle_rack_L3_please,please put the wine bottle on the rack,0,06,allmax,base,img512,10,1.0984491983113317e-06,0.08668106295506653,7,8,0.21033779915031306,0,▁wine;▁bottle;▁rack,▁put
group_bottle_rack,group_bottle_rack/t000_L06_allsum_bottle_rack_L3_please_base.png,bottle_rack_L3_please,please put the wine bottle on the rack,0,06,allsum,base,img512,10,4.089805943399517e-06,0.43670280036332615,7,8,0.9585925415308318,0,▁wine;▁bottle;▁rack,▁put
group_bottle_rack,group_bottle_rack/t000_L06_noun_bottle_rack_L3_please_base.png,bottle_rack_L3_please,please put the wine bottle on the rack,0,06,noun,base,img512,10,4.891490218854234e-07,0.11167226148948249,7,8,0.2805724561347985,0,▁wine;▁bottle;▁rack,▁put
group_bottle_rack,group_bottle_rack/t000_L06_verb_bottle_rack_L3_please_base.png,bottle_rack_L3_please,please put the wine bottle on the rack,0,06,verb,base,img512,10,6.087567816532327e-08,0.06308098992889316,7,9,0.10792988580310066,0,▁wine;▁bottle;▁rack,▁put
group_bottle_rack,group_bottle_rack/t000_L06_func_bottle_rack_L3_please_base.png,bottle_rack_L3_please,please put the wine bottle on the rack,0,06,func,base,img512,10,3.0574834541795992e-06,0.2619495489449505,7,8,0.5705875982474985,0,▁wine;▁bottle;▁rack,▁put
group_bottle_rack,group_bottle_rack/t000_L07_allmax_bottle_rack_L3_please_base.png,bottle_rack_L3_please,please put the wine bottle on the rack,0,07,allmax,base,img512,10,3.3079400169689086e-05,0.08540789186913363,7,8,0.29709645892775965,0,▁wine;▁bottle;▁rack,▁put
group_bottle_rack,group_bottle_rack/t000_L07_allsum_bottle_rack_L3_please_base.png,bottle_rack_L3_please,please put the wine bottle on the rack,0,07,allsum,base,img512,10,0.00014862255097033145,0.36683815269658654,7,8,1.0906058608784288,0,▁wine;▁bottle;▁rack,▁put
group_bottle_rack,group_bottle_rack/t000_L07_noun_bottle_rack_L3_please_base.png,bottle_rack_L3_please,please put the wine bottle on the rack,0,07,noun,base,img512,10,8.618580378383452e-06,0.1817034697979153,7,8,0.57528541266226,0,▁wine;▁bottle;▁rack,▁put
group_bottle_rack,group_bottle_rack/t000_L07_verb_bottle_rack_L3_please_base.png,bottle_rack_L3_please,please put the wine bottle on the rack,0,07,verb,base,img512,10,2.8128392519557405e-06,0.048327719511141266,7,8,0.14534429049340167,0,▁wine;▁bottle;▁rack,▁put
group_bottle_rack,group_bottle_rack/t000_L07_func_bottle_rack_L3_please_base.png,bottle_rack_L3_please,please put the wine bottle on the rack,0,07,func,base,img512,10,9.862044216931673e-05,0.13680696338752998,7,8,0.3699761577227673,0,▁wine;▁bottle;▁rack,▁put
group_bottle_rack,group_bottle_rack/t000_L08_allmax_bottle_rack_L3_please_base.png,bottle_rack_L3_please,please put the wine bottle on the rack,0,08,allmax,base,img512,10,6.187114934053162e-05,0.3459190543566534,7,8,0.8170255673790874,0,▁wine;▁bottle;▁rack,▁put
group_bottle_rack,group_bottle_rack/t000_L08_allsum_bottle_rack_L3_please_base.png,bottle_rack_L3_please,please put the wine bottle on the rack,0,08,allsum,base,img512,10,0.0001312295599865483,1.799879273029243,7,8,3.6404258590240612,0,▁wine;▁bottle;▁rack,▁put
group_bottle_rack,group_bottle_rack/t000_L08_noun_bottle_rack_L3_please_base.png,bottle_rack_L3_please,please put the wine bottle on the rack,0,08,noun,base,img512,10,4.688696644922569e-07,0.7278459278357916,7,8,1.3569449452769902,0,▁wine;▁bottle;▁rack,▁put
group_bottle_rack,group_bottle_rack/t000_L08_verb_bottle_rack_L3_please_base.png,bottle_rack_L3_please,please put the wine bottle on the rack,0,08,verb,base,img512,10,1.1057281825974606e-06,0.26063818967626934,7,9,0.4706396197275684,0,▁wine;▁bottle;▁rack,▁put
group_bottle_rack,group_bottle_rack/t000_L08_func_bottle_rack_L3_please_base.png,bottle_rack_L3_please,please put the wine bottle on the rack,0,08,func,base,img512,10,0.00012845318372489492,0.8113951555171818,7,8,1.8150645922129511,0,▁wine;▁bottle;▁rack,▁put
group_bottle_rack,group_bottle_rack/t000_L09_allmax_bottle_rack_L3_please_base.png,bottle_rack_L3_please,please put the wine bottle on the rack,0,09,allmax,base,img512,10,4.532435666774324e-06,0.0763290126810518,7,8,0.19371255037956592,0,▁wine;▁bottle;▁rack,▁put
group_bottle_rack,group_bottle_rack/t000_L09_allsum_bottle_rack_L3_please_base.png,bottle_rack_L3_please,please put the wine bottle on the rack,0,09,allsum,base,img512,10,1.5700272483158933e-05,0.3569853794440576,7,9,0.8532936352381089,0,▁wine;▁bottle;▁rack,▁put
group_bottle_rack,group_bottle_rack/t000_L09_noun_bottle_rack_L3_please_base.png,bottle_rack_L3_please,please put the wine bottle on the rack,0,09,noun,base,img512,10,8.272308766173988e-07,0.10887171752433199,7,8,0.23043382687044178,0,▁wine;▁bottle;▁rack,▁put
group_bottle_rack,group_bottle_rack/t000_L09_verb_bottle_rack_L3_please_base.png,bottle_rack_L3_please,please put the wine bottle on the rack,0,09,verb,base,img512,10,2.86402482698149e-07,0.050949011311112014,7,9,0.12867837771734383,0,▁wine;▁bottle;▁rack,▁put
group_bottle_rack,group_bottle_rack/t000_L09_func_bottle_rack_L3_please_base.png,bottle_rack_L3_please,please put the wine bottle on the rack,0,09,func,base,img512,10,1.1577767437331465e-05,0.19716465060861355,7,8,0.49849691761293935,0,▁wine;▁bottle;▁rack,▁put
group_bottle_rack,group_bottle_rack/t000_L10_allmax_bottle_rack_L3_please_base.png,bottle_rack_L3_please,please put the wine bottle on the rack,0,10,allmax,base,img512,10,7.732534595288634e-07,0.06269832380408494,5,8,0.15738277756954602,0,▁wine;▁bottle;▁rack,▁put
group_bottle_rack,group_bottle_rack/t000_L10_allsum_bottle_rack_L3_please_base.png,bottle_rack_L3_please,please put the wine bottle on the rack,0,10,allsum,base,img512,10,1.9465700966936777e-06,0.11207817669797404,6,8,0.2983900798978114,0,▁wine;▁bottle;▁rack,▁put
group_bottle_rack,group_bottle_rack/t000_L10_noun_bottle_rack_L3_please_base.png,bottle_rack_L3_please,please put the wine bottle on the rack,0,10,noun,base,img512,10,3.197353154561422e-08,0.06818898669952239,5,8,0.16323870323416276,0,▁wine;▁bottle;▁rack,▁put
group_bottle_rack,group_bottle_rack/t000_L10_verb_bottle_rack_L3_please_base.png,bottle_rack_L3_please,please put the wine bottle on the rack,0,10,verb,base,img512,10,6.794767885574774e-08,0.011348718395094057,7,8,0.017858633430518897,0,▁wine;▁bottle;▁rack,▁put
group_bottle_rack,group_bottle_rack/t000_L10_func_bottle_rack_L3_please_base.png,bottle_rack_L3_please,please put the wine bottle on the rack,0,10,func,base,img512,10,1.5284781232140933e-06,0.059874836180572544,7,8,0.17216089383987732,0,▁wine;▁bottle;▁rack,▁put
group_bottle_rack,group_bottle_rack/t000_L11_allmax_bottle_rack_L3_please_base.png,bottle_rack_L3_please,please put the wine bottle on the rack,0,11,allmax,base,img512,10,1.4748896297863373e-07,0.04326651806975759,7,9,0.18784786510827192,0,▁wine;▁bottle;▁rack,▁put
group_bottle_rack,group_bottle_rack/t000_L11_allsum_bottle_rack_L3_please_base.png,bottle_rack_L3_please,please put the wine bottle on the rack,0,11,allsum,base,img512,10,5.135160388094446e-07,0.24221293321403292,7,9,0.5907792641510088,0,▁wine;▁bottle;▁rack,▁put
group_bottle_rack,group_bottle_rack/t000_L11_noun_bottle_rack_L3_please_base.png,bottle_rack_L3_please,please put the wine bottle on the rack,0,11,noun,base,img512,10,1.0025858743281995e-07,0.07447007176888967,7,9,0.2535368983891354,0,▁wine;▁bottle;▁rack,▁put
group_bottle_rack,group_bottle_rack/t000_L11_verb_bottle_rack_L3_please_base.png,bottle_rack_L3_please,please put the wine bottle on the rack,0,11,verb,base,img512,10,6.303560956092939e-09,0.04326651806975759,7,8,0.1050268657148303,0,▁wine;▁bottle;▁rack,▁put
group_bottle_rack,group_bottle_rack/t000_L11_func_bottle_rack_L3_please_base.png,bottle_rack_L3_please,please put the wine bottle on the rack,0,11,func,base,img512,10,4.0695389042053174e-07,0.13421944436991842,7,8,0.2586686187086484,0,▁wine;▁bottle;▁rack,▁put
group_bottle_rack,group_bottle_rack/t000_L12_allmax_bottle_rack_L3_please_base.png,bottle_rack_L3_please,please put the wine bottle on the rack,0,12,allmax,base,img512,10,1.7980582740702473e-08,0.35248278094764757,5,8,0.4845976872288577,0,▁wine;▁bottle;▁rack,▁put
group_bottle_rack,group_bottle_rack/t000_L12_allsum_bottle_rack_L3_please_base.png,bottle_rack_L3_please,please put the wine bottle on the rack,0,12,allsum,base,img512,10,4.3296761512442195e-08,0.4954475633367567,5,8,0.9516492930640715,0,▁wine;▁bottle;▁rack,▁put
group_bottle_rack,group_bottle_rack/t000_L12_noun_bottle_rack_L3_please_base.png,bottle_rack_L3_please,please put the wine bottle on the rack,0,12,noun,base,img512,10,2.05098660625984e-09,0.13489202447410692,6,8,0.21716291664128357,0,▁wine;▁bottle;▁rack,▁put
group_bottle_rack,group_bottle_rack/t000_L12_verb_bottle_rack_L3_please_base.png,bottle_rack_L3_please,please put the wine bottle on the rack,0,12,verb,base,img512,10,2.9909186238665254e-09,0.025779385302066613,6,8,0.047476897771108126,0,▁wine;▁bottle;▁rack,▁put
group_bottle_rack,group_bottle_rack/t000_L12_func_bottle_rack_L3_please_base.png,bottle_rack_L3_please,please put the wine bottle on the rack,0,12,func,base,img512,10,3.5845767535900776e-08,0.46748295377089266,5,8,0.7395383591122302,0,▁wine;▁bottle;▁rack,▁put
group_bottle_rack,group_bottle_rack/t000_L13_allmax_bottle_rack_L3_please_base.png,bottle_rack_L3_please,please put the wine bottle on the rack,0,13,allmax,base,img512,10,1.7247119629311155e-06,0.1882482655478486,1,1,0.38554540668872245,1,▁wine;▁bottle;▁rack,▁put
group_bottle_rack,group_bottle_rack/t000_L13_allsum_bottle_rack_L3_please_base.png,bottle_rack_L3_please,please put the wine bottle on the rack,0,13,allsum,base,img512,10,4.449122868250394e-06,0.5900960716153731,1,1,1.1535973216491449,1,▁wine;▁bottle;▁rack,▁put
group_bottle_rack,group_bottle_rack/t000_L13_noun_bottle_rack_L3_please_base.png,bottle_rack_L3_please,please put the wine bottle on the rack,0,13,noun,base,img512,10,1.1329596307677076e-07,0.2601067231968477,1,1,0.5207108129061891,1,▁wine;▁bottle;▁rack,▁put
group_bottle_rack,group_bottle_rack/t000_L13_verb_bottle_rack_L3_please_base.png,bottle_rack_L3_please,please put the wine bottle on the rack,0,13,verb,base,img512,10,1.7247119629311155e-06,0.013532662208078394,13,1,0.024072665791632145,1,▁wine;▁bottle;▁rack,▁put
group_bottle_rack,group_bottle_rack/t000_L13_func_bottle_rack_L3_please_base.png,bottle_rack_L3_please,please put the wine bottle on the rack,0,13,func,base,img512,10,1.2544317485639827e-06,0.32569619793038146,1,1,0.616019334086373,1,▁wine;▁bottle;▁rack,▁put
group_bottle_rack,group_bottle_rack/t000_L14_allmax_bottle_rack_L3_please_base.png,bottle_rack_L3_please,please put the wine bottle on the rack,0,14,allmax,base,img512,10,7.495979699299264e-08,0.14738250985409068,1,2,0.17783881829361028,1,▁wine;▁bottle;▁rack,▁put
group_bottle_rack,group_bottle_rack/t000_L14_allsum_bottle_rack_L3_please_base.png,bottle_rack_L3_please,please put the wine bottle on the rack,0,14,allsum,base,img512,10,1.1363864940886352e-07,0.4834431009912838,13,1,0.7415678188446737,1,▁wine;▁bottle;▁rack,▁put
group_bottle_rack,group_bottle_rack/t000_L14_noun_bottle_rack_L3_please_base.png,bottle_rack_L3_please,please put the wine bottle on the rack,0,14,noun,base,img512,10,7.35016296422401e-09,0.19214319389848059,13,1,0.2836209627540034,1,▁wine;▁bottle;▁rack,▁put
group_bottle_rack,group_bottle_rack/t000_L14_verb_bottle_rack_L3_please_base.png,bottle_rack_L3_please,please put the wine bottle on the rack,0,14,verb,base,img512,10,3.117586463327713e-11,0.03983019252236367,13,1,0.07007005582008963,1,▁wine;▁bottle;▁rack,▁put
group_bottle_rack,group_bottle_rack/t000_L14_func_bottle_rack_L3_please_base.png,bottle_rack_L3_please,please put the wine bottle on the rack,0,14,func,base,img512,10,1.8569447825215442e-08,0.2546534826245158,13,1,0.38787680027058064,1,▁wine;▁bottle;▁rack,▁put
group_bottle_rack,group_bottle_rack/t000_L15_allmax_bottle_rack_L3_please_base.png,bottle_rack_L3_please,please put the wine bottle on the rack,0,15,allmax,base,img512,10,5.009641923513019e-09,0.049530867654267834,7,8,0.07401536272130836,0,▁wine;▁bottle;▁rack,▁put
group_bottle_rack,group_bottle_rack/t000_L15_allsum_bottle_rack_L3_please_base.png,bottle_rack_L3_please,please put the wine bottle on the rack,0,15,allsum,base,img512,10,1.7745009985316066e-08,0.12761936639629232,1,1,0.19888785912437837,1,▁wine;▁bottle;▁rack,▁put
group_bottle_rack,group_bottle_rack/t000_L15_noun_bottle_rack_L3_please_base.png,bottle_rack_L3_please,please put the wine bottle on the rack,0,15,noun,base,img512,10,1.4178365263620785e-09,0.08173672513210797,7,8,0.11963268257127183,0,▁wine;▁bottle;▁rack,▁put
group_bottle_rack,group_bottle_rack/t000_L15_verb_bottle_rack_L3_please_base.png,bottle_rack_L3_please,please put the wine bottle on the rack,0,15,verb,base,img512,10,2.1548685669769217e-12,0.008641411390506086,13,1,0.015554132621402497,1,▁wine;▁bottle;▁rack,▁put
group_bottle_rack,group_bottle_rack/t000_L15_func_bottle_rack_L3_please_base.png,bottle_rack_L3_please,please put the wine bottle on the rack,0,15,func,base,img512,10,1.4854760155559782e-08,0.07698480032519515,1,1,0.15353059254753584,1,▁wine;▁bottle;▁rack,▁put
group_bottle_rack,group_bottle_rack/t000_L16_allmax_bottle_rack_L3_please_base.png,bottle_rack_L3_please,please put the wine bottle on the rack,0,16,allmax,base,img512,10,1.4994664381198724e-07,0.038083390183777106,14,2,0.0743085832948828,1,▁wine;▁bottle;▁rack,▁put
group_bottle_rack,group_bottle_rack/t000_L16_allsum_bottle_rack_L3_please_base.png,bottle_rack_L3_please,please put the wine bottle on the rack,0,16,allsum,base,img512,10,5.095693601051543e-07,0.15887527774212515,14,2,0.295618295869511,1,▁wine;▁bottle;▁rack,▁put
group_bottle_rack,group_bottle_rack/t000_L16_noun_bottle_rack_L3_please_base.png,bottle_rack_L3_please,please put the wine bottle on the rack,0,16,noun,base,img512,10,3.0107487614845744e-08,0.05898985600487366,14,2,0.07728373622066757,1,▁wine;▁bottle;▁rack,▁put
group_bottle_rack,group_bottle_rack/t000_L16_verb_bottle_rack_L3_please_base.png,bottle_rack_L3_please,please put the wine bottle on the rack,0,16,verb,base,img512,10,3.2751275682279485e-08,0.020741915129648906,14,2,0.0341224398986196,1,▁wine;▁bottle;▁rack,▁put
group_bottle_rack,group_bottle_rack/t000_L16_func_bottle_rack_L3_please_base.png,bottle_rack_L3_please,please put the wine bottle on the rack,0,16,func,base,img512,10,1.2698806609057646e-07,0.10503086663713332,13,2,0.20905560782810254,0,▁wine;▁bottle;▁rack,▁put
group_bottle_rack,group_bottle_rack/t000_L17_allmax_bottle_rack_L3_please_base.png,bottle_rack_L3_please,please put the wine bottle on the rack,0,17,allmax,base,img512,10,1.2226209240622927e-05,0.07479897936959298,14,2,0.1512021494771487,1,▁wine;▁bottle;▁rack,▁put
group_bottle_rack,group_bottle_rack/t000_L17_allsum_bottle_rack_L3_please_base.png,bottle_rack_L3_please,please put the wine bottle on the rack,0,17,allsum,base,img512,10,1.2226209244232904e-05,0.47939098280853953,14,2,0.7588869496305779,1,▁wine;▁bottle;▁rack,▁put
group_bottle_rack,group_bottle_rack/t000_L17_noun_bottle_rack_L3_please_base.png,bottle_rack_L3_please,please put the wine bottle on the rack,0,17,noun,base,img512,10,2.3395887662721925e-16,0.14753614448310104,14,2,0.202602229635374,1,▁wine;▁bottle;▁rack,▁put
group_bottle_rack,group_bottle_rack/t000_L17_verb_bottle_rack_L3_please_base.png,bottle_rack_L3_please,please put the wine bottle on the rack,0,17,verb,base,img512,10,3.690748632510402e-20,0.04202757690657322,14,2,0.056993354885659736,1,▁wine;▁bottle;▁rack,▁put
group_bottle_rack,group_bottle_rack/t000_L17_func_bottle_rack_L3_please_base.png,bottle_rack_L3_please,please put the wine bottle on the rack,0,17,func,base,img512,10,1.2226209240674948e-05,0.28982726141886517,14,2,0.4992913651095441,1,▁wine;▁bottle;▁rack,▁put
group_bottle_rack,group_bottle_rack/t000_Lrollout_allmax_bottle_rack_L3_please_base.png,bottle_rack_L3_please,please put the wine bottle on the rack,0,rollout,allmax,base,img512,10,7.028399279607531e-05,0.03595574554723457,7,9,0.061587722110699815,0,▁wine;▁bottle;▁rack,▁put
group_bottle_rack,group_bottle_rack/t000_Lrollout_allsum_bottle_rack_L3_please_base.png,bottle_rack_L3_please,please put the wine bottle on the rack,0,rollout,allsum,base,img512,10,0.000698983152960786,0.3583016867703803,7,9,0.6108052640671597,0,▁wine;▁bottle;▁rack,▁put
group_bottle_rack,group_bottle_rack/t000_Lrollout_noun_bottle_rack_L3_please_base.png,bottle_rack_L3_please,please put the wine bottle on the rack,0,rollout,noun,base,img512,10,0.00020966221929900094,0.10760648684509003,7,9,0.18286696568182753,0,▁wine;▁bottle;▁rack,▁put
group_bottle_rack,group_bottle_rack/t000_Lrollout_verb_bottle_rack_L3_please_base.png,bottle_rack_L3_please,please put the wine bottle on the rack,0,rollout,verb,base,img512,10,6.977907969806122e-05,0.035780459478512106,7,9,0.061393637622495854,0,▁wine;▁bottle;▁rack,▁put
group_bottle_rack,group_bottle_rack/t000_Lrollout_func_bottle_rack_L3_please_base.png,bottle_rack_L3_please,please put the wine bottle on the rack,0,rollout,func,base,img512,10,0.0004195418539637239,0.21491474044677814,7,9,0.3665446607628362,0,▁wine;▁bottle;▁rack,▁put
group_bowl_plate,group_bowl_plate/t000_L00_allmax_bowl_plate_orig_base.png,bowl_plate_orig,put the bowl on the plate,0,00,allmax,base,img512,8,8.68065974849105e-05,0.46784427547353846,1,14,0.47822813781331,1,▁bowl;▁plate,put
group_bowl_plate,group_bowl_plate/t000_L00_allsum_bowl_plate_orig_base.png,bowl_plate_orig,put the bowl on the plate,0,00,allsum,base,img512,8,0.0001521231520718358,1.638158224130966,13,1,1.6731590538363386,1,▁bowl;▁plate,put
group_bowl_plate,group_bowl_plate/t000_L00_noun_bowl_plate_orig_base.png,bowl_plate_orig,put the bowl on the plate,0,00,noun,base,img512,8,1.48620088895718e-06,0.7283625420145414,13,1,0.7354594834275391,1,▁bowl;▁plate,put
group_bowl_plate,group_bowl_plate/t000_L00_verb_bowl_plate_orig_base.png,bowl_plate_orig,put the bowl on the plate,0,00,verb,base,img512,8,3.85503206599334e-08,0.0915051240725529,13,1,0.09364300401484688,1,▁bowl;▁plate,put
group_bowl_plate,group_bowl_plate/t000_L00_func_bowl_plate_orig_base.png,bowl_plate_orig,put the bowl on the plate,0,00,func,base,img512,8,0.00011917169975758963,0.8182905580438717,13,2,0.8440745012420978,0,▁bowl;▁plate,put
group_bowl_plate,group_bowl_plate/t000_L01_allmax_bowl_plate_orig_base.png,bowl_plate_orig,put the bowl on the plate,0,01,allmax,base,img512,8,3.470732365057858e-05,0.10270545338545689,2,1,0.1781126850377163,1,▁bowl;▁plate,put
group_bowl_plate,group_bowl_plate/t000_L01_allsum_bowl_plate_orig_base.png,bowl_plate_orig,put the bowl on the plate,0,01,allsum,base,img512,8,0.00014014437646022828,0.2137696735820508,2,6,0.4489990057052029,0,▁bowl;▁plate,put
group_bowl_plate,group_bowl_plate/t000_L01_noun_bowl_plate_orig_base.png,bowl_plate_orig,put the bowl on the plate,0,01,noun,base,img512,8,9.906970716737111e-06,0.17098213665283507,1,1,0.2859715586450171,1,▁bowl;▁plate,put
group_bowl_plate,group_bowl_plate/t000_L01_verb_bowl_plate_orig_base.png,bowl_plate_orig,put the bowl on the plate,0,01,verb,base,img512,8,4.4532183940443324e-06,0.021769953239129922,1,1,0.04716476718831261,1,▁bowl;▁plate,put
group_bowl_plate,group_bowl_plate/t000_L01_func_bowl_plate_orig_base.png,bowl_plate_orig,put the bowl on the plate,0,01,func,base,img512,8,0.00012109186017837811,0.1323523566091523,2,6,0.38193346390590416,0,▁bowl;▁plate,put
group_bowl_plate,group_bowl_plate/t000_L02_allmax_bowl_plate_orig_base.png,bowl_plate_orig,put the bowl on the plate,0,02,allmax,base,img512,8,5.120436691653547e-05,0.0534894788243011,13,1,0.08734531402496551,1,▁bowl;▁plate,put
group_bowl_plate,group_bowl_plate/t000_L02_allsum_bowl_plate_orig_base.png,bowl_plate_orig,put the bowl on the plate,0,02,allsum,base,img512,8,0.00014031755713263966,0.16046567108924378,13,2,0.2826689515429722,0,▁bowl;▁plate,put
group_bowl_plate,group_bowl_plate/t000_L02_noun_bowl_plate_orig_base.png,bowl_plate_orig,put the bowl on the plate,0,02,noun,base,img512,8,8.638619313553395e-06,0.026873948891773747,8,8,0.08282598381138133,0,▁bowl;▁plate,put
group_bowl_plate,group_bowl_plate/t000_L02_verb_bowl_plate_orig_base.png,bowl_plate_orig,put the bowl on the plate,0,02,verb,base,img512,8,4.148950199637046e-06,0.006286942524563315,7,9,0.01669208263209354,0,▁bowl;▁plate,put
group_bowl_plate,group_bowl_plate/t000_L02_func_bowl_plate_orig_base.png,bowl_plate_orig,put the bowl on the plate,0,02,func,base,img512,8,0.0001265342395715363,0.13968506272468137,13,2,0.2345690036782734,0,▁bowl;▁plate,put
group_bowl_plate,group_bowl_plate/t000_L03_allmax_bowl_plate_orig_base.png,bowl_plate_orig,put the bowl on the plate,0,03,allmax,base,img512,8,8.725340530669965e-06,0.09480705785567685,12,8,0.30302616320120673,0,▁bowl;▁plate,put
group_bowl_plate,group_bowl_plate/t000_L03_allsum_bowl_plate_orig_base.png,bowl_plate_orig,put the bowl on the plate,0,03,allsum,base,img512,8,2.564672747541167e-05,0.2074923373961031,7,9,0.6328479242004591,0,▁bowl;▁plate,put
group_bowl_plate,group_bowl_plate/t000_L03_noun_bowl_plate_orig_base.png,bowl_plate_orig,put the bowl on the plate,0,03,noun,base,img512,8,1.5444683839069194e-06,0.10092440575446651,11,8,0.30268301689666666,0,▁bowl;▁plate,put
group_bowl_plate,group_bowl_plate/t000_L03_verb_bowl_plate_orig_base.png,bowl_plate_orig,put the bowl on the plate,0,03,verb,base,img512,8,1.9524920581518575e-06,0.025226155767647928,7,9,0.06992600796535699,0,▁bowl;▁plate,put
group_bowl_plate,group_bowl_plate/t000_L03_func_bowl_plate_orig_base.png,bowl_plate_orig,put the bowl on the plate,0,03,func,base,img512,8,2.214976703335289e-05,0.08641473194920957,8,8,0.2751838838855534,0,▁bowl;▁plate,put
group_bowl_plate,group_bowl_plate/t000_L04_allmax_bowl_plate_orig_base.png,bowl_plate_orig,put the bowl on the plate,0,04,allmax,base,img512,8,3.687262227829631e-05,0.16593036104829792,12,8,0.48148538487393566,0,▁bowl;▁plate,put
group_bowl_plate,group_bowl_plate/t000_L04_allsum_bowl_plate_orig_base.png,bowl_plate_orig,put the bowl on the plate,0,04,allsum,base,img512,8,0.00010640826325496722,0.3987054643745114,7,8,1.010236212667475,0,▁bowl;▁plate,put
group_bowl_plate,group_bowl_plate/t000_L04_noun_bowl_plate_orig_base.png,bowl_plate_orig,put the bowl on the plate,0,04,noun,base,img512,8,1.7423937559306184e-05,0.21742536591736586,12,8,0.5069350276148299,0,▁bowl;▁plate,put
group_bowl_plate,group_bowl_plate/t000_L04_verb_bowl_plate_orig_base.png,bowl_plate_orig,put the bowl on the plate,0,04,verb,base,img512,8,1.9008984915056466e-05,0.048363561014655845,7,9,0.13280489579913424,0,▁bowl;▁plate,put
group_bowl_plate,group_bowl_plate/t000_L04_func_bowl_plate_orig_base.png,bowl_plate_orig,put the bowl on the plate,0,04,func,base,img512,8,6.730903177349464e-05,0.2061945782160077,12,8,0.3926481617609244,0,▁bowl;▁plate,put
group_bowl_plate,group_bowl_plate/t000_L05_allmax_bowl_plate_orig_base.png,bowl_plate_orig,put the bowl on the plate,0,05,allmax,base,img512,8,6.6676414559359685e-06,0.22036053639792813,11,8,0.418359218155192,0,▁bowl;▁plate,put
group_bowl_plate,group_bowl_plate/t000_L05_allsum_bowl_plate_orig_base.png,bowl_plate_orig,put the bowl on the plate,0,05,allsum,base,img512,8,1.6400252312314415e-05,0.5103546891547514,7,8,1.3287782397241372,0,▁bowl;▁plate,put
group_bowl_plate,group_bowl_plate/t000_L05_noun_bowl_plate_orig_base.png,bowl_plate_orig,put the bowl on the plate,0,05,noun,base,img512,8,2.0815005796564768e-06,0.23220352063952696,11,8,0.458421251606115,0,▁bowl;▁plate,put
group_bowl_plate,group_bowl_plate/t000_L05_verb_bowl_plate_orig_base.png,bowl_plate_orig,put the bowl on the plate,0,05,verb,base,img512,8,9.87997704053804e-07,0.09189473612773155,7,8,0.24039857515693747,0,▁bowl;▁plate,put
group_bowl_plate,group_bowl_plate/t000_L05_func_bowl_plate_orig_base.png,bowl_plate_orig,put the bowl on the plate,0,05,func,base,img512,8,1.3183389416831874e-05,0.3150126332291292,7,8,0.8298133304854388,0,▁bowl;▁plate,put
group_bowl_plate,group_bowl_plate/t000_L06_allmax_bowl_plate_orig_base.png,bowl_plate_orig,put the bowl on the plate,0,06,allmax,base,img512,8,2.853159760391758e-07,0.1353167859725365,7,8,0.28484454825897015,0,▁bowl;▁plate,put
group_bowl_plate,group_bowl_plate/t000_L06_allsum_bowl_plate_orig_base.png,bowl_plate_orig,put the bowl on the plate,0,06,allsum,base,img512,8,1.0967565051574275e-06,0.731272610692074,7,8,1.471889144358071,0,▁bowl;▁plate,put
group_bowl_plate,group_bowl_plate/t000_L06_noun_bowl_plate_orig_base.png,bowl_plate_orig,put the bowl on the plate,0,06,noun,base,img512,8,9.096639640136465e-08,0.24697915448659608,7,8,0.4974436785332538,0,▁bowl;▁plate,put
group_bowl_plate,group_bowl_plate/t000_L06_verb_bowl_plate_orig_base.png,bowl_plate_orig,put the bowl on the plate,0,06,verb,base,img512,8,1.4583825179802274e-07,0.06843521430542679,7,8,0.11980005055568177,0,▁bowl;▁plate,put
group_bowl_plate,group_bowl_plate/t000_L06_func_bowl_plate_orig_base.png,bowl_plate_orig,put the bowl on the plate,0,06,func,base,img512,8,7.198932088230513e-07,0.43167645695340473,7,8,0.8546454152691356,0,▁bowl;▁plate,put
group_bowl_plate,group_bowl_plate/t000_L07_allmax_bowl_plate_orig_base.png,bowl_plate_orig,put the bowl on the plate,0,07,allmax,base,img512,8,9.157269603747263e-06,0.07432275183589322,11,8,0.2823879956839981,0,▁bowl;▁plate,put
group_bowl_plate,group_bowl_plate/t000_L07_allsum_bowl_plate_orig_base.png,bowl_plate_orig,put the bowl on the plate,0,07,allsum,base,img512,8,3.306515182983366e-05,0.16716658909296564,11,8,0.5680134400813179,0,▁bowl;▁plate,put
group_bowl_plate,group_bowl_plate/t000_L07_noun_bowl_plate_orig_base.png,bowl_plate_orig,put the bowl on the plate,0,07,noun,base,img512,8,1.3205782188369195e-06,0.08191850466642739,11,8,0.33233641725899044,0,▁bowl;▁plate,put
group_bowl_plate,group_bowl_plate/t000_L07_verb_bowl_plate_orig_base.png,bowl_plate_orig,put the bowl on the plate,0,07,verb,base,img512,8,3.6241635038368044e-07,0.025083039262333434,11,7,0.06855646355375022,0,▁bowl;▁plate,put
group_bowl_plate,group_bowl_plate/t000_L07_func_bowl_plate_orig_base.png,bowl_plate_orig,put the bowl on the plate,0,07,func,base,img512,8,2.8005317061605026e-05,0.08321929936575242,7,8,0.2401732928117745,0,▁bowl;▁plate,put
group_bowl_plate,group_bowl_plate/t000_L08_allmax_bowl_plate_orig_base.png,bowl_plate_orig,put the bowl on the plate,0,08,allmax,base,img512,8,4.2124538178116796e-05,0.15705951976842994,11,8,0.5393702863024047,0,▁bowl;▁plate,put
group_bowl_plate,group_bowl_plate/t000_L08_allsum_bowl_plate_orig_base.png,bowl_plate_orig,put the bowl on the plate,0,08,allsum,base,img512,8,8.807847932839587e-05,0.457148308015159,7,8,1.61753551898073,0,▁bowl;▁plate,put
group_bowl_plate,group_bowl_plate/t000_L08_noun_bowl_plate_orig_base.png,bowl_plate_orig,put the bowl on the plate,0,08,noun,base,img512,8,1.9763468782405063e-07,0.15950112665933905,11,8,0.5197904327491036,0,▁bowl;▁plate,put
group_bowl_plate,group_bowl_plate/t000_L08_verb_bowl_plate_orig_base.png,bowl_plate_orig,put the bowl on the plate,0,08,verb,base,img512,8,6.744235336315059e-08,0.07568048322222239,7,8,0.2344141140827057,0,▁bowl;▁plate,put
group_bowl_plate,group_bowl_plate/t000_L08_func_bowl_plate_orig_base.png,bowl_plate_orig,put the bowl on the plate,0,08,func,base,img512,8,7.995249885385979e-05,0.2830783942676703,8,8,0.9880258217930208,0,▁bowl;▁plate,put
group_bowl_plate,group_bowl_plate/t000_L09_allmax_bowl_plate_orig_base.png,bowl_plate_orig,put the bowl on the plate,0,09,allmax,base,img512,8,3.0383394940553766e-06,0.14255098879926095,7,8,0.3045028348403312,0,▁bowl;▁plate,put
group_bowl_plate,group_bowl_plate/t000_L09_allsum_bowl_plate_orig_base.png,bowl_plate_orig,put the bowl on the plate,0,09,allsum,base,img512,8,4.685197150203795e-06,0.5785995024304443,7,8,1.3190157358949501,0,▁bowl;▁plate,put
group_bowl_plate,group_bowl_plate/t000_L09_noun_bowl_plate_orig_base.png,bowl_plate_orig,put the bowl on the plate,0,09,noun,base,img512,8,1.1892675722343547e-07,0.2112862141107432,7,9,0.4037506990294725,0,▁bowl;▁plate,put
group_bowl_plate,group_bowl_plate/t000_L09_verb_bowl_plate_orig_base.png,bowl_plate_orig,put the bowl on the plate,0,09,verb,base,img512,8,1.019681216557644e-07,0.08124551738210381,7,8,0.18154513962513855,0,▁bowl;▁plate,put
group_bowl_plate,group_bowl_plate/t000_L09_func_bowl_plate_orig_base.png,bowl_plate_orig,put the bowl on the plate,0,09,func,base,img512,8,4.349224332009895e-06,0.2860677709375973,7,8,0.7344109557492486,0,▁bowl;▁plate,put
group_bowl_plate,group_bowl_plate/t000_L10_allmax_bowl_plate_orig_base.png,bowl_plate_orig,put the bowl on the plate,0,10,allmax,base,img512,8,5.953493784314422e-09,0.2637458467070126,11,8,0.7892113046679308,0,▁bowl;▁plate,put
group_bowl_plate,group_bowl_plate/t000_L10_allsum_bowl_plate_orig_base.png,bowl_plate_orig,put the bowl on the plate,0,10,allsum,base,img512,8,1.0773724805968119e-08,0.5784303891421063,11,8,1.6554086647027795,0,▁bowl;▁plate,put
group_bowl_plate,group_bowl_plate/t000_L10_noun_bowl_plate_orig_base.png,bowl_plate_orig,put the bowl on the plate,0,10,noun,base,img512,8,3.233200204540673e-10,0.2647825929695356,11,8,0.7157451393041602,0,▁bowl;▁plate,put
group_bowl_plate,group_bowl_plate/t000_L10_verb_bowl_plate_orig_base.png,bowl_plate_orig,put the bowl on the plate,0,10,verb,base,img512,8,2.0251663516458285e-09,0.049488517820193825,11,8,0.1309679467002579,0,▁bowl;▁plate,put
group_bowl_plate,group_bowl_plate/t000_L10_func_bowl_plate_orig_base.png,bowl_plate_orig,put the bowl on the plate,0,10,func,base,img512,8,8.425238433868225e-09,0.26985825201424296,11,8,0.8086955786983612,0,▁bowl;▁plate,put
group_bowl_plate,group_bowl_plate/t000_L11_allmax_bowl_plate_orig_base.png,bowl_plate_orig,put the bowl on the plate,0,11,allmax,base,img512,8,1.3894904154038036e-07,0.19768500184656315,8,8,0.6933087142754077,0,▁bowl;▁plate,put
group_bowl_plate,group_bowl_plate/t000_L11_allsum_bowl_plate_orig_base.png,bowl_plate_orig,put the bowl on the plate,0,11,allsum,base,img512,8,2.824029286640277e-07,0.38772152540991534,8,8,1.305394266490519,0,▁bowl;▁plate,put
group_bowl_plate,group_bowl_plate/t000_L11_noun_bowl_plate_orig_base.png,bowl_plate_orig,put the bowl on the plate,0,11,noun,base,img512,8,1.3353973834084136e-08,0.10079754174240824,7,8,0.42907492784020046,0,▁bowl;▁plate,put
group_bowl_plate,group_bowl_plate/t000_L11_verb_bowl_plate_orig_base.png,bowl_plate_orig,put the bowl on the plate,0,11,verb,base,img512,8,6.117301317749656e-09,0.10301576115128139,8,8,0.25705679347952964,0,▁bowl;▁plate,put
group_bowl_plate,group_bowl_plate/t000_L11_func_bowl_plate_orig_base.png,bowl_plate_orig,put the bowl on the plate,0,11,func,base,img512,8,8.774433562909781e-08,0.2761084464309347,7,8,0.7570173299964164,0,▁bowl;▁plate,put
group_bowl_plate,group_bowl_plate/t000_L12_allmax_bowl_plate_orig_base.png,bowl_plate_orig,put the bowl on the plate,0,12,allmax,base,img512,8,1.3633704354620955e-09,0.24226603373946273,1,1,0.40533348590277174,1,▁bowl;▁plate,put
group_bowl_plate,group_bowl_plate/t000_L12_allsum_bowl_plate_orig_base.png,bowl_plate_orig,put the bowl on the plate,0,12,allsum,base,img512,8,2.400517538431333e-09,0.47415950826206915,8,7,1.016700589055491,0,▁bowl;▁plate,put
group_bowl_plate,group_bowl_plate/t000_L12_noun_bowl_plate_orig_base.png,bowl_plate_orig,put the bowl on the plate,0,12,noun,base,img512,8,4.5133087841784526e-10,0.13713191399125227,9,8,0.40810767090802524,0,▁bowl;▁plate,put
group_bowl_plate,group_bowl_plate/t000_L12_verb_bowl_plate_orig_base.png,bowl_plate_orig,put the bowl on the plate,0,12,verb,base,img512,8,8.121218556769749e-10,0.05375515128016605,8,7,0.10043779576797567,0,▁bowl;▁plate,put
group_bowl_plate,group_bowl_plate/t000_L12_func_bowl_plate_orig_base.png,bowl_plate_orig,put the bowl on the plate,0,12,func,base,img512,8,5.858162245513927e-10,0.3901663248466635,1,1,0.6806628742077185,1,▁bowl;▁plate,put
group_bowl_plate,group_bowl_plate/t000_L13_allmax_bowl_plate_orig_base.png,bowl_plate_orig,put the bowl on the plate,0,13,allmax,base,img512,8,1.4178951032313994e-07,0.5023208752983368,1,1,0.6398282213119235,1,▁bowl;▁plate,put
group_bowl_plate,group_bowl_plate/t000_L13_allsum_bowl_plate_orig_base.png,bowl_plate_orig,put the bowl on the plate,0,13,allsum,base,img512,8,4.3900999111496406e-07,1.9423947123455725,1,1,2.3461623059921677,1,▁bowl;▁plate,put
group_bowl_plate,group_bowl_plate/t000_L13_noun_bowl_plate_orig_base.png,bowl_plate_orig,put the bowl on the plate,0,13,noun,base,img512,8,1.3850735659171043e-08,0.5716584845261874,1,1,0.6220758184096922,1,▁bowl;▁plate,put
group_bowl_plate,group_bowl_plate/t000_L13_verb_bowl_plate_orig_base.png,bowl_plate_orig,put the bowl on the plate,0,13,verb,base,img512,8,1.2083328149239872e-07,0.21814790279080504,1,1,0.2599122776531678,1,▁bowl;▁plate,put
group_bowl_plate,group_bowl_plate/t000_L13_func_bowl_plate_orig_base.png,bowl_plate_orig,put the bowl on the plate,0,13,func,base,img512,8,2.0239224725345957e-07,1.1525883250285802,1,1,1.4641742099293078,1,▁bowl;▁plate,put
group_bowl_plate,group_bowl_plate/t000_L14_allmax_bowl_plate_orig_base.png,bowl_plate_orig,put the bowl on the plate,0,14,allmax,base,img512,8,6.843278873075675e-09,0.0883697628758323,7,8,0.20543177112507258,0,▁bowl;▁plate,put
group_bowl_plate,group_bowl_plate/t000_L14_allsum_bowl_plate_orig_base.png,bowl_plate_orig,put the bowl on the plate,0,14,allsum,base,img512,8,8.471679889657174e-09,0.34898666911811155,7,8,0.6542485148168223,0,▁bowl;▁plate,put
group_bowl_plate,group_bowl_plate/t000_L14_noun_bowl_plate_orig_base.png,bowl_plate_orig,put the bowl on the plate,0,14,noun,base,img512,8,4.5201001820744765e-11,0.08272800982585668,8,8,0.15601545796620223,0,▁bowl;▁plate,put
group_bowl_plate,group_bowl_plate/t000_L14_verb_bowl_plate_orig_base.png,bowl_plate_orig,put the bowl on the plate,0,14,verb,base,img512,8,5.564737465091727e-13,0.07882787434037868,7,8,0.1655441487760055,0,▁bowl;▁plate,put
group_bowl_plate,group_bowl_plate/t000_L14_func_bowl_plate_orig_base.png,bowl_plate_orig,put the bowl on the plate,0,14,func,base,img512,8,8.270570338484881e-09,0.2308263795012203,13,1,0.36317933988425666,1,▁bowl;▁plate,put
group_bowl_plate,group_bowl_plate/t000_L15_allmax_bowl_plate_orig_base.png,bowl_plate_orig,put the bowl on the plate,0,15,allmax,base,img512,8,3.1390381965180215e-09,0.08095808399126439,7,9,0.20161001466642256,0,▁bowl;▁plate,put
group_bowl_plate,group_bowl_plate/t000_L15_allsum_bowl_plate_orig_base.png,bowl_plate_orig,put the bowl on the plate,0,15,allsum,base,img512,8,4.219515745222659e-09,0.27445936002238636,7,8,0.6793969694349953,0,▁bowl;▁plate,put
group_bowl_plate,group_bowl_plate/t000_L15_noun_bowl_plate_orig_base.png,bowl_plate_orig,put the bowl on the plate,0,15,noun,base,img512,8,1.0704669974049377e-10,0.014251117013816459,8,8,0.03414302875767937,0,▁bowl;▁plate,put
group_bowl_plate,group_bowl_plate/t000_L15_verb_bowl_plate_orig_base.png,bowl_plate_orig,put the bowl on the plate,0,15,verb,base,img512,8,8.608524032033371e-12,0.05200032409649084,7,8,0.14200433534793713,0,▁bowl;▁plate,put
group_bowl_plate,group_bowl_plate/t000_L15_func_bowl_plate_orig_base.png,bowl_plate_orig,put the bowl on the plate,0,15,func,base,img512,8,4.020814428021958e-09,0.2137589034960567,7,8,0.5037196092880769,0,▁bowl;▁plate,put
group_bowl_plate,group_bowl_plate/t000_L16_allmax_bowl_plate_orig_base.png,bowl_plate_orig,put the bowl on the plate,0,16,allmax,base,img512,8,3.5630388642023e-08,0.08871669466445709,3,8,0.1935673015927938,0,▁bowl;▁plate,put
group_bowl_plate,group_bowl_plate/t000_L16_allsum_bowl_plate_orig_base.png,bowl_plate_orig,put the bowl on the plate,0,16,allsum,base,img512,8,5.532028839485978e-08,0.13269545820401568,3,7,0.28697924616996734,0,▁bowl;▁plate,put
group_bowl_plate,group_bowl_plate/t000_L16_noun_bowl_plate_orig_base.png,bowl_plate_orig,put the bowl on the plate,0,16,noun,base,img512,8,1.0172822812495342e-10,0.06111515133917886,14,2,0.06312926334350626,1,▁bowl;▁plate,put
group_bowl_plate,group_bowl_plate/t000_L16_verb_bowl_plate_orig_base.png,bowl_plate_orig,put the bowl on the plate,0,16,verb,base,img512,8,1.133716773559906e-09,0.015478864369792693,8,8,0.023666663664076312,0,▁bowl;▁plate,put
group_bowl_plate,group_bowl_plate/t000_L16_func_bowl_plate_orig_base.png,bowl_plate_orig,put the bowl on the plate,0,16,func,base,img512,8,5.4037023345345974e-08,0.11181760868554702,3,7,0.26173568545417636,0,▁bowl;▁plate,put
group_bowl_plate,group_bowl_plate/t000_L17_allmax_bowl_plate_orig_base.png,bowl_plate_orig,put the bowl on the plate,0,17,allmax,base,img512,8,2.355791080896436e-05,0.171765010843966,14,2,0.1930255110650805,1,▁bowl;▁plate,put
group_bowl_plate,group_bowl_plate/t000_L17_allsum_bowl_plate_orig_base.png,bowl_plate_orig,put the bowl on the plate,0,17,allsum,base,img512,8,2.3557912860002834e-05,0.7109640326040395,14,2,0.7567524409970404,1,▁bowl;▁plate,put
group_bowl_plate,group_bowl_plate/t000_L17_noun_bowl_plate_orig_base.png,bowl_plate_orig,put the bowl on the plate,0,17,noun,base,img512,8,1.3139628595202384e-17,0.18670433074635476,14,2,0.19318898172792132,1,▁bowl;▁plate,put
group_bowl_plate,group_bowl_plate/t000_L17_verb_bowl_plate_orig_base.png,bowl_plate_orig,put the bowl on the plate,0,17,verb,base,img512,8,2.974184252823564e-23,0.055384350632485736,14,2,0.0696510158606702,1,▁bowl;▁plate,put
group_bowl_plate,group_bowl_plate/t000_L17_func_bowl_plate_orig_base.png,bowl_plate_orig,put the bowl on the plate,0,17,func,base,img512,8,2.355791285075231e-05,0.468875351225199,14,2,0.493912443408449,1,▁bowl;▁plate,put
group_bowl_plate,group_bowl_plate/t000_Lrollout_allmax_bowl_plate_orig_base.png,bowl_plate_orig,put the bowl on the plate,0,rollout,allmax,base,img512,8,7.199028675309677e-05,0.026703724723348313,7,9,0.065448337558771,0,▁bowl;▁plate,put
group_bowl_plate,group_bowl_plate/t000_Lrollout_allsum_bowl_plate_orig_base.png,bowl_plate_orig,put the bowl on the plate,0,rollout,allsum,base,img512,8,0.0005724338448778475,0.21251819598654578,7,9,0.5213048615894786,0,▁bowl;▁plate,put
group_bowl_plate,group_bowl_plate/t000_Lrollout_noun_bowl_plate_orig_base.png,bowl_plate_orig,put the bowl on the plate,0,rollout,noun,base,img512,8,0.00014298123259726082,0.05309714242260839,7,9,0.1304810821249455,0,▁bowl;▁plate,put
group_bowl_plate,group_bowl_plate/t000_Lrollout_verb_bowl_plate_orig_base.png,bowl_plate_orig,put the bowl on the plate,0,rollout,verb,base,img512,8,7.144317149262384e-05,0.026492947496413906,7,9,0.065448337558771,0,▁bowl;▁plate,put
group_bowl_plate,group_bowl_plate/t000_Lrollout_func_bowl_plate_orig_base.png,bowl_plate_orig,put the bowl on the plate,0,rollout,func,base,img512,8,0.0003580094407879628,0.13292810606752348,7,9,0.32537544190576206,0,▁bowl;▁plate,put
group_bowl_plate,group_bowl_plate/t000_L00_allmax_bowl_plate_L1_place_base.png,bowl_plate_L1_place,place the bowl on the plate,0,00,allmax,base,img512,8,8.68065974849105e-05,0.46784427547353846,1,14,0.47822813781331,1,▁bowl;▁plate,place
group_bowl_plate,group_bowl_plate/t000_L00_allsum_bowl_plate_L1_place_base.png,bowl_plate_L1_place,place the bowl on the plate,0,00,allsum,base,img512,8,0.00017486242343660847,1.703812519710086,13,1,1.7383851306670535,1,▁bowl;▁plate,place
group_bowl_plate,group_bowl_plate/t000_L00_noun_bowl_plate_L1_place_base.png,bowl_plate_L1_place,place the bowl on the plate,0,00,noun,base,img512,8,1.4862040180308828e-06,0.7283636147359789,13,1,0.7354605739414647,1,▁bowl;▁plate,place
group_bowl_plate,group_bowl_plate/t000_L00_verb_bowl_plate_L1_place_base.png,bowl_plate_L1_place,place the bowl on the plate,0,00,verb,base,img512,8,1.165064825607562e-06,0.1584622442770723,13,1,0.1600923338522525,1,▁bowl;▁plate,place
group_bowl_plate,group_bowl_plate/t000_L00_func_bowl_plate_L1_place_base.png,bowl_plate_L1_place,place the bowl on the plate,0,00,func,base,img512,8,0.0001188542931176584,0.8169866606970346,13,2,0.8428504095879357,0,▁bowl;▁plate,place
group_bowl_plate,group_bowl_plate/t000_L01_allmax_bowl_plate_L1_place_base.png,bowl_plate_L1_place,place the bowl on the plate,0,01,allmax,base,img512,8,3.486880357579424e-05,0.10252353341226259,2,1,0.1782729593069184,1,▁bowl;▁plate,place
group_bowl_plate,group_bowl_plate/t000_L01_allsum_bowl_plate_L1_place_base.png,bowl_plate_L1_place,place the bowl on the plate,0,01,allsum,base,img512,8,0.00014362776679735937,0.21620431507391683,2,6,0.45628251012062876,0,▁bowl;▁plate,place
group_bowl_plate,group_bowl_plate/t000_L01_noun_bowl_plate_L1_place_base.png,bowl_plate_L1_place,place the bowl on the plate,0,01,noun,base,img512,8,9.488007534685566e-06,0.17105161282238168,1,1,0.2863364783059991,1,▁bowl;▁plate,place
group_bowl_plate,group_bowl_plate/t000_L01_verb_bowl_plate_L1_place_base.png,bowl_plate_L1_place,place the bowl on the plate,0,01,verb,base,img512,8,3.0867538896219765e-06,0.023721139977313416,1,1,0.04847605592723165,1,▁bowl;▁plate,place
group_bowl_plate,group_bowl_plate/t000_L01_func_bowl_plate_L1_place_base.png,bowl_plate_L1_place,place the bowl on the plate,0,01,func,base,img512,8,0.00012511499016389083,0.1335645271526759,2,6,0.38625978100317215,0,▁bowl;▁plate,place
group_bowl_plate,group_bowl_plate/t000_L02_allmax_bowl_plate_L1_place_base.png,bowl_plate_L1_place,place the bowl on the plate,0,02,allmax,base,img512,8,5.046983604358139e-05,0.05262597584664953,13,1,0.08653630685697691,1,▁bowl;▁plate,place
group_bowl_plate,group_bowl_plate/t000_L02_allsum_bowl_plate_L1_place_base.png,bowl_plate_L1_place,place the bowl on the plate,0,02,allsum,base,img512,8,0.0001551225071658229,0.1622611812269001,13,2,0.2874451159609812,0,▁bowl;▁plate,place
group_bowl_plate,group_bowl_plate/t000_L02_noun_bowl_plate_L1_place_base.png,bowl_plate_L1_place,place the bowl on the plate,0,02,noun,base,img512,8,8.912296797354628e-06,0.02643330420797088,8,8,0.0816248703311214,0,▁bowl;▁plate,place
group_bowl_plate,group_bowl_plate/t000_L02_verb_bowl_plate_L1_place_base.png,bowl_plate_L1_place,place the bowl on the plate,0,02,verb,base,img512,8,5.820214535409708e-06,0.006005822139097629,7,8,0.01825122655241659,0,▁bowl;▁plate,place
group_bowl_plate,group_bowl_plate/t000_L02_func_bowl_plate_L1_place_base.png,bowl_plate_L1_place,place the bowl on the plate,0,02,func,base,img512,8,0.00013883138836816143,0.14064234170857198,13,2,0.23815090450474033,0,▁bowl;▁plate,place
group_bowl_plate,group_bowl_plate/t000_L03_allmax_bowl_plate_L1_place_base.png,bowl_plate_L1_place,place the bowl on the plate,0,03,allmax,base,img512,8,9.039834166094722e-06,0.09129337829990733,12,8,0.29672144403340406,0,▁bowl;▁plate,place
group_bowl_plate,group_bowl_plate/t000_L03_allsum_bowl_plate_L1_place_base.png,bowl_plate_L1_place,place the bowl on the plate,0,03,allsum,base,img512,8,2.707190295911618e-05,0.19406183155282947,7,8,0.5998067270059098,0,▁bowl;▁plate,place
group_bowl_plate,group_bowl_plate/t000_L03_noun_bowl_plate_L1_place_base.png,bowl_plate_L1_place,place the bowl on the plate,0,03,noun,base,img512,8,1.675258177436992e-06,0.09809812009850111,11,8,0.29676864796438357,0,▁bowl;▁plate,place
group_bowl_plate,group_bowl_plate/t000_L03_verb_bowl_plate_L1_place_base.png,bowl_plate_L1_place,place the bowl on the plate,0,03,verb,base,img512,8,4.012658786578542e-06,0.020587832960586656,11,8,0.05025304448679856,0,▁bowl;▁plate,place
group_bowl_plate,group_bowl_plate/t000_L03_func_bowl_plate_L1_place_base.png,bowl_plate_L1_place,place the bowl on the plate,0,03,func,base,img512,8,2.1330320590353947e-05,0.08116021180729402,8,8,0.2677780943632711,0,▁bowl;▁plate,place
group_bowl_plate,group_bowl_plate/t000_L04_allmax_bowl_plate_L1_place_base.png,bowl_plate_L1_place,place the bowl on the plate,0,04,allmax,base,img512,8,3.5839210584037845e-05,0.16997837274706268,12,8,0.48432469595292066,0,▁bowl;▁plate,place
group_bowl_plate,group_bowl_plate/t000_L04_allsum_bowl_plate_L1_place_base.png,bowl_plate_L1_place,place the bowl on the plate,0,04,allsum,base,img512,8,0.00013059741138212626,0.4089580302977447,7,8,1.042093758393075,0,▁bowl;▁plate,place
group_bowl_plate,group_bowl_plate/t000_L04_noun_bowl_plate_L1_place_base.png,bowl_plate_L1_place,place the bowl on the plate,0,04,noun,base,img512,8,1.6940011113809523e-05,0.20566191928218083,12,8,0.5139817764256734,0,▁bowl;▁plate,place
group_bowl_plate,group_bowl_plate/t000_L04_verb_bowl_plate_L1_place_base.png,bowl_plate_L1_place,place the bowl on the plate,0,04,verb,base,img512,8,2.046222423482028e-05,0.05036880530433273,7,8,0.13368431316831594,0,▁bowl;▁plate,place
group_bowl_plate,group_bowl_plate/t000_L04_func_bowl_plate_L1_place_base.png,bowl_plate_L1_place,place the bowl on the plate,0,04,func,base,img512,8,7.983481106165171e-05,0.20842369602995733,7,8,0.42739133042004274,0,▁bowl;▁plate,place
group_bowl_plate,group_bowl_plate/t000_L05_allmax_bowl_plate_L1_place_base.png,bowl_plate_L1_place,place the bowl on the plate,0,05,allmax,base,img512,8,6.7229740323696906e-06,0.21578033208466801,11,8,0.4367156769910999,0,▁bowl;▁plate,place
group_bowl_plate,group_bowl_plate/t000_L05_allsum_bowl_plate_L1_place_base.png,bowl_plate_L1_place,place the bowl on the plate,0,05,allsum,base,img512,8,1.6584809798985534e-05,0.5157528381780547,7,8,1.3078390603454724,0,▁bowl;▁plate,place
group_bowl_plate,group_bowl_plate/t000_L05_noun_bowl_plate_L1_place_base.png,bowl_plate_L1_place,place the bowl on the plate,0,05,noun,base,img512,8,2.1347095088698912e-06,0.2306239421220536,11,8,0.47527213145458036,0,▁bowl;▁plate,place
group_bowl_plate,group_bowl_plate/t000_L05_verb_bowl_plate_L1_place_base.png,bowl_plate_L1_place,place the bowl on the plate,0,05,verb,base,img512,8,1.2886978092426875e-06,0.09563337542523982,7,8,0.20018740437932334,0,▁bowl;▁plate,place
group_bowl_plate,group_bowl_plate/t000_L05_func_bowl_plate_L1_place_base.png,bowl_plate_L1_place,place the bowl on the plate,0,05,func,base,img512,8,1.3103945939332637e-05,0.3215651428807215,7,8,0.858396662319073,0,▁bowl;▁plate,place
group_bowl_plate,group_bowl_plate/t000_L06_allmax_bowl_plate_L1_place_base.png,bowl_plate_L1_place,place the bowl on the plate,0,06,allmax,base,img512,8,2.558324029007803e-07,0.15447964572768513,7,8,0.31985912219663654,0,▁bowl;▁plate,place
group_bowl_plate,group_bowl_plate/t000_L06_allsum_bowl_plate_L1_place_base.png,bowl_plate_L1_place,place the bowl on the plate,0,06,allsum,base,img512,8,1.0821766540721198e-06,0.6964962938550081,7,8,1.492196380496026,0,▁bowl;▁plate,place
group_bowl_plate,group_bowl_plate/t000_L06_noun_bowl_plate_L1_place_base.png,bowl_plate_L1_place,place the bowl on the plate,0,06,noun,base,img512,8,1.0272000264536067e-07,0.2580419747483299,7,8,0.5281031896729109,0,▁bowl;▁plate,place
group_bowl_plate,group_bowl_plate/t000_L06_verb_bowl_plate_L1_place_base.png,bowl_plate_L1_place,place the bowl on the plate,0,06,verb,base,img512,8,7.533142713055909e-08,0.08495070271090836,7,8,0.18281897124720362,0,▁bowl;▁plate,place
group_bowl_plate,group_bowl_plate/t000_L06_func_bowl_plate_L1_place_base.png,bowl_plate_L1_place,place the bowl on the plate,0,06,func,base,img512,8,7.555652063082443e-07,0.35350361639576977,7,8,0.7812742195759116,0,▁bowl;▁plate,place
group_bowl_plate,group_bowl_plate/t000_L07_allmax_bowl_plate_L1_place_base.png,bowl_plate_L1_place,place the bowl on the plate,0,07,allmax,base,img512,8,8.929661582877261e-06,0.0865310382543468,11,8,0.302525985167906,0,▁bowl;▁plate,place
group_bowl_plate,group_bowl_plate/t000_L07_allsum_bowl_plate_L1_place_base.png,bowl_plate_L1_place,place the bowl on the plate,0,07,allsum,base,img512,8,3.429643444246911e-05,0.1799597346345899,11,8,0.6819155865013988,0,▁bowl;▁plate,place
group_bowl_plate,group_bowl_plate/t000_L07_noun_bowl_plate_L1_place_base.png,bowl_plate_L1_place,place the bowl on the plate,0,07,noun,base,img512,8,1.5421712505179227e-06,0.09442829832832625,11,8,0.3523185067366542,0,▁bowl;▁plate,place
group_bowl_plate,group_bowl_plate/t000_L07_verb_bowl_plate_L1_place_base.png,bowl_plate_L1_place,place the bowl on the plate,0,07,verb,base,img512,8,8.051058200500146e-07,0.018232613231496223,11,8,0.06202421130739404,0,▁bowl;▁plate,place
group_bowl_plate,group_bowl_plate/t000_L07_func_bowl_plate_L1_place_base.png,bowl_plate_L1_place,place the bowl on the plate,0,07,func,base,img512,8,2.721593515943264e-05,0.09879942854639827,7,8,0.2787071676586393,0,▁bowl;▁plate,place
group_bowl_plate,group_bowl_plate/t000_L08_allmax_bowl_plate_L1_place_base.png,bowl_plate_L1_place,place the bowl on the plate,0,08,allmax,base,img512,8,4.333392492796543e-05,0.15473643789671165,11,8,0.5220284615390278,0,▁bowl;▁plate,place
group_bowl_plate,group_bowl_plate/t000_L08_allsum_bowl_plate_L1_place_base.png,bowl_plate_L1_place,place the bowl on the plate,0,08,allsum,base,img512,8,8.488319938682126e-05,0.5735085510354117,7,8,1.927845781006176,0,▁bowl;▁plate,place
group_bowl_plate,group_bowl_plate/t000_L08_noun_bowl_plate_L1_place_base.png,bowl_plate_L1_place,place the bowl on the plate,0,08,noun,base,img512,8,2.2189613725902226e-07,0.15896244386541342,11,8,0.5210145121720492,0,▁bowl;▁plate,place
group_bowl_plate,group_bowl_plate/t000_L08_verb_bowl_plate_L1_place_base.png,bowl_plate_L1_place,place the bowl on the plate,0,08,verb,base,img512,8,1.0313582585264507e-07,0.09986834581308224,7,8,0.2887089832333053,0,▁bowl;▁plate,place
group_bowl_plate,group_bowl_plate/t000_L08_func_bowl_plate_L1_place_base.png,bowl_plate_L1_place,place the bowl on the plate,0,08,func,base,img512,8,7.618304953740644e-05,0.3555004337015444,7,8,1.1842146302885996,0,▁bowl;▁plate,place
group_bowl_plate,group_bowl_plate/t000_L09_allmax_bowl_plate_L1_place_base.png,bowl_plate_L1_place,place the bowl on the plate,0,09,allmax,base,img512,8,2.722789002189214e-06,0.14153057619515602,7,8,0.3002811827803689,0,▁bowl;▁plate,place
group_bowl_plate,group_bowl_plate/t000_L09_allsum_bowl_plate_L1_place_base.png,bowl_plate_L1_place,place the bowl on the plate,0,09,allsum,base,img512,8,5.545153614768929e-06,0.5873871480341356,7,8,1.296053957639719,0,▁bowl;▁plate,place
group_bowl_plate,group_bowl_plate/t000_L09_noun_bowl_plate_L1_place_base.png,bowl_plate_L1_place,place the bowl on the plate,0,09,noun,base,img512,8,1.4691882950132856e-07,0.21460812450239514,7,9,0.40900442775084417,0,▁bowl;▁plate,place
group_bowl_plate,group_bowl_plate/t000_L09_verb_bowl_plate_L1_place_base.png,bowl_plate_L1_place,place the bowl on the plate,0,09,verb,base,img512,8,2.0878148761545955e-07,0.0472484296690398,7,8,0.11230378086808519,0,▁bowl;▁plate,place
group_bowl_plate,group_bowl_plate/t000_L09_func_bowl_plate_L1_place_base.png,bowl_plate_L1_place,place the bowl on the plate,0,09,func,base,img512,8,4.478655429982466e-06,0.3255305938627007,7,8,0.7754585480619014,0,▁bowl;▁plate,place
group_bowl_plate,group_bowl_plate/t000_L10_allmax_bowl_plate_L1_place_base.png,bowl_plate_L1_place,place the bowl on the plate,0,10,allmax,base,img512,8,1.3229013137375368e-08,0.2517731537099055,11,8,0.7583310912158174,0,▁bowl;▁plate,place
group_bowl_plate,group_bowl_plate/t000_L10_allsum_bowl_plate_L1_place_base.png,bowl_plate_L1_place,place the bowl on the plate,0,10,allsum,base,img512,8,1.9250628568713464e-08,0.5348175456613242,11,8,1.5924343198805733,0,▁bowl;▁plate,place
group_bowl_plate,group_bowl_plate/t000_L10_noun_bowl_plate_L1_place_base.png,bowl_plate_L1_place,place the bowl on the plate,0,10,noun,base,img512,8,4.934921559518999e-10,0.24773468452209382,11,8,0.700773848587521,0,▁bowl;▁plate,place
group_bowl_plate,group_bowl_plate/t000_L10_verb_bowl_plate_L1_place_base.png,bowl_plate_L1_place,place the bowl on the plate,0,10,verb,base,img512,8,2.288274040041225e-09,0.05335117077500626,11,8,0.1367417433836646,0,▁bowl;▁plate,place
group_bowl_plate,group_bowl_plate/t000_L10_func_bowl_plate_L1_place_base.png,bowl_plate_L1_place,place the bowl on the plate,0,10,func,base,img512,8,1.4801903071231656e-08,0.2880779019882834,11,8,0.7549187279093876,0,▁bowl;▁plate,place
group_bowl_plate,group_bowl_plate/t000_L11_allmax_bowl_plate_L1_place_base.png,bowl_plate_L1_place,place the bowl on the plate,0,11,allmax,base,img512,8,1.7959549855894137e-07,0.22131687992349344,7,8,0.6352846515937638,0,▁bowl;▁plate,place
group_bowl_plate,group_bowl_plate/t000_L11_allsum_bowl_plate_L1_place_base.png,bowl_plate_L1_place,place the bowl on the plate,0,11,allsum,base,img512,8,3.066126884087873e-07,0.35728528176659924,7,8,1.2514922981747831,0,▁bowl;▁plate,place
group_bowl_plate,group_bowl_plate/t000_L11_noun_bowl_plate_L1_place_base.png,bowl_plate_L1_place,place the bowl on the plate,0,11,noun,base,img512,8,1.760504384390389e-08,0.0841178139753343,7,8,0.33026432000128825,0,▁bowl;▁plate,place
group_bowl_plate,group_bowl_plate/t000_L11_verb_bowl_plate_L1_place_base.png,bowl_plate_L1_place,place the bowl on the plate,0,11,verb,base,img512,8,1.070896934817414e-08,0.01977400647375892,8,8,0.0852685480368199,0,▁bowl;▁plate,place
group_bowl_plate,group_bowl_plate/t000_L11_func_bowl_plate_L1_place_base.png,bowl_plate_L1_place,place the bowl on the plate,0,11,func,base,img512,8,1.6576754515534047e-07,0.26989279047868636,7,8,0.8530707661258049,0,▁bowl;▁plate,place
group_bowl_plate,group_bowl_plate/t000_L12_allmax_bowl_plate_L1_place_base.png,bowl_plate_L1_place,place the bowl on the plate,0,12,allmax,base,img512,8,1.752805000182057e-08,0.1731381302605154,9,8,0.34747294587920513,0,▁bowl;▁plate,place
group_bowl_plate,group_bowl_plate/t000_L12_allsum_bowl_plate_L1_place_base.png,bowl_plate_L1_place,place the bowl on the plate,0,12,allsum,base,img512,8,3.420294106255999e-08,0.3231645673036869,8,7,1.043204050256394,0,▁bowl;▁plate,place
group_bowl_plate,group_bowl_plate/t000_L12_noun_bowl_plate_L1_place_base.png,bowl_plate_L1_place,place the bowl on the plate,0,12,noun,base,img512,8,1.939404834270373e-09,0.10478820974029775,9,7,0.39554367359929116,0,▁bowl;▁plate,place
group_bowl_plate,group_bowl_plate/t000_L12_verb_bowl_plate_L1_place_base.png,bowl_plate_L1_place,place the bowl on the plate,0,12,verb,base,img512,8,1.752805000182057e-08,0.03724590142538392,8,7,0.11037505386038222,0,▁bowl;▁plate,place
group_bowl_plate,group_bowl_plate/t000_L12_func_bowl_plate_L1_place_base.png,bowl_plate_L1_place,place the bowl on the plate,0,12,func,base,img512,8,9.56733040468803e-10,0.2806030130408303,8,8,0.5506820463180054,0,▁bowl;▁plate,place
group_bowl_plate,group_bowl_plate/t000_L13_allmax_bowl_plate_L1_place_base.png,bowl_plate_L1_place,place the bowl on the plate,0,13,allmax,base,img512,8,1.01954359624985e-06,0.5177944012876039,1,1,0.6511423914911045,1,▁bowl;▁plate,place
group_bowl_plate,group_bowl_plate/t000_L13_allsum_bowl_plate_L1_place_base.png,bowl_plate_L1_place,place the bowl on the plate,0,13,allsum,base,img512,8,2.8915413949356184e-06,1.7488736614888774,1,1,2.1437332523645054,1,▁bowl;▁plate,place
group_bowl_plate,group_bowl_plate/t000_L13_noun_bowl_plate_L1_place_base.png,bowl_plate_L1_place,place the bowl on the plate,0,13,noun,base,img512,8,2.992885344305607e-08,0.5620254492233727,1,1,0.6169736834639828,1,▁bowl;▁plate,place
group_bowl_plate,group_bowl_plate/t000_L13_verb_bowl_plate_L1_place_base.png,bowl_plate_L1_place,place the bowl on the plate,0,13,verb,base,img512,8,2.0684346250036902e-07,0.06869694277623793,1,1,0.09315825807400308,1,▁bowl;▁plate,place
group_bowl_plate,group_bowl_plate/t000_L13_func_bowl_plate_L1_place_base.png,bowl_plate_L1_place,place the bowl on the plate,0,13,func,base,img512,8,3.4438048825369255e-07,1.1181512694892666,1,1,1.433601310826519,1,▁bowl;▁plate,place
group_bowl_plate,group_bowl_plate/t000_L14_allmax_bowl_plate_L1_place_base.png,bowl_plate_L1_place,place the bowl on the plate,0,14,allmax,base,img512,8,8.067299720773233e-09,0.113221664717934,7,8,0.17474770988920194,0,▁bowl;▁plate,place
group_bowl_plate,group_bowl_plate/t000_L14_allsum_bowl_plate_L1_place_base.png,bowl_plate_L1_place,place the bowl on the plate,0,14,allsum,base,img512,8,1.0566119236962189e-08,0.30667366285340286,7,8,0.5404569296847737,0,▁bowl;▁plate,place
group_bowl_plate,group_bowl_plate/t000_L14_noun_bowl_plate_L1_place_base.png,bowl_plate_L1_place,place the bowl on the plate,0,14,noun,base,img512,8,1.0917570859017487e-10,0.0684441876622987,8,8,0.13138152261502944,0,▁bowl;▁plate,place
group_bowl_plate,group_bowl_plate/t000_L14_verb_bowl_plate_L1_place_base.png,bowl_plate_L1_place,place the bowl on the plate,0,14,verb,base,img512,8,1.5558967711544946e-10,0.03869233840005405,7,8,0.08662792096890412,0,▁bowl;▁plate,place
group_bowl_plate,group_bowl_plate/t000_L14_func_bowl_plate_L1_place_base.png,bowl_plate_L1_place,place the bowl on the plate,0,14,func,base,img512,8,9.425997121433324e-09,0.24890596554293376,13,1,0.37521581330165765,1,▁bowl;▁plate,place
group_bowl_plate,group_bowl_plate/t000_L15_allmax_bowl_plate_L1_place_base.png,bowl_plate_L1_place,place the bowl on the plate,0,15,allmax,base,img512,8,3.974219500441037e-09,0.04742418841977859,8,8,0.12537556410229903,0,▁bowl;▁plate,place
group_bowl_plate,group_bowl_plate/t000_L15_allsum_bowl_plate_L1_place_base.png,bowl_plate_L1_place,place the bowl on the plate,0,15,allsum,base,img512,8,4.649631812339483e-09,0.18443371853792048,7,8,0.46966557038418466,0,▁bowl;▁plate,place
group_bowl_plate,group_bowl_plate/t000_L15_noun_bowl_plate_L1_place_base.png,bowl_plate_L1_place,place the bowl on the plate,0,15,noun,base,img512,8,4.6085309261113195e-11,0.01170972576010168,8,8,0.02736270112749733,0,▁bowl;▁plate,place
group_bowl_plate,group_bowl_plate/t000_L15_verb_bowl_plate_L1_place_base.png,bowl_plate_L1_place,place the bowl on the plate,0,15,verb,base,img512,8,1.545039001797734e-11,0.02046237185596694,8,8,0.06449345472648593,0,▁bowl;▁plate,place
group_bowl_plate,group_bowl_plate/t000_L15_func_bowl_plate_L1_place_base.png,bowl_plate_L1_place,place the bowl on the plate,0,15,func,base,img512,8,4.493082913313816e-09,0.156168301747167,7,8,0.3854485752303577,0,▁bowl;▁plate,place
group_bowl_plate,group_bowl_plate/t000_L16_allmax_bowl_plate_L1_place_base.png,bowl_plate_L1_place,place the bowl on the plate,0,16,allmax,base,img512,8,3.5716378421596126e-08,0.14611545738968149,3,8,0.300768591621495,0,▁bowl;▁plate,place
group_bowl_plate,group_bowl_plate/t000_L16_allsum_bowl_plate_L1_place_base.png,bowl_plate_L1_place,place the bowl on the plate,0,16,allsum,base,img512,8,4.331387467820418e-08,0.21825086865538054,3,8,0.4632652311784981,0,▁bowl;▁plate,place
group_bowl_plate,group_bowl_plate/t000_L16_noun_bowl_plate_L1_place_base.png,bowl_plate_L1_place,place the bowl on the plate,0,16,noun,base,img512,8,2.572936507009681e-11,0.058868557982787055,14,2,0.060906862282210976,1,▁bowl;▁plate,place
group_bowl_plate,group_bowl_plate/t000_L16_verb_bowl_plate_L1_place_base.png,bowl_plate_L1_place,place the bowl on the plate,0,16,verb,base,img512,8,4.1896034803468796e-10,0.021602019077866928,14,2,0.02334362858715828,1,▁bowl;▁plate,place
group_bowl_plate,group_bowl_plate/t000_L16_func_bowl_plate_L1_place_base.png,bowl_plate_L1_place,place the bowl on the plate,0,16,func,base,img512,8,4.199987039774638e-08,0.20372186023718108,3,8,0.4318241361960482,0,▁bowl;▁plate,place
group_bowl_plate,group_bowl_plate/t000_L17_allmax_bowl_plate_L1_place_base.png,bowl_plate_L1_place,place the bowl on the plate,0,17,allmax,base,img512,8,2.071383435398989e-05,0.15097611611290404,14,2,0.16366122544632464,1,▁bowl;▁plate,place
group_bowl_plate,group_bowl_plate/t000_L17_allsum_bowl_plate_L1_place_base.png,bowl_plate_L1_place,place the bowl on the plate,0,17,allsum,base,img512,8,2.071383456074663e-05,0.6529563521527594,14,2,0.6879023260423811,1,▁bowl;▁plate,place
group_bowl_plate,group_bowl_plate/t000_L17_noun_bowl_plate_L1_place_base.png,bowl_plate_L1_place,place the bowl on the plate,0,17,noun,base,img512,8,2.5794452004622825e-17,0.17481117577821823,14,2,0.18230449639318547,1,▁bowl;▁plate,place
group_bowl_plate,group_bowl_plate/t000_L17_verb_bowl_plate_L1_place_base.png,bowl_plate_L1_place,place the bowl on the plate,0,17,verb,base,img512,8,6.045558404113663e-19,0.06437100886567391,14,2,0.07000493161781852,1,▁bowl;▁plate,place
group_bowl_plate,group_bowl_plate/t000_L17_func_bowl_plate_L1_place_base.png,bowl_plate_L1_place,place the bowl on the plate,0,17,func,base,img512,8,2.0713834526472056e-05,0.4137741675088673,14,2,0.4355928980313772,1,▁bowl;▁plate,place
group_bowl_plate,group_bowl_plate/t000_Lrollout_allmax_bowl_plate_L1_place_base.png,bowl_plate_L1_place,place the bowl on the plate,0,rollout,allmax,base,img512,8,7.21806154461665e-05,0.02666843739612025,7,9,0.06522081143560855,0,▁bowl;▁plate,place
group_bowl_plate,group_bowl_plate/t000_Lrollout_allsum_bowl_plate_L1_place_base.png,bowl_plate_L1_place,place the bowl on the plate,0,rollout,allsum,base,img512,8,0.0005741891404599536,0.2126964659900233,7,9,0.5203639352149234,0,▁bowl;▁plate,place
group_bowl_plate,group_bowl_plate/t000_Lrollout_noun_bowl_plate_L1_place_base.png,bowl_plate_L1_place,place the bowl on the plate,0,rollout,noun,base,img512,8,0.0001433782400949259,0.05310906051324883,7,9,0.13036354569917336,0,▁bowl;▁plate,place
group_bowl_plate,group_bowl_plate/t000_Lrollout_verb_bowl_plate_L1_place_base.png,bowl_plate_L1_place,place the bowl on the plate,0,rollout,verb,base,img512,8,7.174051679199645e-05,0.026579766801741615,7,9,0.06506826004343544,0,▁bowl;▁plate,place
group_bowl_plate,group_bowl_plate/t000_Lrollout_func_bowl_plate_L1_place_base.png,bowl_plate_L1_place,place the bowl on the plate,0,rollout,func,base,img512,8,0.00035907038357303126,0.13300763867503287,7,9,0.3249321294723146,0,▁bowl;▁plate,place
group_bowl_plate,group_bowl_plate/t000_L00_allmax_bowl_plate_L1_set_base.png,bowl_plate_L1_set,set the bowl on the plate,0,00,allmax,base,img512,8,8.680821061238719e-05,0.6095909805679001,13,2,0.6297430084022503,0,▁bowl;▁plate,set
group_bowl_plate,group_bowl_plate/t000_L00_allsum_bowl_plate_L1_set_base.png,bowl_plate_L1_set,set the bowl on the plate,0,00,allsum,base,img512,8,0.00018163092466087855,2.152925557802517,13,1,2.1879002530945506,1,▁bowl;▁plate,set
group_bowl_plate,group_bowl_plate/t000_L00_noun_bowl_plate_L1_set_base.png,bowl_plate_L1_set,set the bowl on the plate,0,00,noun,base,img512,8,1.4874898034702931e-06,0.7273833574175619,13,1,0.7344668209449405,1,▁bowl;▁plate,set
group_bowl_plate,group_bowl_plate/t000_L00_verb_bowl_plate_L1_set_base.png,bowl_plate_L1_set,set the bowl on the plate,0,00,verb,base,img512,8,1.4311417982131274e-06,0.6095909805679001,13,1,0.6116397100060148,1,▁bowl;▁plate,set
group_bowl_plate,group_bowl_plate/t000_L00_func_bowl_plate_L1_set_base.png,bowl_plate_L1_set,set the bowl on the plate,0,00,func,base,img512,8,0.0001189004202730932,0.8159512198170547,13,2,0.8418117799568188,0,▁bowl;▁plate,set
group_bowl_plate,group_bowl_plate/t000_L01_allmax_bowl_plate_L1_set_base.png,bowl_plate_L1_set,set the bowl on the plate,0,01,allmax,base,img512,8,3.4174579523679155e-05,0.1023712678304924,2,1,0.1795584141075334,1,▁bowl;▁plate,set
group_bowl_plate,group_bowl_plate/t000_L01_allsum_bowl_plate_L1_set_base.png,bowl_plate_L1_set,set the bowl on the plate,0,01,allsum,base,img512,8,0.00015099030674824986,0.2050340080803275,2,6,0.4691256082181691,0,▁bowl;▁plate,set
group_bowl_plate,group_bowl_plate/t000_L01_noun_bowl_plate_L1_set_base.png,bowl_plate_L1_set,set the bowl on the plate,0,01,noun,base,img512,8,9.567603593104772e-06,0.172332836621356,1,1,0.28931670033946594,1,▁bowl;▁plate,set
group_bowl_plate,group_bowl_plate/t000_L01_verb_bowl_plate_L1_set_base.png,bowl_plate_L1_set,set the bowl on the plate,0,01,verb,base,img512,8,9.391833773484803e-06,0.020160755457826644,2,6,0.05357619855912241,0,▁bowl;▁plate,set
group_bowl_plate,group_bowl_plate/t000_L01_func_bowl_plate_L1_set_base.png,bowl_plate_L1_set,set the bowl on the plate,0,01,func,base,img512,8,0.0001266784542677441,0.1324616720177986,2,6,0.3824574570294032,0,▁bowl;▁plate,set
group_bowl_plate,group_bowl_plate/t000_L02_allmax_bowl_plate_L1_set_base.png,bowl_plate_L1_set,set the bowl on the plate,0,02,allmax,base,img512,8,5.1987018692822764e-05,0.05265677331963918,13,1,0.08668319525330347,1,▁bowl;▁plate,set
group_bowl_plate,group_bowl_plate/t000_L02_allsum_bowl_plate_L1_set_base.png,bowl_plate_L1_set,set the bowl on the plate,0,02,allsum,base,img512,8,0.00017272346964870044,0.16942416182204495,13,2,0.2979242788318137,0,▁bowl;▁plate,set
group_bowl_plate,group_bowl_plate/t000_L02_noun_bowl_plate_L1_set_base.png,bowl_plate_L1_set,set the bowl on the plate,0,02,noun,base,img512,8,8.795854302621918e-06,0.026639239849723925,8,8,0.0807202103245352,0,▁bowl;▁plate,set
group_bowl_plate,group_bowl_plate/t000_L02_verb_bowl_plate_L1_set_base.png,bowl_plate_L1_set,set the bowl on the plate,0,02,verb,base,img512,8,5.638078058065955e-06,0.013141835087226217,13,2,0.02405883885859319,0,▁bowl;▁plate,set
group_bowl_plate,group_bowl_plate/t000_L02_func_bowl_plate_L1_set_base.png,bowl_plate_L1_set,set the bowl on the plate,0,02,func,base,img512,8,0.00015749822837157813,0.14063839315038348,13,2,0.23686423630729964,0,▁bowl;▁plate,set
group_bowl_plate,group_bowl_plate/t000_L03_allmax_bowl_plate_L1_set_base.png,bowl_plate_L1_set,set the bowl on the plate,0,03,allmax,base,img512,8,9.221300876827275e-06,0.09819698792727821,12,8,0.3107279619406552,0,▁bowl;▁plate,set
group_bowl_plate,group_bowl_plate/t000_L03_allsum_bowl_plate_L1_set_base.png,bowl_plate_L1_set,set the bowl on the plate,0,03,allsum,base,img512,8,3.116321638304153e-05,0.2209692584669504,7,8,0.6957240267771927,0,▁bowl;▁plate,set
group_bowl_plate,group_bowl_plate/t000_L03_noun_bowl_plate_L1_set_base.png,bowl_plate_L1_set,set the bowl on the plate,0,03,noun,base,img512,8,1.715121727913016e-06,0.1031896179646595,7,8,0.31060439311539617,0,▁bowl;▁plate,set
group_bowl_plate,group_bowl_plate/t000_L03_verb_bowl_plate_L1_set_base.png,bowl_plate_L1_set,set the bowl on the plate,0,03,verb,base,img512,8,4.041167774551941e-06,0.019109281291690712,8,8,0.06976509547992896,0,▁bowl;▁plate,set
group_bowl_plate,group_bowl_plate/t000_L03_func_bowl_plate_L1_set_base.png,bowl_plate_L1_set,set the bowl on the plate,0,03,func,base,img512,8,2.5374673385159934e-05,0.10107757934530431,7,9,0.32209267670033065,0,▁bowl;▁plate,set
group_bowl_plate,group_bowl_plate/t000_L04_allmax_bowl_plate_L1_set_base.png,bowl_plate_L1_set,set the bowl on the plate,0,04,allmax,base,img512,8,3.3847257257918604e-05,0.17735179694638734,12,8,0.5094250395691508,0,▁bowl;▁plate,set
group_bowl_plate,group_bowl_plate/t000_L04_allsum_bowl_plate_L1_set_base.png,bowl_plate_L1_set,set the bowl on the plate,0,04,allsum,base,img512,8,0.00015375458497962456,0.4448269443237214,7,8,1.118219216566208,0,▁bowl;▁plate,set
group_bowl_plate,group_bowl_plate/t000_L04_noun_bowl_plate_L1_set_base.png,bowl_plate_L1_set,set the bowl on the plate,0,04,noun,base,img512,8,1.519889247170352e-05,0.22705857583974845,12,8,0.5389904568707337,0,▁bowl;▁plate,set
group_bowl_plate,group_bowl_plate/t000_L04_verb_bowl_plate_L1_set_base.png,bowl_plate_L1_set,set the bowl on the plate,0,04,verb,base,img512,8,1.6250814064135887e-05,0.05410889744813101,7,8,0.14426842841574902,0,▁bowl;▁plate,set
group_bowl_plate,group_bowl_plate/t000_L04_func_bowl_plate_L1_set_base.png,bowl_plate_L1_set,set the bowl on the plate,0,04,func,base,img512,8,7.652870689356718e-05,0.1773288115775072,7,8,0.45705703818106863,0,▁bowl;▁plate,set
group_bowl_plate,group_bowl_plate/t000_L05_allmax_bowl_plate_L1_set_base.png,bowl_plate_L1_set,set the bowl on the plate,0,05,allmax,base,img512,8,7.110375311501261e-06,0.22889283277842354,11,8,0.455811069099616,0,▁bowl;▁plate,set
group_bowl_plate,group_bowl_plate/t000_L05_allsum_bowl_plate_L1_set_base.png,bowl_plate_L1_set,set the bowl on the plate,0,05,allsum,base,img512,8,2.265288251910568e-05,0.4587207275628181,7,8,1.3104106085310272,0,▁bowl;▁plate,set
group_bowl_plate,group_bowl_plate/t000_L05_noun_bowl_plate_L1_set_base.png,bowl_plate_L1_set,set the bowl on the plate,0,05,noun,base,img512,8,1.9512568024327657e-06,0.24418784371794106,11,8,0.5084051285698069,0,▁bowl;▁plate,set
group_bowl_plate,group_bowl_plate/t000_L05_verb_bowl_plate_L1_set_base.png,bowl_plate_L1_set,set the bowl on the plate,0,05,verb,base,img512,8,3.6438831570700286e-06,0.055454043039651055,8,8,0.1804434888392161,0,▁bowl;▁plate,set
group_bowl_plate,group_bowl_plate/t000_L05_func_bowl_plate_L1_set_base.png,bowl_plate_L1_set,set the bowl on the plate,0,05,func,base,img512,8,1.584774493353643e-05,0.31562433943218415,7,8,0.9152015556447266,0,▁bowl;▁plate,set
group_bowl_plate,group_bowl_plate/t000_L06_allmax_bowl_plate_L1_set_base.png,bowl_plate_L1_set,set the bowl on the plate,0,06,allmax,base,img512,8,5.125763691118094e-07,0.18563516101894748,7,8,0.40983355632256707,0,▁bowl;▁plate,set
group_bowl_plate,group_bowl_plate/t000_L06_allsum_bowl_plate_L1_set_base.png,bowl_plate_L1_set,set the bowl on the plate,0,06,allsum,base,img512,8,1.6539286191911462e-06,0.8924934103390929,7,8,1.8950195687455014,0,▁bowl;▁plate,set
group_bowl_plate,group_bowl_plate/t000_L06_noun_bowl_plate_L1_set_base.png,bowl_plate_L1_set,set the bowl on the plate,0,06,noun,base,img512,8,1.1023087996137788e-07,0.23861760250249558,7,8,0.49269229682579274,0,▁bowl;▁plate,set
group_bowl_plate,group_bowl_plate/t000_L06_verb_bowl_plate_L1_set_base.png,bowl_plate_L1_set,set the bowl on the plate,0,06,verb,base,img512,8,4.0133657882698166e-07,0.18563516101894748,7,8,0.3955530243508429,0,▁bowl;▁plate,set
group_bowl_plate,group_bowl_plate/t000_L06_func_bowl_plate_L1_set_base.png,bowl_plate_L1_set,set the bowl on the plate,0,06,func,base,img512,8,9.911495832722556e-07,0.4682406468176498,7,8,1.006774247568866,0,▁bowl;▁plate,set
group_bowl_plate,group_bowl_plate/t000_L07_allmax_bowl_plate_L1_set_base.png,bowl_plate_L1_set,set the bowl on the plate,0,07,allmax,base,img512,8,1.5608281847240994e-05,0.09598935800829485,11,8,0.35244615237144494,0,▁bowl;▁plate,set
group_bowl_plate,group_bowl_plate/t000_L07_allsum_bowl_plate_L1_set_base.png,bowl_plate_L1_set,set the bowl on the plate,0,07,allsum,base,img512,8,3.29190103881267e-05,0.1938502125362064,11,8,0.5951636236000588,0,▁bowl;▁plate,set
group_bowl_plate,group_bowl_plate/t000_L07_noun_bowl_plate_L1_set_base.png,bowl_plate_L1_set,set the bowl on the plate,0,07,noun,base,img512,8,1.324515441766941e-06,0.10093837151038723,11,8,0.3859523433736287,0,▁bowl;▁plate,set
group_bowl_plate,group_bowl_plate/t000_L07_verb_bowl_plate_L1_set_base.png,bowl_plate_L1_set,set the bowl on the plate,0,07,verb,base,img512,8,4.70528691345512e-06,0.020914309212211955,7,8,0.07281392420463956,0,▁bowl;▁plate,set
group_bowl_plate,group_bowl_plate/t000_L07_func_bowl_plate_L1_set_base.png,bowl_plate_L1_set,set the bowl on the plate,0,07,func,base,img512,8,2.0566696198896763e-05,0.11175206046436867,7,8,0.3013150215435357,0,▁bowl;▁plate,set
group_bowl_plate,group_bowl_plate/t000_L08_allmax_bowl_plate_L1_set_base.png,bowl_plate_L1_set,set the bowl on the plate,0,08,allmax,base,img512,8,4.4963068295772015e-05,0.1558146094527695,8,8,0.5981796115358615,0,▁bowl;▁plate,set
group_bowl_plate,group_bowl_plate/t000_L08_allsum_bowl_plate_L1_set_base.png,bowl_plate_L1_set,set the bowl on the plate,0,08,allsum,base,img512,8,9.394165702148096e-05,0.5401713343432287,7,8,2.070939752083362,0,▁bowl;▁plate,set
group_bowl_plate,group_bowl_plate/t000_L08_noun_bowl_plate_L1_set_base.png,bowl_plate_L1_set,set the bowl on the plate,0,08,noun,base,img512,8,3.7164469402477465e-07,0.15965151985045323,11,8,0.5165925552480531,0,▁bowl;▁plate,set
group_bowl_plate,group_bowl_plate/t000_L08_verb_bowl_plate_L1_set_base.png,bowl_plate_L1_set,set the bowl on the plate,0,08,verb,base,img512,8,1.4935276180072785e-06,0.09216446284828868,7,8,0.3268330658091567,0,▁bowl;▁plate,set
group_bowl_plate,group_bowl_plate/t000_L08_func_bowl_plate_L1_set_base.png,bowl_plate_L1_set,set the bowl on the plate,0,08,func,base,img512,8,7.324353972878101e-05,0.33010390469867523,8,8,1.4033620979760084,0,▁bowl;▁plate,set
group_bowl_plate,group_bowl_plate/t000_L09_allmax_bowl_plate_L1_set_base.png,bowl_plate_L1_set,set the bowl on the plate,0,09,allmax,base,img512,8,2.799685621734875e-06,0.15191563281198683,7,9,0.35734374157576676,0,▁bowl;▁plate,set
group_bowl_plate,group_bowl_plate/t000_L09_allsum_bowl_plate_L1_set_base.png,bowl_plate_L1_set,set the bowl on the plate,0,09,allsum,base,img512,8,9.402886898168949e-06,0.5791774780625608,7,9,1.2821351659427045,0,▁bowl;▁plate,set
group_bowl_plate,group_bowl_plate/t000_L09_noun_bowl_plate_L1_set_base.png,bowl_plate_L1_set,set the bowl on the plate,0,09,noun,base,img512,8,2.5185339701041063e-07,0.20925986009515862,7,9,0.4143212028935619,0,▁bowl;▁plate,set
group_bowl_plate,group_bowl_plate/t000_L09_verb_bowl_plate_L1_set_base.png,bowl_plate_L1_set,set the bowl on the plate,0,09,verb,base,img512,8,4.1488845469598276e-07,0.028712047085919578,7,8,0.07778399957617904,0,▁bowl;▁plate,set
group_bowl_plate,group_bowl_plate/t000_L09_func_bowl_plate_L1_set_base.png,bowl_plate_L1_set,set the bowl on the plate,0,09,func,base,img512,8,5.694470780878773e-06,0.3412055708814826,7,9,0.7913968443265378,0,▁bowl;▁plate,set
group_bowl_plate,group_bowl_plate/t000_L10_allmax_bowl_plate_L1_set_base.png,bowl_plate_L1_set,set the bowl on the plate,0,10,allmax,base,img512,8,3.318425353511524e-08,0.2510849426180955,10,8,0.7207695807854673,0,▁bowl;▁plate,set
group_bowl_plate,group_bowl_plate/t000_L10_allsum_bowl_plate_L1_set_base.png,bowl_plate_L1_set,set the bowl on the plate,0,10,allsum,base,img512,8,6.94787123356428e-08,0.47429701793265383,11,8,1.3579370850478079,0,▁bowl;▁plate,set
group_bowl_plate,group_bowl_plate/t000_L10_noun_bowl_plate_L1_set_base.png,bowl_plate_L1_set,set the bowl on the plate,0,10,noun,base,img512,8,6.074743002472588e-10,0.24079232725403202,10,8,0.7314953645408286,0,▁bowl;▁plate,set
group_bowl_plate,group_bowl_plate/t000_L10_verb_bowl_plate_L1_set_base.png,bowl_plate_L1_set,set the bowl on the plate,0,10,verb,base,img512,8,3.100233029792514e-08,0.08500408668529037,7,8,0.2045863916888567,0,▁bowl;▁plate,set
group_bowl_plate,group_bowl_plate/t000_L10_func_bowl_plate_L1_set_base.png,bowl_plate_L1_set,set the bowl on the plate,0,10,func,base,img512,8,3.5019863673115376e-08,0.289264159847537,7,8,0.625311682794695,0,▁bowl;▁plate,set
group_bowl_plate,group_bowl_plate/t000_L11_allmax_bowl_plate_L1_set_base.png,bowl_plate_L1_set,set the bowl on the plate,0,11,allmax,base,img512,8,1.8759298156507952e-07,0.1629692063651811,7,8,0.4906874790659407,0,▁bowl;▁plate,set
group_bowl_plate,group_bowl_plate/t000_L11_allsum_bowl_plate_L1_set_base.png,bowl_plate_L1_set,set the bowl on the plate,0,11,allsum,base,img512,8,3.346781618019878e-07,0.4331970187178834,7,8,1.2706939444108067,0,▁bowl;▁plate,set
group_bowl_plate,group_bowl_plate/t000_L11_noun_bowl_plate_L1_set_base.png,bowl_plate_L1_set,set the bowl on the plate,0,11,noun,base,img512,8,2.2108770639061092e-08,0.0989383745917635,7,8,0.3574069990931248,0,▁bowl;▁plate,set
group_bowl_plate,group_bowl_plate/t000_L11_verb_bowl_plate_L1_set_base.png,bowl_plate_L1_set,set the bowl on the plate,0,11,verb,base,img512,8,8.731577517910769e-09,0.016229995979895908,3,7,0.054525295556341134,0,▁bowl;▁plate,set
group_bowl_plate,group_bowl_plate/t000_L11_func_bowl_plate_L1_set_base.png,bowl_plate_L1_set,set the bowl on the plate,0,11,func,base,img512,8,1.970084285719962e-07,0.31802864814622406,7,8,0.8665987846101365,0,▁bowl;▁plate,set
group_bowl_plate,group_bowl_plate/t000_L12_allmax_bowl_plate_L1_set_base.png,bowl_plate_L1_set,set the bowl on the plate,0,12,allmax,base,img512,8,5.2501543833033305e-08,0.1074276270581269,9,7,0.4388204440705848,0,▁bowl;▁plate,set
group_bowl_plate,group_bowl_plate/t000_L12_allsum_bowl_plate_L1_set_base.png,bowl_plate_L1_set,set the bowl on the plate,0,12,allsum,base,img512,8,5.642607093070207e-08,0.26521923994064905,8,7,1.1214076986873538,0,▁bowl;▁plate,set
group_bowl_plate,group_bowl_plate/t000_L12_noun_bowl_plate_L1_set_base.png,bowl_plate_L1_set,set the bowl on the plate,0,12,noun,base,img512,8,2.4528084393521914e-10,0.10625379464469546,9,8,0.44482427028047206,0,▁bowl;▁plate,set
group_bowl_plate,group_bowl_plate/t000_L12_verb_bowl_plate_L1_set_base.png,bowl_plate_L1_set,set the bowl on the plate,0,12,verb,base,img512,8,5.2501543833033305e-08,0.05062818054508539,7,8,0.1297742937350044,0,▁bowl;▁plate,set
group_bowl_plate,group_bowl_plate/t000_L12_func_bowl_plate_L1_set_base.png,bowl_plate_L1_set,set the bowl on the plate,0,12,func,base,img512,8,3.6792462537335415e-09,0.16623011656257114,8,8,0.6124084506367599,0,▁bowl;▁plate,set
group_bowl_plate,group_bowl_plate/t000_L13_allmax_bowl_plate_L1_set_base.png,bowl_plate_L1_set,set the bowl on the plate,0,13,allmax,base,img512,8,8.354136498330827e-07,0.5372963272616955,1,1,0.6317666138378671,1,▁bowl;▁plate,set
group_bowl_plate,group_bowl_plate/t000_L13_allsum_bowl_plate_L1_set_base.png,bowl_plate_L1_set,set the bowl on the plate,0,13,allsum,base,img512,8,2.984947198218723e-06,1.043733717222672,1,1,1.302956145306336,1,▁bowl;▁plate,set
group_bowl_plate,group_bowl_plate/t000_L13_noun_bowl_plate_L1_set_base.png,bowl_plate_L1_set,set the bowl on the plate,0,13,noun,base,img512,8,3.599720728344439e-07,0.5744376967651441,1,1,0.623010692686374,1,▁bowl;▁plate,set
group_bowl_plate,group_bowl_plate/t000_L13_verb_bowl_plate_L1_set_base.png,bowl_plate_L1_set,set the bowl on the plate,0,13,verb,base,img512,8,2.740349708467241e-07,0.04054681790891504,7,8,0.09897025101140824,0,▁bowl;▁plate,set
group_bowl_plate,group_bowl_plate/t000_L13_func_bowl_plate_L1_set_base.png,bowl_plate_L1_set,set the bowl on the plate,0,13,func,base,img512,8,4.2966522827310805e-07,0.45786291597615497,1,1,0.6527713777275842,1,▁bowl;▁plate,set
group_bowl_plate,group_bowl_plate/t000_L14_allmax_bowl_plate_L1_set_base.png,bowl_plate_L1_set,set the bowl on the plate,0,14,allmax,base,img512,8,9.280775775573102e-09,0.0701226456005511,7,8,0.20399731902456672,0,▁bowl;▁plate,set
group_bowl_plate,group_bowl_plate/t000_L14_allsum_bowl_plate_L1_set_base.png,bowl_plate_L1_set,set the bowl on the plate,0,14,allsum,base,img512,8,1.2362276273934572e-08,0.20987224939575566,7,8,0.5766081982711645,0,▁bowl;▁plate,set
group_bowl_plate,group_bowl_plate/t000_L14_noun_bowl_plate_L1_set_base.png,bowl_plate_L1_set,set the bowl on the plate,0,14,noun,base,img512,8,2.3581249743903495e-11,0.07271164300879704,7,8,0.1550595679324703,0,▁bowl;▁plate,set
group_bowl_plate,group_bowl_plate/t000_L14_verb_bowl_plate_L1_set_base.png,bowl_plate_L1_set,set the bowl on the plate,0,14,verb,base,img512,8,2.5827931896559967e-11,0.020413965195798335,7,8,0.054562132117454906,0,▁bowl;▁plate,set
group_bowl_plate,group_bowl_plate/t000_L14_func_bowl_plate_L1_set_base.png,bowl_plate_L1_set,set the bowl on the plate,0,14,func,base,img512,8,1.2248291587999448e-08,0.15016023121474792,7,8,0.3669864982212393,0,▁bowl;▁plate,set
group_bowl_plate,group_bowl_plate/t000_L15_allmax_bowl_plate_L1_set_base.png,bowl_plate_L1_set,set the bowl on the plate,0,15,allmax,base,img512,8,4.154121848477894e-09,0.07164010922498494,7,8,0.1820218964483374,0,▁bowl;▁plate,set
group_bowl_plate,group_bowl_plate/t000_L15_allsum_bowl_plate_L1_set_base.png,bowl_plate_L1_set,set the bowl on the plate,0,15,allsum,base,img512,8,9.020793427758377e-09,0.23595613917707364,7,8,0.5825175382435087,0,▁bowl;▁plate,set
group_bowl_plate,group_bowl_plate/t000_L15_noun_bowl_plate_L1_set_base.png,bowl_plate_L1_set,set the bowl on the plate,0,15,noun,base,img512,8,1.5688429878610054e-11,0.011705854571720535,7,8,0.03720738354073209,0,▁bowl;▁plate,set
group_bowl_plate,group_bowl_plate/t000_L15_verb_bowl_plate_L1_set_base.png,bowl_plate_L1_set,set the bowl on the plate,0,15,verb,base,img512,8,2.7338314549650617e-11,0.021554934100752234,7,8,0.05085649534531967,0,▁bowl;▁plate,set
group_bowl_plate,group_bowl_plate/t000_L15_func_bowl_plate_L1_set_base.png,bowl_plate_L1_set,set the bowl on the plate,0,15,func,base,img512,8,8.958009882461747e-09,0.2049744476047491,7,8,0.4944536593574569,0,▁bowl;▁plate,set
group_bowl_plate,group_bowl_plate/t000_L16_allmax_bowl_plate_L1_set_base.png,bowl_plate_L1_set,set the bowl on the plate,0,16,allmax,base,img512,8,3.662270213490185e-08,0.1225377718999829,3,8,0.23562075371249427,0,▁bowl;▁plate,set
group_bowl_plate,group_bowl_plate/t000_L16_allsum_bowl_plate_L1_set_base.png,bowl_plate_L1_set,set the bowl on the plate,0,16,allsum,base,img512,8,4.890069223676323e-08,0.20447606261718848,3,7,0.4499099949643975,0,▁bowl;▁plate,set
group_bowl_plate,group_bowl_plate/t000_L16_noun_bowl_plate_L1_set_base.png,bowl_plate_L1_set,set the bowl on the plate,0,16,noun,base,img512,8,4.7993715892702e-10,0.05266581849284137,14,2,0.05464291346646652,1,▁bowl;▁plate,set
group_bowl_plate,group_bowl_plate/t000_L16_verb_bowl_plate_L1_set_base.png,bowl_plate_L1_set,set the bowl on the plate,0,16,verb,base,img512,8,6.229210137888678e-10,0.009018102198204562,14,2,0.010022409580570843,1,▁bowl;▁plate,set
group_bowl_plate,group_bowl_plate/t000_L16_func_bowl_plate_L1_set_base.png,bowl_plate_L1_set,set the bowl on the plate,0,16,func,base,img512,8,4.6757592145615224e-08,0.18611337207844106,3,7,0.40787244455946436,0,▁bowl;▁plate,set
group_bowl_plate,group_bowl_plate/t000_L17_allmax_bowl_plate_L1_set_base.png,bowl_plate_L1_set,set the bowl on the plate,0,17,allmax,base,img512,8,1.692808306956271e-05,0.20991563259131996,14,2,0.2273955396229193,1,▁bowl;▁plate,set
group_bowl_plate,group_bowl_plate/t000_L17_allsum_bowl_plate_L1_set_base.png,bowl_plate_L1_set,set the bowl on the plate,0,17,allsum,base,img512,8,1.6928086960047407e-05,0.8725907020586756,14,2,0.9127338112810551,1,▁bowl;▁plate,set
group_bowl_plate,group_bowl_plate/t000_L17_noun_bowl_plate_L1_set_base.png,bowl_plate_L1_set,set the bowl on the plate,0,17,noun,base,img512,8,2.872852113298046e-17,0.19964423659512087,14,2,0.20463789588079032,1,▁bowl;▁plate,set
group_bowl_plate,group_bowl_plate/t000_L17_verb_bowl_plate_L1_set_base.png,bowl_plate_L1_set,set the bowl on the plate,0,17,verb,base,img512,8,5.046931189733231e-15,0.1447685623393577,14,2,0.15165218497972388,1,▁bowl;▁plate,set
group_bowl_plate,group_bowl_plate/t000_L17_func_bowl_plate_L1_set_base.png,bowl_plate_L1_set,set the bowl on the plate,0,17,func,base,img512,8,1.69280830956046e-05,0.5281779031241969,14,2,0.5564437304205407,1,▁bowl;▁plate,set
group_bowl_plate,group_bowl_plate/t000_Lrollout_allmax_bowl_plate_L1_set_base.png,bowl_plate_L1_set,set the bowl on the plate,0,rollout,allmax,base,img512,8,7.169632752863422e-05,0.029231902913810698,7,9,0.06525195530032375,0,▁bowl;▁plate,set
group_bowl_plate,group_bowl_plate/t000_Lrollout_allsum_bowl_plate_L1_set_base.png,bowl_plate_L1_set,set the bowl on the plate,0,rollout,allsum,base,img512,8,0.0005706469698191247,0.23312203348655014,7,9,0.5196904678088031,0,▁bowl;▁plate,set
group_bowl_plate,group_bowl_plate/t000_Lrollout_noun_bowl_plate_L1_set_base.png,bowl_plate_L1_set,set the bowl on the plate,0,rollout,noun,base,img512,8,0.0001425093770023799,0.058256339803577084,7,9,0.13005868963504408,0,▁bowl;▁plate,set
group_bowl_plate,group_bowl_plate/t000_Lrollout_verb_bowl_plate_L1_set_base.png,bowl_plate_L1_set,set the bowl on the plate,0,rollout,verb,base,img512,8,7.139951818157893e-05,0.029231902913810698,7,9,0.06459635044679564,0,▁bowl;▁plate,set
group_bowl_plate,group_bowl_plate/t000_Lrollout_func_bowl_plate_L1_set_base.png,bowl_plate_L1_set,set the bowl on the plate,0,rollout,func,base,img512,8,0.0003567380746351657,0.14563379076916236,7,9,0.3250354277269634,0,▁bowl;▁plate,set
group_bowl_plate,group_bowl_plate/t000_L00_allmax_bowl_plate_L1_move_base.png,bowl_plate_L1_move,move the bowl on the plate,0,00,allmax,base,img512,8,8.680659758336015e-05,0.46784427792623345,1,14,0.47822814027778154,1,▁bowl;▁plate,move
group_bowl_plate,group_bowl_plate/t000_L00_allsum_bowl_plate_L1_move_base.png,bowl_plate_L1_move,move the bowl on the plate,0,00,allsum,base,img512,8,0.00018605854033503413,1.703473612250545,13,1,1.7398587570556,1,▁bowl;▁plate,move
group_bowl_plate,group_bowl_plate/t000_L00_noun_bowl_plate_L1_move_base.png,bowl_plate_L1_move,move the bowl on the plate,0,00,noun,base,img512,8,1.4862074797842851e-06,0.7283647759252887,13,1,0.7354617549731973,1,▁bowl;▁plate,move
group_bowl_plate,group_bowl_plate/t000_L00_verb_bowl_plate_L1_move_base.png,bowl_plate_L1_move,move the bowl on the plate,0,00,verb,base,img512,8,4.691060786382089e-07,0.1581547193245307,13,1,0.16160488796016,1,▁bowl;▁plate,move
group_bowl_plate,group_bowl_plate/t000_L00_func_bowl_plate_L1_move_base.png,bowl_plate_L1_move,move the bowl on the plate,0,00,func,base,img512,8,0.00011907478680491193,0.8169541170007255,13,2,0.8428102052957497,0,▁bowl;▁plate,move
group_bowl_plate,group_bowl_plate/t000_L01_allmax_bowl_plate_L1_move_base.png,bowl_plate_L1_move,move the bowl on the plate,0,01,allmax,base,img512,8,3.483250640109952e-05,0.10265288335447037,2,1,0.1787587386560846,1,▁bowl;▁plate,move
group_bowl_plate,group_bowl_plate/t000_L01_allsum_bowl_plate_L1_move_base.png,bowl_plate_L1_move,move the bowl on the plate,0,01,allsum,base,img512,8,0.00014235268763971865,0.2242462342467597,2,6,0.45746051460854065,0,▁bowl;▁plate,move
group_bowl_plate,group_bowl_plate/t000_L01_noun_bowl_plate_L1_move_base.png,bowl_plate_L1_move,move the bowl on the plate,0,01,noun,base,img512,8,9.523957516455419e-06,0.1715627341062425,1,1,0.2875331440363581,1,▁bowl;▁plate,move
group_bowl_plate,group_bowl_plate/t000_L01_verb_bowl_plate_L1_move_base.png,bowl_plate_L1_move,move the bowl on the plate,0,01,verb,base,img512,8,2.6020734121361522e-06,0.04113349135628356,1,1,0.0773823869690153,1,▁bowl;▁plate,move
group_bowl_plate,group_bowl_plate/t000_L01_func_bowl_plate_L1_move_base.png,bowl_plate_L1_move,move the bowl on the plate,0,01,func,base,img512,8,0.0001243978155931173,0.13181265922025825,2,6,0.38156711803170995,0,▁bowl;▁plate,move
group_bowl_plate,group_bowl_plate/t000_L02_allmax_bowl_plate_L1_move_base.png,bowl_plate_L1_move,move the bowl on the plate,0,02,allmax,base,img512,8,5.505849243653341e-05,0.05315858397288729,13,1,0.08713364967279141,1,▁bowl;▁plate,move
group_bowl_plate,group_bowl_plate/t000_L02_allsum_bowl_plate_L1_move_base.png,bowl_plate_L1_move,move the bowl on the plate,0,02,allsum,base,img512,8,0.0001465891034273634,0.15999908620520087,13,2,0.2842047591167476,0,▁bowl;▁plate,move
group_bowl_plate,group_bowl_plate/t000_L02_noun_bowl_plate_L1_move_base.png,bowl_plate_L1_move,move the bowl on the plate,0,02,noun,base,img512,8,8.314673342439225e-06,0.026514089691007145,8,8,0.08299975064597363,0,▁bowl;▁plate,move
group_bowl_plate,group_bowl_plate/t000_L02_verb_bowl_plate_L1_move_base.png,bowl_plate_L1_move,move the bowl on the plate,0,02,verb,base,img512,8,3.829609762549678e-06,0.006719067549336668,7,9,0.017841221952783034,0,▁bowl;▁plate,move
group_bowl_plate,group_bowl_plate/t000_L02_func_bowl_plate_L1_move_base.png,bowl_plate_L1_move,move the bowl on the plate,0,02,func,base,img512,8,0.0001311277386329712,0.1376063413866144,13,2,0.23429702917672368,0,▁bowl;▁plate,move
group_bowl_plate,group_bowl_plate/t000_L03_allmax_bowl_plate_L1_move_base.png,bowl_plate_L1_move,move the bowl on the plate,0,03,allmax,base,img512,8,8.9994697937477e-06,0.09856800145056628,12,8,0.30979718068255024,0,▁bowl;▁plate,move
group_bowl_plate,group_bowl_plate/t000_L03_allsum_bowl_plate_L1_move_base.png,bowl_plate_L1_move,move the bowl on the plate,0,03,allsum,base,img512,8,2.86294446254694e-05,0.21452277642416046,7,9,0.6675952693515504,0,▁bowl;▁plate,move
group_bowl_plate,group_bowl_plate/t000_L03_noun_bowl_plate_L1_move_base.png,bowl_plate_L1_move,move the bowl on the plate,0,03,noun,base,img512,8,1.7590236711479432e-06,0.1047876077525113,11,8,0.3098092542012413,0,▁bowl;▁plate,move
group_bowl_plate,group_bowl_plate/t000_L03_verb_bowl_plate_L1_move_base.png,bowl_plate_L1_move,move the bowl on the plate,0,03,verb,base,img512,8,9.003036186394459e-07,0.01999235574067062,7,9,0.07319549184288394,0,▁bowl;▁plate,move
group_bowl_plate,group_bowl_plate/t000_L03_func_bowl_plate_L1_move_base.png,bowl_plate_L1_move,move the bowl on the plate,0,03,func,base,img512,8,2.597011733568201e-05,0.09207812183255797,7,9,0.28698961120512884,0,▁bowl;▁plate,move
group_bowl_plate,group_bowl_plate/t000_L04_allmax_bowl_plate_L1_move_base.png,bowl_plate_L1_move,move the bowl on the plate,0,04,allmax,base,img512,8,3.41481032310817e-05,0.17081779251766954,12,8,0.5082881545254077,0,▁bowl;▁plate,move
group_bowl_plate,group_bowl_plate/t000_L04_allsum_bowl_plate_L1_move_base.png,bowl_plate_L1_move,move the bowl on the plate,0,04,allsum,base,img512,8,0.0001362611915450353,0.47320726175960515,7,9,1.198425465932773,0,▁bowl;▁plate,move
group_bowl_plate,group_bowl_plate/t000_L04_noun_bowl_plate_L1_move_base.png,bowl_plate_L1_move,move the bowl on the plate,0,04,noun,base,img512,8,1.5712952430504477e-05,0.23169204466682622,7,8,0.5358152060587889,0,▁bowl;▁plate,move
group_bowl_plate,group_bowl_plate/t000_L04_verb_bowl_plate_L1_move_base.png,bowl_plate_L1_move,move the bowl on the plate,0,04,verb,base,img512,8,9.486682330482838e-06,0.04860815384146728,7,9,0.15108474287203313,0,▁bowl;▁plate,move
group_bowl_plate,group_bowl_plate/t000_L04_func_bowl_plate_L1_move_base.png,bowl_plate_L1_move,move the bowl on the plate,0,04,func,base,img512,8,7.65988324493675e-05,0.19290706325131166,7,8,0.5241069432889996,0,▁bowl;▁plate,move
group_bowl_plate,group_bowl_plate/t000_L05_allmax_bowl_plate_L1_move_base.png,bowl_plate_L1_move,move the bowl on the plate,0,05,allmax,base,img512,8,7.28825111075776e-06,0.2288425795888752,11,8,0.449445420287863,0,▁bowl;▁plate,move
group_bowl_plate,group_bowl_plate/t000_L05_allsum_bowl_plate_L1_move_base.png,bowl_plate_L1_move,move the bowl on the plate,0,05,allsum,base,img512,8,2.266019661493095e-05,0.4976044394974629,7,8,1.3178334536349867,0,▁bowl;▁plate,move
group_bowl_plate,group_bowl_plate/t000_L05_noun_bowl_plate_L1_move_base.png,bowl_plate_L1_move,move the bowl on the plate,0,05,noun,base,img512,8,2.5716629504205078e-06,0.2414258706902384,11,8,0.480101240419183,0,▁bowl;▁plate,move
group_bowl_plate,group_bowl_plate/t000_L05_verb_bowl_plate_L1_move_base.png,bowl_plate_L1_move,move the bowl on the plate,0,05,verb,base,img512,8,1.7406007782063344e-06,0.06553487583172517,7,8,0.17673002571980745,0,▁bowl;▁plate,move
group_bowl_plate,group_bowl_plate/t000_L05_func_bowl_plate_L1_move_base.png,bowl_plate_L1_move,move the bowl on the plate,0,05,func,base,img512,8,1.7293515238039813e-05,0.32114627480229874,7,8,0.8850266716358871,0,▁bowl;▁plate,move
group_bowl_plate,group_bowl_plate/t000_L06_allmax_bowl_plate_L1_move_base.png,bowl_plate_L1_move,move the bowl on the plate,0,06,allmax,base,img512,8,6.467901179874036e-07,0.13361148232117437,7,8,0.2982587716405598,0,▁bowl;▁plate,move
group_bowl_plate,group_bowl_plate/t000_L06_allsum_bowl_plate_L1_move_base.png,bowl_plate_L1_move,move the bowl on the plate,0,06,allsum,base,img512,8,1.5691682117049802e-06,0.6605834221563499,7,8,1.4450365637074978,0,▁bowl;▁plate,move
group_bowl_plate,group_bowl_plate/t000_L06_noun_bowl_plate_L1_move_base.png,bowl_plate_L1_move,move the bowl on the plate,0,06,noun,base,img512,8,1.1148175299204167e-07,0.24429255765820168,7,8,0.5123210521037553,0,▁bowl;▁plate,move
group_bowl_plate,group_bowl_plate/t000_L06_verb_bowl_plate_L1_move_base.png,bowl_plate_L1_move,move the bowl on the plate,0,06,verb,base,img512,8,8.260789466185975e-08,0.08152215693523793,7,8,0.17400873467209524,0,▁bowl;▁plate,move
group_bowl_plate,group_bowl_plate/t000_L06_func_bowl_plate_L1_move_base.png,bowl_plate_L1_move,move the bowl on the plate,0,06,func,base,img512,8,1.311987069142347e-06,0.33476870756291033,7,8,0.7587067769316475,0,▁bowl;▁plate,move
group_bowl_plate,group_bowl_plate/t000_L07_allmax_bowl_plate_L1_move_base.png,bowl_plate_L1_move,move the bowl on the plate,0,07,allmax,base,img512,8,8.628485596216825e-06,0.10315393015405923,11,8,0.3624410957101377,0,▁bowl;▁plate,move
group_bowl_plate,group_bowl_plate/t000_L07_allsum_bowl_plate_L1_move_base.png,bowl_plate_L1_move,move the bowl on the plate,0,07,allsum,base,img512,8,3.176037158940871e-05,0.1979121100334941,11,8,0.68279165304265,0,▁bowl;▁plate,move
group_bowl_plate,group_bowl_plate/t000_L07_noun_bowl_plate_L1_move_base.png,bowl_plate_L1_move,move the bowl on the plate,0,07,noun,base,img512,8,1.4608459441317e-06,0.10938102049431407,11,8,0.4106785140978348,0,▁bowl;▁plate,move
group_bowl_plate,group_bowl_plate/t000_L07_verb_bowl_plate_L1_move_base.png,bowl_plate_L1_move,move the bowl on the plate,0,07,verb,base,img512,8,1.7260064213572046e-06,0.021513547336897736,7,8,0.06167863318993153,0,▁bowl;▁plate,move
group_bowl_plate,group_bowl_plate/t000_L07_func_bowl_plate_L1_move_base.png,bowl_plate_L1_move,move the bowl on the plate,0,07,func,base,img512,8,2.001755016406166e-05,0.10911535618017795,7,8,0.3002870130173984,0,▁bowl;▁plate,move
group_bowl_plate,group_bowl_plate/t000_L08_allmax_bowl_plate_L1_move_base.png,bowl_plate_L1_move,move the bowl on the plate,0,08,allmax,base,img512,8,4.4759346697693066e-05,0.1530479632933537,10,8,0.5857449225947319,0,▁bowl;▁plate,move
group_bowl_plate,group_bowl_plate/t000_L08_allsum_bowl_plate_L1_move_base.png,bowl_plate_L1_move,move the bowl on the plate,0,08,allsum,base,img512,8,8.627754689957554e-05,0.4752309380885211,8,8,1.7391364748644322,0,▁bowl;▁plate,move
group_bowl_plate,group_bowl_plate/t000_L08_noun_bowl_plate_L1_move_base.png,bowl_plate_L1_move,move the bowl on the plate,0,08,noun,base,img512,8,3.211540469906776e-07,0.15693220922802745,11,8,0.5317024138257862,0,▁bowl;▁plate,move
group_bowl_plate,group_bowl_plate/t000_L08_verb_bowl_plate_L1_move_base.png,bowl_plate_L1_move,move the bowl on the plate,0,08,verb,base,img512,8,1.993956295220823e-07,0.08101536416154272,7,8,0.20506394334200093,0,▁bowl;▁plate,move
group_bowl_plate,group_bowl_plate/t000_L08_func_bowl_plate_L1_move_base.png,bowl_plate_L1_move,move the bowl on the plate,0,08,func,base,img512,8,7.84004648022803e-05,0.27934841352561235,8,8,1.1770197502750035,0,▁bowl;▁plate,move
group_bowl_plate,group_bowl_plate/t000_L09_allmax_bowl_plate_L1_move_base.png,bowl_plate_L1_move,move the bowl on the plate,0,09,allmax,base,img512,8,4.022331423915328e-06,0.17015103454891498,7,9,0.37571964325918944,0,▁bowl;▁plate,move
group_bowl_plate,group_bowl_plate/t000_L09_allsum_bowl_plate_L1_move_base.png,bowl_plate_L1_move,move the bowl on the plate,0,09,allsum,base,img512,8,9.712708929551762e-06,0.5723620114929457,7,9,1.2898860761774162,0,▁bowl;▁plate,move
group_bowl_plate,group_bowl_plate/t000_L09_noun_bowl_plate_L1_move_base.png,bowl_plate_L1_move,move the bowl on the plate,0,09,noun,base,img512,8,2.0649915276220884e-07,0.23039059030881742,7,9,0.4502808967828786,0,▁bowl;▁plate,move
group_bowl_plate,group_bowl_plate/t000_L09_verb_bowl_plate_L1_move_base.png,bowl_plate_L1_move,move the bowl on the plate,0,09,verb,base,img512,8,1.1381180622584243e-07,0.06103323302074146,7,9,0.142740679019246,0,▁bowl;▁plate,move
group_bowl_plate,group_bowl_plate/t000_L09_func_bowl_plate_L1_move_base.png,bowl_plate_L1_move,move the bowl on the plate,0,09,func,base,img512,8,7.269818550578884e-06,0.2809381881633868,7,9,0.6968645003752915,0,▁bowl;▁plate,move
group_bowl_plate,group_bowl_plate/t000_L10_allmax_bowl_plate_L1_move_base.png,bowl_plate_L1_move,move the bowl on the plate,0,10,allmax,base,img512,8,6.854698283886572e-09,0.24163237877673086,11,8,0.6152513486790896,0,▁bowl;▁plate,move
group_bowl_plate,group_bowl_plate/t000_L10_allsum_bowl_plate_L1_move_base.png,bowl_plate_L1_move,move the bowl on the plate,0,10,allsum,base,img512,8,1.7935805262345546e-08,0.4219684900402484,11,8,1.2326083660032625,0,▁bowl;▁plate,move
group_bowl_plate,group_bowl_plate/t000_L10_noun_bowl_plate_L1_move_base.png,bowl_plate_L1_move,move the bowl on the plate,0,10,noun,base,img512,8,1.244366181227964e-09,0.20888406410925345,10,8,0.6307358626798084,0,▁bowl;▁plate,move
group_bowl_plate,group_bowl_plate/t000_L10_verb_bowl_plate_L1_move_base.png,bowl_plate_L1_move,move the bowl on the plate,0,10,verb,base,img512,8,3.526640642972109e-10,0.04976064908923543,7,9,0.12543977264592543,0,▁bowl;▁plate,move
group_bowl_plate,group_bowl_plate/t000_L10_func_bowl_plate_L1_move_base.png,bowl_plate_L1_move,move the bowl on the plate,0,10,func,base,img512,8,1.5421873044675426e-08,0.2790409584725003,7,8,0.6643232638121207,0,▁bowl;▁plate,move
group_bowl_plate,group_bowl_plate/t000_L11_allmax_bowl_plate_L1_move_base.png,bowl_plate_L1_move,move the bowl on the plate,0,11,allmax,base,img512,8,2.0276389996508153e-07,0.09082950571522667,7,8,0.3918194792706565,0,▁bowl;▁plate,move
group_bowl_plate,group_bowl_plate/t000_L11_allsum_bowl_plate_L1_move_base.png,bowl_plate_L1_move,move the bowl on the plate,0,11,allsum,base,img512,8,4.3771493611603375e-07,0.3184143123343516,7,8,1.142333485160727,0,▁bowl;▁plate,move
group_bowl_plate,group_bowl_plate/t000_L11_noun_bowl_plate_L1_move_base.png,bowl_plate_L1_move,move the bowl on the plate,0,11,noun,base,img512,8,3.2104908131189e-08,0.055073494240362425,7,8,0.27632190301419496,0,▁bowl;▁plate,move
group_bowl_plate,group_bowl_plate/t000_L11_verb_bowl_plate_L1_move_base.png,bowl_plate_L1_move,move the bowl on the plate,0,11,verb,base,img512,8,1.2693921603361393e-09,0.04027707715940429,7,8,0.14666270681526344,0,▁bowl;▁plate,move
group_bowl_plate,group_bowl_plate/t000_L11_func_bowl_plate_L1_move_base.png,bowl_plate_L1_move,move the bowl on the plate,0,11,func,base,img512,8,1.7868864165089721e-07,0.2262799799936493,7,8,0.7193488753312687,0,▁bowl;▁plate,move
group_bowl_plate,group_bowl_plate/t000_L12_allmax_bowl_plate_L1_move_base.png,bowl_plate_L1_move,move the bowl on the plate,0,12,allmax,base,img512,8,2.1884445284053054e-09,0.14160312122923607,9,7,0.45918256709335326,0,▁bowl;▁plate,move
group_bowl_plate,group_bowl_plate/t000_L12_allsum_bowl_plate_L1_move_base.png,bowl_plate_L1_move,move the bowl on the plate,0,12,allsum,base,img512,8,8.55579983590837e-09,0.31923334871416364,9,7,1.2514552164886996,0,▁bowl;▁plate,move
group_bowl_plate,group_bowl_plate/t000_L12_noun_bowl_plate_L1_move_base.png,bowl_plate_L1_move,move the bowl on the plate,0,12,noun,base,img512,8,5.353810452813338e-10,0.1404821269620241,9,7,0.36390082372447763,0,▁bowl;▁plate,move
group_bowl_plate,group_bowl_plate/t000_L12_verb_bowl_plate_L1_move_base.png,bowl_plate_L1_move,move the bowl on the plate,0,12,verb,base,img512,8,7.544614874477166e-10,0.062329483041245484,11,8,0.18812026219030326,0,▁bowl;▁plate,move
group_bowl_plate,group_bowl_plate/t000_L12_func_bowl_plate_L1_move_base.png,bowl_plate_L1_move,move the bowl on the plate,0,12,func,base,img512,8,5.809486521763884e-09,0.21114015824892976,8,7,0.819196808061732,0,▁bowl;▁plate,move
group_bowl_plate,group_bowl_plate/t000_L13_allmax_bowl_plate_L1_move_base.png,bowl_plate_L1_move,move the bowl on the plate,0,13,allmax,base,img512,8,4.610665944440267e-07,0.5810662217323368,1,1,0.7376400451358662,1,▁bowl;▁plate,move
group_bowl_plate,group_bowl_plate/t000_L13_allsum_bowl_plate_L1_move_base.png,bowl_plate_L1_move,move the bowl on the plate,0,13,allsum,base,img512,8,1.8231685542115906e-06,1.2771526150572061,1,1,1.651771850718553,1,▁bowl;▁plate,move
group_bowl_plate,group_bowl_plate/t000_L13_noun_bowl_plate_L1_move_base.png,bowl_plate_L1_move,move the bowl on the plate,0,13,noun,base,img512,8,2.47858436164596e-07,0.6501401667698564,1,1,0.7170284611698203,1,▁bowl;▁plate,move
group_bowl_plate,group_bowl_plate/t000_L13_verb_bowl_plate_L1_move_base.png,bowl_plate_L1_move,move the bowl on the plate,0,13,verb,base,img512,8,1.6471027725145483e-07,0.06943090598673594,8,8,0.10527194668742669,0,▁bowl;▁plate,move
group_bowl_plate,group_bowl_plate/t000_L13_func_bowl_plate_L1_move_base.png,bowl_plate_L1_move,move the bowl on the plate,0,13,func,base,img512,8,1.2095701524813199e-06,0.5575815423006139,1,1,0.8377029417255482,1,▁bowl;▁plate,move
group_bowl_plate,group_bowl_plate/t000_L14_allmax_bowl_plate_L1_move_base.png,bowl_plate_L1_move,move the bowl on the plate,0,14,allmax,base,img512,8,1.2876870484403872e-08,0.06936190603077542,7,9,0.18918290888379852,0,▁bowl;▁plate,move
group_bowl_plate,group_bowl_plate/t000_L14_allsum_bowl_plate_L1_move_base.png,bowl_plate_L1_move,move the bowl on the plate,0,14,allsum,base,img512,8,1.6271758653174162e-08,0.2335891963768634,7,8,0.6294542126494878,0,▁bowl;▁plate,move
group_bowl_plate,group_bowl_plate/t000_L14_noun_bowl_plate_L1_move_base.png,bowl_plate_L1_move,move the bowl on the plate,0,14,noun,base,img512,8,2.296731714332228e-11,0.06408469066508489,8,8,0.13440743377568568,0,▁bowl;▁plate,move
group_bowl_plate,group_bowl_plate/t000_L14_verb_bowl_plate_L1_move_base.png,bowl_plate_L1_move,move the bowl on the plate,0,14,verb,base,img512,8,3.952701237098831e-11,0.06830983584436563,7,9,0.16622955932425498,0,▁bowl;▁plate,move
group_bowl_plate,group_bowl_plate/t000_L14_func_bowl_plate_L1_move_base.png,bowl_plate_L1_move,move the bowl on the plate,0,14,func,base,img512,8,1.6005295055663582e-08,0.18407645185071458,7,8,0.33499514775508016,0,▁bowl;▁plate,move
group_bowl_plate,group_bowl_plate/t000_L15_allmax_bowl_plate_L1_move_base.png,bowl_plate_L1_move,move the bowl on the plate,0,15,allmax,base,img512,8,5.997805689058417e-09,0.0757712390022391,7,9,0.22482127373641547,0,▁bowl;▁plate,move
group_bowl_plate,group_bowl_plate/t000_L15_allsum_bowl_plate_L1_move_base.png,bowl_plate_L1_move,move the bowl on the plate,0,15,allsum,base,img512,8,7.006520215004325e-09,0.25789266283101964,7,8,0.6884952490213373,0,▁bowl;▁plate,move
group_bowl_plate,group_bowl_plate/t000_L15_noun_bowl_plate_L1_move_base.png,bowl_plate_L1_move,move the bowl on the plate,0,15,noun,base,img512,8,1.9440795442412484e-11,0.01834144811192339,7,8,0.05669232434967693,0,▁bowl;▁plate,move
group_bowl_plate,group_bowl_plate/t000_L15_verb_bowl_plate_L1_move_base.png,bowl_plate_L1_move,move the bowl on the plate,0,15,verb,base,img512,8,3.682374965873395e-11,0.043621057138513136,7,8,0.11428228574312428,0,▁bowl;▁plate,move
group_bowl_plate,group_bowl_plate/t000_L15_func_bowl_plate_L1_move_base.png,bowl_plate_L1_move,move the bowl on the plate,0,15,func,base,img512,8,6.941402370740967e-09,0.19669916238628182,7,8,0.5175206389285361,0,▁bowl;▁plate,move
group_bowl_plate,group_bowl_plate/t000_L16_allmax_bowl_plate_L1_move_base.png,bowl_plate_L1_move,move the bowl on the plate,0,16,allmax,base,img512,8,3.7374246850259766e-08,0.13068006225958867,3,8,0.25400013448806674,0,▁bowl;▁plate,move
group_bowl_plate,group_bowl_plate/t000_L16_allsum_bowl_plate_L1_move_base.png,bowl_plate_L1_move,move the bowl on the plate,0,16,allsum,base,img512,8,4.921348415998297e-08,0.2924147242367898,3,8,0.5625997872628588,0,▁bowl;▁plate,move
group_bowl_plate,group_bowl_plate/t000_L16_noun_bowl_plate_L1_move_base.png,bowl_plate_L1_move,move the bowl on the plate,0,16,noun,base,img512,8,6.471869452032166e-11,0.03287083757361224,3,8,0.04885000583728031,0,▁bowl;▁plate,move
group_bowl_plate,group_bowl_plate/t000_L16_verb_bowl_plate_L1_move_base.png,bowl_plate_L1_move,move the bowl on the plate,0,16,verb,base,img512,8,3.727593428050453e-09,0.028286830175322235,2,1,0.042163951898972735,1,▁bowl;▁plate,move
group_bowl_plate,group_bowl_plate/t000_L16_func_bowl_plate_L1_move_base.png,bowl_plate_L1_move,move the bowl on the plate,0,16,func,base,img512,8,4.216417824751497e-08,0.2606334415249148,3,8,0.4934163224272698,0,▁bowl;▁plate,move
group_bowl_plate,group_bowl_plate/t000_L17_allmax_bowl_plate_L1_move_base.png,bowl_plate_L1_move,move the bowl on the plate,0,17,allmax,base,img512,8,2.251312665684933e-05,0.15483441897270642,14,2,0.1660523862229018,1,▁bowl;▁plate,move
group_bowl_plate,group_bowl_plate/t000_L17_allsum_bowl_plate_L1_move_base.png,bowl_plate_L1_move,move the bowl on the plate,0,17,allsum,base,img512,8,2.2513131462743394e-05,0.7081015827094435,14,2,0.7342644951292365,1,▁bowl;▁plate,move
group_bowl_plate,group_bowl_plate/t000_L17_noun_bowl_plate_L1_move_base.png,bowl_plate_L1_move,move the bowl on the plate,0,17,noun,base,img512,8,1.017478698535044e-16,0.1853791745918933,14,2,0.19020728481972693,1,▁bowl;▁plate,move
group_bowl_plate,group_bowl_plate/t000_L17_verb_bowl_plate_L1_move_base.png,bowl_plate_L1_move,move the bowl on the plate,0,17,verb,base,img512,8,4.248590851886893e-21,0.06961973022806286,3,6,0.09193233657017294,0,▁bowl;▁plate,move
group_bowl_plate,group_bowl_plate/t000_L17_func_bowl_plate_L1_move_base.png,bowl_plate_L1_move,move the bowl on the plate,0,17,func,base,img512,8,2.251313022450023e-05,0.4700309335081875,14,2,0.48868005221699545,1,▁bowl;▁plate,move
group_bowl_plate,group_bowl_plate/t000_Lrollout_allmax_bowl_plate_L1_move_base.png,bowl_plate_L1_move,move the bowl on the plate,0,rollout,allmax,base,img512,8,7.172627411681675e-05,0.026903397694272857,7,9,0.06532522057412259,0,▁bowl;▁plate,move
group_bowl_plate,group_bowl_plate/t000_Lrollout_allsum_bowl_plate_L1_move_base.png,bowl_plate_L1_move,move the bowl on the plate,0,rollout,allsum,base,img512,8,0.0005707833097883439,0.21463468425737192,7,9,0.5207815385211708,0,▁bowl;▁plate,move
group_bowl_plate,group_bowl_plate/t000_Lrollout_noun_bowl_plate_L1_move_base.png,bowl_plate_L1_move,move the bowl on the plate,0,rollout,noun,base,img512,8,0.00014257859620664103,0.05364105779392982,7,9,0.1302737435070137,0,▁bowl;▁plate,move
group_bowl_plate,group_bowl_plate/t000_Lrollout_verb_bowl_plate_L1_move_base.png,bowl_plate_L1_move,move the bowl on the plate,0,rollout,verb,base,img512,8,7.135798661380461e-05,0.026864470615871952,7,9,0.06497212733261802,0,▁bowl;▁plate,move
group_bowl_plate,group_bowl_plate/t000_Lrollout_func_bowl_plate_L1_move_base.png,bowl_plate_L1_move,move the bowl on the plate,0,rollout,func,base,img512,8,0.0003568467269678983,0.13412915584757015,7,9,0.3255356676815391,0,▁bowl;▁plate,move
group_bowl_plate,group_bowl_plate/t000_L00_allmax_bowl_plate_L2_front_base.png,bowl_plate_L2_front,"on the plate, put the bowl",0,00,allmax,base,img512,9,8.681205593265343e-05,0.5936874104684905,13,2,0.6139782052642451,0,▁plate;▁bowl,▁put
group_bowl_plate,group_bowl_plate/t000_L00_allsum_bowl_plate_L2_front_base.png,bowl_plate_L2_front,"on the plate, put the bowl",0,00,allsum,base,img512,9,0.00013860991111290568,2.1889364523397106,13,2,2.2343463431421284,0,▁plate;▁bowl,▁put
group_bowl_plate,group_bowl_plate/t000_L00_noun_bowl_plate_L2_front_base.png,bowl_plate_L2_front,"on the plate, put the bowl",0,00,noun,base,img512,9,1.70266679673465e-06,0.6269044776244306,13,1,0.6346982641200678,1,▁plate;▁bowl,▁put
group_bowl_plate,group_bowl_plate/t000_L00_verb_bowl_plate_L2_front_base.png,bowl_plate_L2_front,"on the plate, put the bowl",0,00,verb,base,img512,9,1.9409843854542294e-08,0.22371504589985086,13,2,0.23339728134980955,0,▁plate;▁bowl,▁put
group_bowl_plate,group_bowl_plate/t000_L00_func_bowl_plate_L2_front_base.png,bowl_plate_L2_front,"on the plate, put the bowl",0,00,func,base,img512,9,0.00012233033704115093,1.3383169288154293,13,2,1.3662650127280085,0,▁plate;▁bowl,▁put
group_bowl_plate,group_bowl_plate/t000_L01_allmax_bowl_plate_L2_front_base.png,bowl_plate_L2_front,"on the plate, put the bowl",0,01,allmax,base,img512,9,3.3299095614680535e-05,0.073105566671411,2,1,0.16784431197937577,1,▁plate;▁bowl,▁put
group_bowl_plate,group_bowl_plate/t000_L01_allsum_bowl_plate_L2_front_base.png,bowl_plate_L2_front,"on the plate, put the bowl",0,01,allsum,base,img512,9,0.0001525440150341771,0.1950685607278595,2,6,0.5131227326811545,0,▁plate;▁bowl,▁put
group_bowl_plate,group_bowl_plate/t000_L01_noun_bowl_plate_L2_front_base.png,bowl_plate_L2_front,"on the plate, put the bowl",0,01,noun,base,img512,9,1.1350656176119128e-05,0.11422633975855864,1,1,0.2538944303653271,1,▁plate;▁bowl,▁put
group_bowl_plate,group_bowl_plate/t000_L01_verb_bowl_plate_L2_front_base.png,bowl_plate_L2_front,"on the plate, put the bowl",0,01,verb,base,img512,9,4.5179577472846614e-06,0.03769980845576307,1,1,0.07966049113526037,1,▁plate;▁bowl,▁put
group_bowl_plate,group_bowl_plate/t000_L01_func_bowl_plate_L2_front_base.png,bowl_plate_L2_front,"on the plate, put the bowl",0,01,func,base,img512,9,0.0001304533586484999,0.15604986276967586,2,6,0.4406186964366548,0,▁plate;▁bowl,▁put
group_bowl_plate,group_bowl_plate/t000_L02_allmax_bowl_plate_L2_front_base.png,bowl_plate_L2_front,"on the plate, put the bowl",0,02,allmax,base,img512,9,4.1700375234362534e-05,0.04997313641349481,13,1,0.08312893088853471,1,▁plate;▁bowl,▁put
group_bowl_plate,group_bowl_plate/t000_L02_allsum_bowl_plate_L2_front_base.png,bowl_plate_L2_front,"on the plate, put the bowl",0,02,allsum,base,img512,9,0.00012194168952445487,0.15335260193744446,13,2,0.2736241352005646,0,▁plate;▁bowl,▁put
group_bowl_plate,group_bowl_plate/t000_L02_noun_bowl_plate_L2_front_base.png,bowl_plate_L2_front,"on the plate, put the bowl",0,02,noun,base,img512,9,9.685884661773533e-06,0.02041403571657885,8,8,0.05752010480699288,0,▁plate;▁bowl,▁put
group_bowl_plate,group_bowl_plate/t000_L02_verb_bowl_plate_L2_front_base.png,bowl_plate_L2_front,"on the plate, put the bowl",0,02,verb,base,img512,9,4.66709793512687e-06,0.009195387637643184,7,9,0.019938943512344053,0,▁plate;▁bowl,▁put
group_bowl_plate,group_bowl_plate/t000_L02_func_bowl_plate_L2_front_base.png,bowl_plate_L2_front,"on the plate, put the bowl",0,02,func,base,img512,9,0.00010475359882848874,0.12946752725282962,13,2,0.21939345591468715,0,▁plate;▁bowl,▁put
group_bowl_plate,group_bowl_plate/t000_L03_allmax_bowl_plate_L2_front_base.png,bowl_plate_L2_front,"on the plate, put the bowl",0,03,allmax,base,img512,9,8.786670910452123e-06,0.08981861425132505,12,8,0.2954258201333641,0,▁plate;▁bowl,▁put
group_bowl_plate,group_bowl_plate/t000_L03_allsum_bowl_plate_L2_front_base.png,bowl_plate_L2_front,"on the plate, put the bowl",0,03,allsum,base,img512,9,3.5985400824706856e-05,0.26388312857904306,7,9,0.8479739430578438,0,▁plate;▁bowl,▁put
group_bowl_plate,group_bowl_plate/t000_L03_noun_bowl_plate_L2_front_base.png,bowl_plate_L2_front,"on the plate, put the bowl",0,03,noun,base,img512,9,1.4519141619421476e-06,0.12957851541609322,7,8,0.3759005373963746,0,▁plate;▁bowl,▁put
group_bowl_plate,group_bowl_plate/t000_L03_verb_bowl_plate_L2_front_base.png,bowl_plate_L2_front,"on the plate, put the bowl",0,03,verb,base,img512,9,1.9765886032341835e-06,0.02030455477480356,7,9,0.08648594917380915,0,▁plate;▁bowl,▁put
group_bowl_plate,group_bowl_plate/t000_L03_func_bowl_plate_L2_front_base.png,bowl_plate_L2_front,"on the plate, put the bowl",0,03,func,base,img512,9,3.255689805953052e-05,0.11621702375960967,7,9,0.3867072371985295,0,▁plate;▁bowl,▁put
group_bowl_plate,group_bowl_plate/t000_L04_allmax_bowl_plate_L2_front_base.png,bowl_plate_L2_front,"on the plate, put the bowl",0,04,allmax,base,img512,9,3.314649002259337e-05,0.12265578734452606,12,8,0.4433162207050908,0,▁plate;▁bowl,▁put
group_bowl_plate,group_bowl_plate/t000_L04_allsum_bowl_plate_L2_front_base.png,bowl_plate_L2_front,"on the plate, put the bowl",0,04,allsum,base,img512,9,0.00014702922668349456,0.4864879169760803,7,8,1.307535505811801,0,▁plate;▁bowl,▁put
group_bowl_plate,group_bowl_plate/t000_L04_noun_bowl_plate_L2_front_base.png,bowl_plate_L2_front,"on the plate, put the bowl",0,04,noun,base,img512,9,1.4919101937030669e-05,0.21566073063507252,7,8,0.5311588575941676,0,▁plate;▁bowl,▁put
group_bowl_plate,group_bowl_plate/t000_L04_verb_bowl_plate_L2_front_base.png,bowl_plate_L2_front,"on the plate, put the bowl",0,04,verb,base,img512,9,1.3313961421889134e-05,0.05457643079315372,7,9,0.14951089582288737,0,▁plate;▁bowl,▁put
group_bowl_plate,group_bowl_plate/t000_L04_func_bowl_plate_L2_front_base.png,bowl_plate_L2_front,"on the plate, put the bowl",0,04,func,base,img512,9,0.00010105289204405103,0.21625075554785406,7,8,0.6288198547524887,0,▁plate;▁bowl,▁put
group_bowl_plate,group_bowl_plate/t000_L05_allmax_bowl_plate_L2_front_base.png,bowl_plate_L2_front,"on the plate, put the bowl",0,05,allmax,base,img512,9,6.818048666179668e-06,0.1545323751440759,8,8,0.4484817201672484,0,▁plate;▁bowl,▁put
group_bowl_plate,group_bowl_plate/t000_L05_allsum_bowl_plate_L2_front_base.png,bowl_plate_L2_front,"on the plate, put the bowl",0,05,allsum,base,img512,9,2.666462599254638e-05,0.5659650971558638,7,8,1.6813792180383929,0,▁plate;▁bowl,▁put
group_bowl_plate,group_bowl_plate/t000_L05_noun_bowl_plate_L2_front_base.png,bowl_plate_L2_front,"on the plate, put the bowl",0,05,noun,base,img512,9,3.376011638812006e-06,0.167491477694398,11,8,0.3808968157131624,0,▁plate;▁bowl,▁put
group_bowl_plate,group_bowl_plate/t000_L05_verb_bowl_plate_L2_front_base.png,bowl_plate_L2_front,"on the plate, put the bowl",0,05,verb,base,img512,9,1.0244820281075259e-06,0.14462512533825148,7,8,0.368320623042178,0,▁plate;▁bowl,▁put
group_bowl_plate,group_bowl_plate/t000_L05_func_bowl_plate_L2_front_base.png,bowl_plate_L2_front,"on the plate, put the bowl",0,05,func,base,img512,9,2.226413232562685e-05,0.329452485229001,7,8,1.0612259216036066,0,▁plate;▁bowl,▁put
group_bowl_plate,group_bowl_plate/t000_L06_allmax_bowl_plate_L2_front_base.png,bowl_plate_L2_front,"on the plate, put the bowl",0,06,allmax,base,img512,9,4.216007594839412e-07,0.2151170405121187,7,8,0.42969386753319844,0,▁plate;▁bowl,▁put
group_bowl_plate,group_bowl_plate/t000_L06_allsum_bowl_plate_L2_front_base.png,bowl_plate_L2_front,"on the plate, put the bowl",0,06,allsum,base,img512,9,2.094008775819812e-06,1.0883871977316564,7,8,2.187803363734927,0,▁plate;▁bowl,▁put
group_bowl_plate,group_bowl_plate/t000_L06_noun_bowl_plate_L2_front_base.png,bowl_plate_L2_front,"on the plate, put the bowl",0,06,noun,base,img512,9,1.2087674173996993e-07,0.19913034486064107,7,8,0.42002326885645247,0,▁plate;▁bowl,▁put
group_bowl_plate,group_bowl_plate/t000_L06_verb_bowl_plate_L2_front_base.png,bowl_plate_L2_front,"on the plate, put the bowl",0,06,verb,base,img512,9,1.0884540772265133e-07,0.1426830915357263,7,8,0.24444837787783763,0,▁plate;▁bowl,▁put
group_bowl_plate,group_bowl_plate/t000_L06_func_bowl_plate_L2_front_base.png,bowl_plate_L2_front,"on the plate, put the bowl",0,06,func,base,img512,9,1.5476472391740244e-06,0.746573761335289,7,8,1.5233317170006362,0,▁plate;▁bowl,▁put
group_bowl_plate,group_bowl_plate/t000_L07_allmax_bowl_plate_L2_front_base.png,bowl_plate_L2_front,"on the plate, put the bowl",0,07,allmax,base,img512,9,1.1837883781538294e-05,0.09382989114397637,11,8,0.34067129143746744,0,▁plate;▁bowl,▁put
group_bowl_plate,group_bowl_plate/t000_L07_allsum_bowl_plate_L2_front_base.png,bowl_plate_L2_front,"on the plate, put the bowl",0,07,allsum,base,img512,9,3.090635178585075e-05,0.2506918870127314,11,8,0.7719590877686356,0,▁plate;▁bowl,▁put
group_bowl_plate,group_bowl_plate/t000_L07_noun_bowl_plate_L2_front_base.png,bowl_plate_L2_front,"on the plate, put the bowl",0,07,noun,base,img512,9,1.5267547877424667e-06,0.09578324670474449,11,8,0.3475820847177891,0,▁plate;▁bowl,▁put
group_bowl_plate,group_bowl_plate/t000_L07_verb_bowl_plate_L2_front_base.png,bowl_plate_L2_front,"on the plate, put the bowl",0,07,verb,base,img512,9,1.2839726607729597e-06,0.06382810735361069,7,8,0.14574627627740236,0,▁plate;▁bowl,▁put
group_bowl_plate,group_bowl_plate/t000_L07_func_bowl_plate_L2_front_base.png,bowl_plate_L2_front,"on the plate, put the bowl",0,07,func,base,img512,9,2.744324291254276e-05,0.15788889071781637,7,8,0.43463839907060775,0,▁plate;▁bowl,▁put
group_bowl_plate,group_bowl_plate/t000_L08_allmax_bowl_plate_L2_front_base.png,bowl_plate_L2_front,"on the plate, put the bowl",0,08,allmax,base,img512,9,5.445628409696228e-05,0.19473113606120193,11,8,0.5943605196786659,0,▁plate;▁bowl,▁put
group_bowl_plate,group_bowl_plate/t000_L08_allsum_bowl_plate_L2_front_base.png,bowl_plate_L2_front,"on the plate, put the bowl",0,08,allsum,base,img512,9,9.760910880640468e-05,0.7922694629091179,7,8,2.0334661294989282,0,▁plate;▁bowl,▁put
group_bowl_plate,group_bowl_plate/t000_L08_noun_bowl_plate_L2_front_base.png,bowl_plate_L2_front,"on the plate, put the bowl",0,08,noun,base,img512,9,2.5001160536817955e-07,0.15915344094766926,10,8,0.5678785693218611,0,▁plate;▁bowl,▁put
group_bowl_plate,group_bowl_plate/t000_L08_verb_bowl_plate_L2_front_base.png,bowl_plate_L2_front,"on the plate, put the bowl",0,08,verb,base,img512,9,2.737382908432885e-07,0.19473113606120193,8,8,0.43606102448216844,0,▁plate;▁bowl,▁put
group_bowl_plate,group_bowl_plate/t000_L08_func_bowl_plate_L2_front_base.png,bowl_plate_L2_front,"on the plate, put the bowl",0,08,func,base,img512,9,9.57120824916207e-05,0.43838488590024666,7,8,1.2003634220744521,0,▁plate;▁bowl,▁put
group_bowl_plate,group_bowl_plate/t000_L09_allmax_bowl_plate_L2_front_base.png,bowl_plate_L2_front,"on the plate, put the bowl",0,09,allmax,base,img512,9,3.359777842643425e-06,0.18921757573954698,7,9,0.39944892077849614,0,▁plate;▁bowl,▁put
group_bowl_plate,group_bowl_plate/t000_L09_allsum_bowl_plate_L2_front_base.png,bowl_plate_L2_front,"on the plate, put the bowl",0,09,allsum,base,img512,9,5.495506165594308e-06,0.8065701308363924,7,9,1.7273374796148904,0,▁plate;▁bowl,▁put
group_bowl_plate,group_bowl_plate/t000_L09_noun_bowl_plate_L2_front_base.png,bowl_plate_L2_front,"on the plate, put the bowl",0,09,noun,base,img512,9,3.953795998647157e-08,0.16871622025541058,7,8,0.3599687247460475,0,▁plate;▁bowl,▁put
group_bowl_plate,group_bowl_plate/t000_L09_verb_bowl_plate_L2_front_base.png,bowl_plate_L2_front,"on the plate, put the bowl",0,09,verb,base,img512,9,2.8438913619530103e-07,0.18921757573954698,7,9,0.3739928683693426,0,▁plate;▁bowl,▁put
group_bowl_plate,group_bowl_plate/t000_L09_func_bowl_plate_L2_front_base.png,bowl_plate_L2_front,"on the plate, put the bowl",0,09,func,base,img512,9,4.8291883717856406e-06,0.44863633484143495,7,9,0.9950525948017355,0,▁plate;▁bowl,▁put
group_bowl_plate,group_bowl_plate/t000_L10_allmax_bowl_plate_L2_front_base.png,bowl_plate_L2_front,"on the plate, put the bowl",0,10,allmax,base,img512,9,1.9746269629518635e-08,0.4544875023911416,7,8,0.7928697812800541,0,▁plate;▁bowl,▁put
group_bowl_plate,group_bowl_plate/t000_L10_allsum_bowl_plate_L2_front_base.png,bowl_plate_L2_front,"on the plate, put the bowl",0,10,allsum,base,img512,9,4.8524288605654846e-08,1.0915866485023658,7,8,2.054656035842902,0,▁plate;▁bowl,▁put
group_bowl_plate,group_bowl_plate/t000_L10_noun_bowl_plate_L2_front_base.png,bowl_plate_L2_front,"on the plate, put the bowl",0,10,noun,base,img512,9,3.527456701140079e-10,0.22511499411507915,11,8,0.6969568615382941,0,▁plate;▁bowl,▁put
group_bowl_plate,group_bowl_plate/t000_L10_verb_bowl_plate_L2_front_base.png,bowl_plate_L2_front,"on the plate, put the bowl",0,10,verb,base,img512,9,4.661608577404611e-10,0.4544875023911416,7,9,0.749344123494313,0,▁plate;▁bowl,▁put
group_bowl_plate,group_bowl_plate/t000_L10_func_bowl_plate_L2_front_base.png,bowl_plate_L2_front,"on the plate, put the bowl",0,10,func,base,img512,9,4.767293313007259e-08,0.624807797329347,7,8,1.286825670130507,0,▁plate;▁bowl,▁put
group_bowl_plate,group_bowl_plate/t000_L11_allmax_bowl_plate_L2_front_base.png,bowl_plate_L2_front,"on the plate, put the bowl",0,11,allmax,base,img512,9,4.358747769168832e-07,0.10628833594344814,8,8,0.30708935658658487,0,▁plate;▁bowl,▁put
group_bowl_plate,group_bowl_plate/t000_L11_allsum_bowl_plate_L2_front_base.png,bowl_plate_L2_front,"on the plate, put the bowl",0,11,allsum,base,img512,9,1.0004716953649314e-06,0.1799081810053027,8,8,0.6910490206291693,0,▁plate;▁bowl,▁put
group_bowl_plate,group_bowl_plate/t000_L11_noun_bowl_plate_L2_front_base.png,bowl_plate_L2_front,"on the plate, put the bowl",0,11,noun,base,img512,9,3.164446438273962e-08,0.03808701130301908,7,8,0.12525676639214395,0,▁plate;▁bowl,▁put
group_bowl_plate,group_bowl_plate/t000_L11_verb_bowl_plate_L2_front_base.png,bowl_plate_L2_front,"on the plate, put the bowl",0,11,verb,base,img512,9,1.622738526784489e-08,0.10628833594344814,8,8,0.24881851993459134,0,▁plate;▁bowl,▁put
group_bowl_plate,group_bowl_plate/t000_L11_func_bowl_plate_L2_front_base.png,bowl_plate_L2_front,"on the plate, put the bowl",0,11,func,base,img512,9,9.154821527387213e-07,0.13331389679796554,7,8,0.45666528883397,0,▁plate;▁bowl,▁put
group_bowl_plate,group_bowl_plate/t000_L12_allmax_bowl_plate_L2_front_base.png,bowl_plate_L2_front,"on the plate, put the bowl",0,12,allmax,base,img512,9,7.677975467549529e-09,0.12628655687242596,9,7,0.23651777124028417,0,▁plate;▁bowl,▁put
group_bowl_plate,group_bowl_plate/t000_L12_allsum_bowl_plate_L2_front_base.png,bowl_plate_L2_front,"on the plate, put the bowl",0,12,allsum,base,img512,9,1.5068863359156617e-08,0.4454776679768594,8,7,0.8274399395313123,0,▁plate;▁bowl,▁put
group_bowl_plate,group_bowl_plate/t000_L12_noun_bowl_plate_L2_front_base.png,bowl_plate_L2_front,"on the plate, put the bowl",0,12,noun,base,img512,9,1.8330956067947379e-09,0.19494022983175302,11,1,0.22817481344111507,1,▁plate;▁bowl,▁put
group_bowl_plate,group_bowl_plate/t000_L12_verb_bowl_plate_L2_front_base.png,bowl_plate_L2_front,"on the plate, put the bowl",0,12,verb,base,img512,9,1.6469362935762638e-09,0.029136293476120782,7,7,0.07658430200203645,0,▁plate;▁bowl,▁put
group_bowl_plate,group_bowl_plate/t000_L12_func_bowl_plate_L2_front_base.png,bowl_plate_L2_front,"on the plate, put the bowl",0,12,func,base,img512,9,5.55779228481235e-09,0.22547433690513977,8,7,0.5599339471630242,0,▁plate;▁bowl,▁put
group_bowl_plate,group_bowl_plate/t000_L13_allmax_bowl_plate_L2_front_base.png,bowl_plate_L2_front,"on the plate, put the bowl",0,13,allmax,base,img512,9,1.364474551017442e-06,0.31308249816148903,1,1,0.4623061536822813,1,▁plate;▁bowl,▁put
group_bowl_plate,group_bowl_plate/t000_L13_allsum_bowl_plate_L2_front_base.png,bowl_plate_L2_front,"on the plate, put the bowl",0,13,allsum,base,img512,9,5.583601150212373e-06,1.389684308653866,1,1,1.8495764369651329,1,▁plate;▁bowl,▁put
group_bowl_plate,group_bowl_plate/t000_L13_noun_bowl_plate_L2_front_base.png,bowl_plate_L2_front,"on the plate, put the bowl",0,13,noun,base,img512,9,1.2233954162665903e-07,0.13762109134382405,1,1,0.2255143206306609,1,▁plate;▁bowl,▁put
group_bowl_plate,group_bowl_plate/t000_L13_verb_bowl_plate_L2_front_base.png,bowl_plate_L2_front,"on the plate, put the bowl",0,13,verb,base,img512,9,2.7340688474594396e-08,0.2848141269107892,1,1,0.3304344421234274,1,▁plate;▁bowl,▁put
group_bowl_plate,group_bowl_plate/t000_L13_func_bowl_plate_L2_front_base.png,bowl_plate_L2_front,"on the plate, put the bowl",0,13,func,base,img512,9,4.302488451497033e-06,0.9672490903992528,1,1,1.2936276742110446,1,▁plate;▁bowl,▁put
group_bowl_plate,group_bowl_plate/t000_L14_allmax_bowl_plate_L2_front_base.png,bowl_plate_L2_front,"on the plate, put the bowl",0,14,allmax,base,img512,9,3.306231359462692e-08,0.08381128051488795,7,9,0.2090413609014027,0,▁plate;▁bowl,▁put
group_bowl_plate,group_bowl_plate/t000_L14_allsum_bowl_plate_L2_front_base.png,bowl_plate_L2_front,"on the plate, put the bowl",0,14,allsum,base,img512,9,4.032171444105377e-08,0.3511575485148444,7,8,0.8949291008273043,0,▁plate;▁bowl,▁put
group_bowl_plate,group_bowl_plate/t000_L14_noun_bowl_plate_L2_front_base.png,bowl_plate_L2_front,"on the plate, put the bowl",0,14,noun,base,img512,9,1.548433565203277e-10,0.07948191351570073,8,8,0.1966823325374182,0,▁plate;▁bowl,▁put
group_bowl_plate,group_bowl_plate/t000_L14_verb_bowl_plate_L2_front_base.png,bowl_plate_L2_front,"on the plate, put the bowl",0,14,verb,base,img512,9,8.793629901627787e-11,0.02863538511853071,7,9,0.0815621148244804,0,▁plate;▁bowl,▁put
group_bowl_plate,group_bowl_plate/t000_L14_func_bowl_plate_L2_front_base.png,bowl_plate_L2_front,"on the plate, put the bowl",0,14,func,base,img512,9,3.896557906759129e-08,0.2430402498806129,7,8,0.6300319212637838,0,▁plate;▁bowl,▁put
group_bowl_plate,group_bowl_plate/t000_L15_allmax_bowl_plate_L2_front_base.png,bowl_plate_L2_front,"on the plate, put the bowl",0,15,allmax,base,img512,9,4.920008924477509e-09,0.049341461857595664,7,8,0.10912153604003573,0,▁plate;▁bowl,▁put
group_bowl_plate,group_bowl_plate/t000_L15_allsum_bowl_plate_L2_front_base.png,bowl_plate_L2_front,"on the plate, put the bowl",0,15,allsum,base,img512,9,7.355353873622733e-09,0.2724155875478716,7,8,0.6157581880097014,0,▁plate;▁bowl,▁put
group_bowl_plate,group_bowl_plate/t000_L15_noun_bowl_plate_L2_front_base.png,bowl_plate_L2_front,"on the plate, put the bowl",0,15,noun,base,img512,9,9.749709451835401e-11,0.041108706695873756,7,8,0.0919646125559223,0,▁plate;▁bowl,▁put
group_bowl_plate,group_bowl_plate/t000_L15_verb_bowl_plate_L2_front_base.png,bowl_plate_L2_front,"on the plate, put the bowl",0,15,verb,base,img512,9,5.288728399477228e-12,0.027859238237913912,7,8,0.06776175708543193,0,▁plate;▁bowl,▁put
group_bowl_plate,group_bowl_plate/t000_L15_func_bowl_plate_L2_front_base.png,bowl_plate_L2_front,"on the plate, put the bowl",0,15,func,base,img512,9,6.6118182477117015e-09,0.203715202460947,7,8,0.45603181836834716,0,▁plate;▁bowl,▁put
group_bowl_plate,group_bowl_plate/t000_L16_allmax_bowl_plate_L2_front_base.png,bowl_plate_L2_front,"on the plate, put the bowl",0,16,allmax,base,img512,9,4.5353775116449184e-08,0.16140904104953077,3,8,0.3430918247170891,0,▁plate;▁bowl,▁put
group_bowl_plate,group_bowl_plate/t000_L16_allsum_bowl_plate_L2_front_base.png,bowl_plate_L2_front,"on the plate, put the bowl",0,16,allsum,base,img512,9,8.82585532159969e-08,0.3256033631509303,3,8,0.6681166765226032,0,▁plate;▁bowl,▁put
group_bowl_plate,group_bowl_plate/t000_L16_noun_bowl_plate_L2_front_base.png,bowl_plate_L2_front,"on the plate, put the bowl",0,16,noun,base,img512,9,8.400923886510019e-10,0.07449423249938383,3,6,0.11478247528075572,0,▁plate;▁bowl,▁put
group_bowl_plate,group_bowl_plate/t000_L16_verb_bowl_plate_L2_front_base.png,bowl_plate_L2_front,"on the plate, put the bowl",0,16,verb,base,img512,9,8.486270680642946e-10,0.022888415543750963,8,8,0.05246709386063275,0,▁plate;▁bowl,▁put
group_bowl_plate,group_bowl_plate/t000_L16_func_bowl_plate_L2_front_base.png,bowl_plate_L2_front,"on the plate, put the bowl",0,16,func,base,img512,9,6.849047120117079e-08,0.26823783136552415,3,8,0.5578840149111167,0,▁plate;▁bowl,▁put
group_bowl_plate,group_bowl_plate/t000_L17_allmax_bowl_plate_L2_front_base.png,bowl_plate_L2_front,"on the plate, put the bowl",0,17,allmax,base,img512,9,2.2086289041344463e-05,0.12137589975409566,14,2,0.14031472457180572,1,▁plate;▁bowl,▁put
group_bowl_plate,group_bowl_plate/t000_L17_allsum_bowl_plate_L2_front_base.png,bowl_plate_L2_front,"on the plate, put the bowl",0,17,allsum,base,img512,9,2.2086289041746855e-05,0.5460196770927855,14,2,0.608805713046872,1,▁plate;▁bowl,▁put
group_bowl_plate,group_bowl_plate/t000_L17_noun_bowl_plate_L2_front_base.png,bowl_plate_L2_front,"on the plate, put the bowl",0,17,noun,base,img512,9,1.0842351077305182e-19,0.1356256750187839,14,2,0.14610792646161375,1,▁plate;▁bowl,▁put
group_bowl_plate,group_bowl_plate/t000_L17_verb_bowl_plate_L2_front_base.png,bowl_plate_L2_front,"on the plate, put the bowl",0,17,verb,base,img512,9,4.150104281105401e-19,0.06775586660046237,14,2,0.0700008269974774,1,▁plate;▁bowl,▁put
group_bowl_plate,group_bowl_plate/t000_L17_func_bowl_plate_L2_front_base.png,bowl_plate_L2_front,"on the plate, put the bowl",0,17,func,base,img512,9,2.2086289041671624e-05,0.34263813547353933,14,2,0.39269695958778095,1,▁plate;▁bowl,▁put
group_bowl_plate,group_bowl_plate/t000_Lrollout_allmax_bowl_plate_L2_front_base.png,bowl_plate_L2_front,"on the plate, put the bowl",0,rollout,allmax,base,img512,9,7.157538688956652e-05,0.02682308087880918,7,9,0.06640659566392917,0,▁plate;▁bowl,▁put
group_bowl_plate,group_bowl_plate/t000_Lrollout_allsum_bowl_plate_L2_front_base.png,bowl_plate_L2_front,"on the plate, put the bowl",0,rollout,allsum,base,img512,9,0.0006408808328135062,0.24039623734087467,7,9,0.5929682020952171,0,▁plate;▁bowl,▁put
group_bowl_plate,group_bowl_plate/t000_Lrollout_noun_bowl_plate_L2_front_base.png,bowl_plate_L2_front,"on the plate, put the bowl",0,rollout,noun,base,img512,9,0.0001423072938019406,0.05339841497300429,7,9,0.13185871032190655,0,▁plate;▁bowl,▁put
group_bowl_plate,group_bowl_plate/t000_Lrollout_verb_bowl_plate_L2_front_base.png,bowl_plate_L2_front,"on the plate, put the bowl",0,rollout,verb,base,img512,9,7.10726010269666e-05,0.026603782777330002,7,9,0.06630645262586357,0,▁plate;▁bowl,▁put
group_bowl_plate,group_bowl_plate/t000_Lrollout_func_bowl_plate_L2_front_base.png,bowl_plate_L2_front,"on the plate, put the bowl",0,rollout,func,base,img512,9,0.0004275009379845992,0.16039403959054038,7,9,0.39480303914744697,0,▁plate;▁bowl,▁put
group_bowl_plate,group_bowl_plate/t000_L00_allmax_bowl_plate_L3_please_base.png,bowl_plate_L3_please,please put the bowl on the plate,0,00,allmax,base,img512,9,8.981907170007398e-05,0.66899731160506,13,2,0.6891478365004812,0,▁bowl;▁plate,▁put
group_bowl_plate,group_bowl_plate/t000_L00_allsum_bowl_plate_L3_please_base.png,bowl_plate_L3_please,please put the bowl on the plate,0,00,allsum,base,img512,9,0.00017561301153399736,2.4306623895545867,13,1,2.471172097776182,1,▁bowl;▁plate,▁put
group_bowl_plate,group_bowl_plate/t000_L00_noun_bowl_plate_L3_please_base.png,bowl_plate_L3_please,please put the bowl on the plate,0,00,noun,base,img512,9,1.2592126879202222e-06,0.7026645484533504,13,1,0.7115529627122028,1,▁bowl;▁plate,▁put
group_bowl_plate,group_bowl_plate/t000_L00_verb_bowl_plate_L3_please_base.png,bowl_plate_L3_please,please put the bowl on the plate,0,00,verb,base,img512,9,4.088487276964832e-08,0.24640367197218954,13,1,0.2501918683635827,1,▁bowl;▁plate,▁put
group_bowl_plate,group_bowl_plate/t000_L00_func_bowl_plate_L3_please_base.png,bowl_plate_L3_please,please put the bowl on the plate,0,00,func,base,img512,9,0.00013823212738730162,1.4815941691290468,13,2,1.5094454600756937,0,▁bowl;▁plate,▁put
group_bowl_plate,group_bowl_plate/t000_L01_allmax_bowl_plate_L3_please_base.png,bowl_plate_L3_please,please put the bowl on the plate,0,01,allmax,base,img512,9,3.6507218832629244e-05,0.08704986034547124,2,6,0.16579043804995539,0,▁bowl;▁plate,▁put
group_bowl_plate,group_bowl_plate/t000_L01_allsum_bowl_plate_L3_please_base.png,bowl_plate_L3_please,please put the bowl on the plate,0,01,allsum,base,img512,9,0.00015651660829837672,0.22624730793366904,2,6,0.4758731007914807,0,▁bowl;▁plate,▁put
group_bowl_plate,group_bowl_plate/t000_L01_noun_bowl_plate_L3_please_base.png,bowl_plate_L3_please,please put the bowl on the plate,0,01,noun,base,img512,9,1.0902326498529637e-05,0.15796051979523024,1,1,0.272855701990413,1,▁bowl;▁plate,▁put
group_bowl_plate,group_bowl_plate/t000_L01_verb_bowl_plate_L3_please_base.png,bowl_plate_L3_please,please put the bowl on the plate,0,01,verb,base,img512,9,4.219484349754688e-06,0.029366311166679614,1,1,0.06351559478665386,1,▁bowl;▁plate,▁put
group_bowl_plate,group_bowl_plate/t000_L01_func_bowl_plate_L3_please_base.png,bowl_plate_L3_please,please put the bowl on the plate,0,01,func,base,img512,9,0.00013292866252844984,0.1476766556498284,2,6,0.41313210352020324,0,▁bowl;▁plate,▁put
group_bowl_plate,group_bowl_plate/t000_L02_allmax_bowl_plate_L3_please_base.png,bowl_plate_L3_please,please put the bowl on the plate,0,02,allmax,base,img512,9,5.4069821024615854e-05,0.052731254945126184,13,1,0.08700918371103583,1,▁bowl;▁plate,▁put
group_bowl_plate,group_bowl_plate/t000_L02_allsum_bowl_plate_L3_please_base.png,bowl_plate_L3_please,please put the bowl on the plate,0,02,allsum,base,img512,9,0.00020240047252755933,0.2023119217633315,13,2,0.35806279082658055,0,▁bowl;▁plate,▁put
group_bowl_plate,group_bowl_plate/t000_L02_noun_bowl_plate_L3_please_base.png,bowl_plate_L3_please,please put the bowl on the plate,0,02,noun,base,img512,9,7.611235925709074e-06,0.026092322511271103,8,8,0.08074793431492909,0,▁bowl;▁plate,▁put
group_bowl_plate,group_bowl_plate/t000_L02_verb_bowl_plate_L3_please_base.png,bowl_plate_L3_please,please put the bowl on the plate,0,02,verb,base,img512,9,6.048086388884658e-06,0.011673633768430376,7,9,0.02809572636671806,0,▁bowl;▁plate,▁put
group_bowl_plate,group_bowl_plate/t000_L02_func_bowl_plate_L3_please_base.png,bowl_plate_L3_please,please put the bowl on the plate,0,02,func,base,img512,9,0.00017305830238277338,0.17409517712658287,13,2,0.29569172682678657,0,▁bowl;▁plate,▁put
group_bowl_plate,group_bowl_plate/t000_L03_allmax_bowl_plate_L3_please_base.png,bowl_plate_L3_please,please put the bowl on the plate,0,03,allmax,base,img512,9,9.426091159996456e-06,0.0747781427982711,12,8,0.3244407903191602,0,▁bowl;▁plate,▁put
group_bowl_plate,group_bowl_plate/t000_L03_allsum_bowl_plate_L3_please_base.png,bowl_plate_L3_please,please put the bowl on the plate,0,03,allsum,base,img512,9,3.2829448284378036e-05,0.2403705281597754,7,9,0.8280892238776121,0,▁bowl;▁plate,▁put
group_bowl_plate,group_bowl_plate/t000_L03_noun_bowl_plate_L3_please_base.png,bowl_plate_L3_please,please put the bowl on the plate,0,03,noun,base,img512,9,1.6891544659141086e-06,0.09850574040517093,7,8,0.3294836273244453,0,▁bowl;▁plate,▁put
group_bowl_plate,group_bowl_plate/t000_L03_verb_bowl_plate_L3_please_base.png,bowl_plate_L3_please,please put the bowl on the plate,0,03,verb,base,img512,9,2.3046010037136035e-06,0.026585901523072136,7,9,0.11272826912713714,0,▁bowl;▁plate,▁put
group_bowl_plate,group_bowl_plate/t000_L03_func_bowl_plate_L3_please_base.png,bowl_plate_L3_please,please put the bowl on the plate,0,03,func,base,img512,9,2.835561327691453e-05,0.11527888623153228,7,9,0.3993741560978276,0,▁bowl;▁plate,▁put
group_bowl_plate,group_bowl_plate/t000_L04_allmax_bowl_plate_L3_please_base.png,bowl_plate_L3_please,please put the bowl on the plate,0,04,allmax,base,img512,9,4.118477606162442e-05,0.16558842446910896,12,8,0.4838913263582051,0,▁bowl;▁plate,▁put
group_bowl_plate,group_bowl_plate/t000_L04_allsum_bowl_plate_L3_please_base.png,bowl_plate_L3_please,please put the bowl on the plate,0,04,allsum,base,img512,9,0.00016500423562499684,0.4865558826574244,7,8,1.1932882699912974,0,▁bowl;▁plate,▁put
group_bowl_plate,group_bowl_plate/t000_L04_noun_bowl_plate_L3_please_base.png,bowl_plate_L3_please,please put the bowl on the plate,0,04,noun,base,img512,9,1.7679347715074888e-05,0.19944868459305345,12,8,0.5077997550296222,0,▁bowl;▁plate,▁put
group_bowl_plate,group_bowl_plate/t000_L04_verb_bowl_plate_L3_please_base.png,bowl_plate_L3_please,please put the bowl on the plate,0,04,verb,base,img512,9,1.239352912233567e-05,0.04624249147113687,7,9,0.15599146313813267,0,▁bowl;▁plate,▁put
group_bowl_plate,group_bowl_plate/t000_L04_func_bowl_plate_L3_please_base.png,bowl_plate_L3_please,please put the bowl on the plate,0,04,func,base,img512,9,0.00010157269733884403,0.2875160586707261,7,8,0.5692524382209078,0,▁bowl;▁plate,▁put
group_bowl_plate,group_bowl_plate/t000_L05_allmax_bowl_plate_L3_please_base.png,bowl_plate_L3_please,please put the bowl on the plate,0,05,allmax,base,img512,9,7.888905121465765e-06,0.22416856613984007,11,8,0.5144436845230358,0,▁bowl;▁plate,▁put
group_bowl_plate,group_bowl_plate/t000_L05_allsum_bowl_plate_L3_please_base.png,bowl_plate_L3_please,please put the bowl on the plate,0,05,allsum,base,img512,9,2.6145473840224004e-05,0.6025297563722395,7,8,1.6904930881484324,0,▁bowl;▁plate,▁put
group_bowl_plate,group_bowl_plate/t000_L05_noun_bowl_plate_L3_please_base.png,bowl_plate_L3_please,please put the bowl on the plate,0,05,noun,base,img512,9,2.1302816779392724e-06,0.23597701882583733,11,8,0.5602552174694837,0,▁bowl;▁plate,▁put
group_bowl_plate,group_bowl_plate/t000_L05_verb_bowl_plate_L3_please_base.png,bowl_plate_L3_please,please put the bowl on the plate,0,05,verb,base,img512,9,1.3979985083076442e-06,0.14108979658169735,7,8,0.3737539704318878,0,▁bowl;▁plate,▁put
group_bowl_plate,group_bowl_plate/t000_L05_func_bowl_plate_L3_please_base.png,bowl_plate_L3_please,please put the bowl on the plate,0,05,func,base,img512,9,2.2617193653977088e-05,0.3602459548624028,7,8,1.0440356037787633,0,▁bowl;▁plate,▁put
group_bowl_plate,group_bowl_plate/t000_L06_allmax_bowl_plate_L3_please_base.png,bowl_plate_L3_please,please put the bowl on the plate,0,06,allmax,base,img512,9,1.0621642810103498e-06,0.13171476402921536,11,8,0.35682072606852533,0,▁bowl;▁plate,▁put
group_bowl_plate,group_bowl_plate/t000_L06_allsum_bowl_plate_L3_please_base.png,bowl_plate_L3_please,please put the bowl on the plate,0,06,allsum,base,img512,9,3.0341976311820804e-06,0.7862547356487074,7,8,1.6303939480144225,0,▁bowl;▁plate,▁put
group_bowl_plate,group_bowl_plate/t000_L06_noun_bowl_plate_L3_please_base.png,bowl_plate_L3_please,please put the bowl on the plate,0,06,noun,base,img512,9,9.824363996035887e-08,0.1990910677978089,11,8,0.4719642914026851,0,▁bowl;▁plate,▁put
group_bowl_plate,group_bowl_plate/t000_L06_verb_bowl_plate_L3_please_base.png,bowl_plate_L3_please,please put the bowl on the plate,0,06,verb,base,img512,9,9.973551545990113e-08,0.10707636502375456,7,8,0.18531335186870726,0,▁bowl;▁plate,▁put
group_bowl_plate,group_bowl_plate/t000_L06_func_bowl_plate_L3_please_base.png,bowl_plate_L3_please,please put the bowl on the plate,0,06,func,base,img512,9,2.303304207739658e-06,0.48008730282714385,7,8,1.0395799567733262,0,▁bowl;▁plate,▁put
group_bowl_plate,group_bowl_plate/t000_L07_allmax_bowl_plate_L3_please_base.png,bowl_plate_L3_please,please put the bowl on the plate,0,07,allmax,base,img512,9,1.3766371409836885e-05,0.0914337130296118,11,8,0.30491921267908884,0,▁bowl;▁plate,▁put
group_bowl_plate,group_bowl_plate/t000_L07_allsum_bowl_plate_L3_please_base.png,bowl_plate_L3_please,please put the bowl on the plate,0,07,allsum,base,img512,9,5.305505678435261e-05,0.18166491600149906,11,8,0.6789587481777457,0,▁bowl;▁plate,▁put
group_bowl_plate,group_bowl_plate/t000_L07_noun_bowl_plate_L3_please_base.png,bowl_plate_L3_please,please put the bowl on the plate,0,07,noun,base,img512,9,1.395450518599146e-06,0.0986763671927404,11,8,0.349047648450603,0,▁bowl;▁plate,▁put
group_bowl_plate,group_bowl_plate/t000_L07_verb_bowl_plate_L3_please_base.png,bowl_plate_L3_please,please put the bowl on the plate,0,07,verb,base,img512,9,1.5007662306747219e-06,0.046262196518226,11,8,0.1307528203780046,0,▁bowl;▁plate,▁put
group_bowl_plate,group_bowl_plate/t000_L07_func_bowl_plate_L3_please_base.png,bowl_plate_L3_please,please put the bowl on the plate,0,07,func,base,img512,9,4.537444558278993e-05,0.11045297687127154,7,8,0.3538914139959728,0,▁bowl;▁plate,▁put
group_bowl_plate,group_bowl_plate/t000_L08_allmax_bowl_plate_L3_please_base.png,bowl_plate_L3_please,please put the bowl on the plate,0,08,allmax,base,img512,9,4.826249257420364e-05,0.1583016438999703,7,8,0.6276150752690001,0,▁bowl;▁plate,▁put
group_bowl_plate,group_bowl_plate/t000_L08_allsum_bowl_plate_L3_please_base.png,bowl_plate_L3_please,please put the bowl on the plate,0,08,allsum,base,img512,9,0.00010314578912883765,0.7545756608582758,7,8,2.466395496003531,0,▁bowl;▁plate,▁put
group_bowl_plate,group_bowl_plate/t000_L08_noun_bowl_plate_L3_please_base.png,bowl_plate_L3_please,please put the bowl on the plate,0,08,noun,base,img512,9,2.2386626447982651e-07,0.1446908683851237,11,8,0.5165954745700221,0,▁bowl;▁plate,▁put
group_bowl_plate,group_bowl_plate/t000_L08_verb_bowl_plate_L3_please_base.png,bowl_plate_L3_please,please put the bowl on the plate,0,08,verb,base,img512,9,2.0765700182289216e-07,0.1583016438999703,7,8,0.47407290923119266,0,▁bowl;▁plate,▁put
group_bowl_plate,group_bowl_plate/t000_L08_func_bowl_plate_L3_please_base.png,bowl_plate_L3_please,please put the bowl on the plate,0,08,func,base,img512,9,0.00010141081570868326,0.4676819072550365,7,8,1.5831131494543211,0,▁bowl;▁plate,▁put
group_bowl_plate,group_bowl_plate/t000_L09_allmax_bowl_plate_L3_please_base.png,bowl_plate_L3_please,please put the bowl on the plate,0,09,allmax,base,img512,9,2.8318299590480912e-06,0.16429341244720325,7,8,0.3942377760337178,0,▁bowl;▁plate,▁put
group_bowl_plate,group_bowl_plate/t000_L09_allsum_bowl_plate_L3_please_base.png,bowl_plate_L3_please,please put the bowl on the plate,0,09,allsum,base,img512,9,6.541755256113493e-06,0.704776948645491,7,8,1.591120803904805,0,▁bowl;▁plate,▁put
group_bowl_plate,group_bowl_plate/t000_L09_noun_bowl_plate_L3_please_base.png,bowl_plate_L3_please,please put the bowl on the plate,0,09,noun,base,img512,9,9.151964464626494e-08,0.1766454986436171,7,9,0.37476016274869267,0,▁bowl;▁plate,▁put
group_bowl_plate,group_bowl_plate/t000_L09_verb_bowl_plate_L3_please_base.png,bowl_plate_L3_please,please put the bowl on the plate,0,09,verb,base,img512,9,1.2453922219021945e-07,0.16429341244720325,7,8,0.3496983043043591,0,▁bowl;▁plate,▁put
group_bowl_plate,group_bowl_plate/t000_L09_func_bowl_plate_L3_please_base.png,bowl_plate_L3_please,please put the bowl on the plate,0,09,func,base,img512,9,5.69394799887918e-06,0.36383803755467065,7,8,0.866948527658511,0,▁bowl;▁plate,▁put
group_bowl_plate,group_bowl_plate/t000_L10_allmax_bowl_plate_L3_please_base.png,bowl_plate_L3_please,please put the bowl on the plate,0,10,allmax,base,img512,9,4.9002806055134205e-08,0.2490440501435141,11,8,0.8086533868744815,0,▁bowl;▁plate,▁put
group_bowl_plate,group_bowl_plate/t000_L10_allsum_bowl_plate_L3_please_base.png,bowl_plate_L3_please,please put the bowl on the plate,0,10,allsum,base,img512,9,8.173624282151103e-08,0.6622291188309044,11,8,1.9164304300291541,0,▁bowl;▁plate,▁put
group_bowl_plate,group_bowl_plate/t000_L10_noun_bowl_plate_L3_please_base.png,bowl_plate_L3_please,please put the bowl on the plate,0,10,noun,base,img512,9,3.6430196035209875e-10,0.2500322567930953,11,8,0.7147970696428949,0,▁bowl;▁plate,▁put
group_bowl_plate,group_bowl_plate/t000_L10_verb_bowl_plate_L3_please_base.png,bowl_plate_L3_please,please put the bowl on the plate,0,10,verb,base,img512,9,5.454242313017352e-10,0.09942413733090885,8,8,0.24704948045392527,0,▁bowl;▁plate,▁put
group_bowl_plate,group_bowl_plate/t000_L10_func_bowl_plate_L3_please_base.png,bowl_plate_L3_please,please put the bowl on the plate,0,10,func,base,img512,9,7.93010628235416e-08,0.3626265113269407,11,8,1.097947408162245,0,▁bowl;▁plate,▁put
group_bowl_plate,group_bowl_plate/t000_L11_allmax_bowl_plate_L3_please_base.png,bowl_plate_L3_please,please put the bowl on the plate,0,11,allmax,base,img512,9,1.3471088325631396e-07,0.34951409341240386,7,8,0.8027364834199077,0,▁bowl;▁plate,▁put
group_bowl_plate,group_bowl_plate/t000_L11_allsum_bowl_plate_L3_please_base.png,bowl_plate_L3_please,please put the bowl on the plate,0,11,allsum,base,img512,9,2.9387358923645313e-07,0.7835134535072474,7,8,1.9656525514282364,0,▁bowl;▁plate,▁put
group_bowl_plate,group_bowl_plate/t000_L11_noun_bowl_plate_L3_please_base.png,bowl_plate_L3_please,please put the bowl on the plate,0,11,noun,base,img512,9,1.2741269578687471e-08,0.18682683101933648,7,8,0.4595282489208234,0,▁bowl;▁plate,▁put
group_bowl_plate,group_bowl_plate/t000_L11_verb_bowl_plate_L3_please_base.png,bowl_plate_L3_please,please put the bowl on the plate,0,11,verb,base,img512,9,4.801575950958039e-09,0.06231042272053567,8,8,0.24683097715982855,0,▁bowl;▁plate,▁put
group_bowl_plate,group_bowl_plate/t000_L11_func_bowl_plate_L3_please_base.png,bowl_plate_L3_please,please put the bowl on the plate,0,11,func,base,img512,9,1.7031331711328897e-07,0.5625055159644227,7,8,1.336020413170532,0,▁bowl;▁plate,▁put
group_bowl_plate,group_bowl_plate/t000_L12_allmax_bowl_plate_L3_please_base.png,bowl_plate_L3_please,please put the bowl on the plate,0,12,allmax,base,img512,9,1.4939770903231012e-08,0.10553636855825747,9,8,0.4071908915679005,0,▁bowl;▁plate,▁put
group_bowl_plate,group_bowl_plate/t000_L12_allsum_bowl_plate_L3_please_base.png,bowl_plate_L3_please,please put the bowl on the plate,0,12,allsum,base,img512,9,2.0022424238920848e-08,0.2857694278558449,8,7,1.1014712661657897,0,▁bowl;▁plate,▁put
group_bowl_plate,group_bowl_plate/t000_L12_noun_bowl_plate_L3_please_base.png,bowl_plate_L3_please,please put the bowl on the plate,0,12,noun,base,img512,9,3.7745536105499206e-10,0.14154332624554658,8,7,0.484306143270537,0,▁bowl;▁plate,▁put
group_bowl_plate,group_bowl_plate/t000_L12_verb_bowl_plate_L3_please_base.png,bowl_plate_L3_please,please put the bowl on the plate,0,12,verb,base,img512,9,3.870007948806099e-10,0.03800944684359912,8,7,0.16859148947375513,0,▁bowl;▁plate,▁put
group_bowl_plate,group_bowl_plate/t000_L12_func_bowl_plate_L3_please_base.png,bowl_plate_L3_please,please put the bowl on the plate,0,12,func,base,img512,9,1.7415598903039027e-08,0.21841060424291894,1,1,0.46150346225700895,1,▁bowl;▁plate,▁put
group_bowl_plate,group_bowl_plate/t000_L13_allmax_bowl_plate_L3_please_base.png,bowl_plate_L3_please,please put the bowl on the plate,0,13,allmax,base,img512,9,7.027434006963764e-07,0.5526259968071614,1,1,0.6763076590285755,1,▁bowl;▁plate,▁put
group_bowl_plate,group_bowl_plate/t000_L13_allsum_bowl_plate_L3_please_base.png,bowl_plate_L3_please,please put the bowl on the plate,0,13,allsum,base,img512,9,1.9449449241790726e-06,1.795510351717918,1,1,2.1367031044413105,1,▁bowl;▁plate,▁put
group_bowl_plate,group_bowl_plate/t000_L13_noun_bowl_plate_L3_please_base.png,bowl_plate_L3_please,please put the bowl on the plate,0,13,noun,base,img512,9,1.6614749941388913e-08,0.6205612960672298,1,1,0.6594092636203379,1,▁bowl;▁plate,▁put
group_bowl_plate,group_bowl_plate/t000_L13_verb_bowl_plate_L3_please_base.png,bowl_plate_L3_please,please put the bowl on the plate,0,13,verb,base,img512,9,3.0162563961300615e-07,0.10928035559030227,1,1,0.14104692429868781,1,▁bowl;▁plate,▁put
group_bowl_plate,group_bowl_plate/t000_L13_func_bowl_plate_L3_please_base.png,bowl_plate_L3_please,please put the bowl on the plate,0,13,func,base,img512,9,8.561466862309199e-07,1.0656687000603862,1,1,1.3362469165222848,1,▁bowl;▁plate,▁put
group_bowl_plate,group_bowl_plate/t000_L14_allmax_bowl_plate_L3_please_base.png,bowl_plate_L3_please,please put the bowl on the plate,0,14,allmax,base,img512,9,7.266929322502183e-09,0.09647592113167139,7,8,0.2620269592545493,0,▁bowl;▁plate,▁put
group_bowl_plate,group_bowl_plate/t000_L14_allsum_bowl_plate_L3_please_base.png,bowl_plate_L3_please,please put the bowl on the plate,0,14,allsum,base,img512,9,1.3232402991746208e-08,0.26387204095250555,7,8,0.827035798754126,0,▁bowl;▁plate,▁put
group_bowl_plate,group_bowl_plate/t000_L14_noun_bowl_plate_L3_please_base.png,bowl_plate_L3_please,please put the bowl on the plate,0,14,noun,base,img512,9,3.51950567347535e-11,0.09890143296900818,8,8,0.24352700557378462,0,▁bowl;▁plate,▁put
group_bowl_plate,group_bowl_plate/t000_L14_verb_bowl_plate_L3_please_base.png,bowl_plate_L3_please,please put the bowl on the plate,0,14,verb,base,img512,9,5.567766649868913e-12,0.025744877040118852,7,8,0.061857496332057164,0,▁bowl;▁plate,▁put
group_bowl_plate,group_bowl_plate/t000_L14_func_bowl_plate_L3_please_base.png,bowl_plate_L3_please,please put the bowl on the plate,0,14,func,base,img512,9,1.1249505885718632e-08,0.15879039237829345,7,8,0.5341717829197649,0,▁bowl;▁plate,▁put
group_bowl_plate,group_bowl_plate/t000_L15_allmax_bowl_plate_L3_please_base.png,bowl_plate_L3_please,please put the bowl on the plate,0,15,allmax,base,img512,9,2.6854269110660005e-09,0.057137785890426424,8,8,0.1619150504184135,0,▁bowl;▁plate,▁put
group_bowl_plate,group_bowl_plate/t000_L15_allsum_bowl_plate_L3_please_base.png,bowl_plate_L3_please,please put the bowl on the plate,0,15,allsum,base,img512,9,3.72934040265812e-09,0.27475446926564157,7,8,0.7293493404390184,0,▁bowl;▁plate,▁put
group_bowl_plate,group_bowl_plate/t000_L15_noun_bowl_plate_L3_please_base.png,bowl_plate_L3_please,please put the bowl on the plate,0,15,noun,base,img512,9,3.174158398667023e-11,0.02038812531956627,8,8,0.05857233485395266,0,▁bowl;▁plate,▁put
group_bowl_plate,group_bowl_plate/t000_L15_verb_bowl_plate_L3_please_base.png,bowl_plate_L3_please,please put the bowl on the plate,0,15,verb,base,img512,9,6.759026794578012e-11,0.043536152104866534,8,8,0.13219783831184506,0,▁bowl;▁plate,▁put
group_bowl_plate,group_bowl_plate/t000_L15_func_bowl_plate_L3_please_base.png,bowl_plate_L3_please,please put the bowl on the plate,0,15,func,base,img512,9,3.494817767090012e-09,0.21808881507615727,7,8,0.5525545832258509,0,▁bowl;▁plate,▁put
group_bowl_plate,group_bowl_plate/t000_L16_allmax_bowl_plate_L3_please_base.png,bowl_plate_L3_please,please put the bowl on the plate,0,16,allmax,base,img512,9,1.227705862542965e-07,0.12485245797912209,3,8,0.29534809598091555,0,▁bowl;▁plate,▁put
group_bowl_plate,group_bowl_plate/t000_L16_allsum_bowl_plate_L3_please_base.png,bowl_plate_L3_please,please put the bowl on the plate,0,16,allsum,base,img512,9,2.0780335185530812e-07,0.1836259028928479,3,8,0.48724557378396693,0,▁bowl;▁plate,▁put
group_bowl_plate,group_bowl_plate/t000_L16_noun_bowl_plate_L3_please_base.png,bowl_plate_L3_please,please put the bowl on the plate,0,16,noun,base,img512,9,2.6443663177506894e-11,0.044781838714630685,14,2,0.04570911992091012,1,▁bowl;▁plate,▁put
group_bowl_plate,group_bowl_plate/t000_L16_verb_bowl_plate_L3_please_base.png,bowl_plate_L3_please,please put the bowl on the plate,0,16,verb,base,img512,9,1.6182369608688342e-08,0.02507226862430425,8,8,0.0870056583306349,0,▁bowl;▁plate,▁put
group_bowl_plate,group_bowl_plate/t000_L16_func_bowl_plate_L3_please_base.png,bowl_plate_L3_please,please put the bowl on the plate,0,16,func,base,img512,9,5.99646037154786e-08,0.16820913660734746,3,8,0.449997841841302,0,▁bowl;▁plate,▁put
group_bowl_plate,group_bowl_plate/t000_L17_allmax_bowl_plate_L3_please_base.png,bowl_plate_L3_please,please put the bowl on the plate,0,17,allmax,base,img512,9,2.7440356686097807e-05,0.1371883623245115,3,6,0.203579342304649,0,▁bowl;▁plate,▁put
group_bowl_plate,group_bowl_plate/t000_L17_allsum_bowl_plate_L3_please_base.png,bowl_plate_L3_please,please put the bowl on the plate,0,17,allsum,base,img512,9,2.744035671750909e-05,0.6743873314183882,14,2,0.6966281821365553,1,▁bowl;▁plate,▁put
group_bowl_plate,group_bowl_plate/t000_L17_noun_bowl_plate_L3_please_base.png,bowl_plate_L3_please,please put the bowl on the plate,0,17,noun,base,img512,9,1.38194137710209e-17,0.18842046428426093,14,2,0.1904820422460011,1,▁bowl;▁plate,▁put
group_bowl_plate,group_bowl_plate/t000_L17_verb_bowl_plate_L3_please_base.png,bowl_plate_L3_please,please put the bowl on the plate,0,17,verb,base,img512,9,1.5884513833484436e-20,0.05174566950024585,14,2,0.053806383930725836,1,▁bowl;▁plate,▁put
group_bowl_plate,group_bowl_plate/t000_L17_func_bowl_plate_L3_please_base.png,bowl_plate_L3_please,please put the bowl on the plate,0,17,func,base,img512,9,2.744035671306852e-05,0.43422119763388156,14,2,0.4523397559598285,1,▁bowl;▁plate,▁put
group_bowl_plate,group_bowl_plate/t000_Lrollout_allmax_bowl_plate_L3_please_base.png,bowl_plate_L3_please,please put the bowl on the plate,0,rollout,allmax,base,img512,9,7.055018759268328e-05,0.032858607901123535,7,9,0.06460359906279528,0,▁bowl;▁plate,▁put
group_bowl_plate,group_bowl_plate/t000_Lrollout_allsum_bowl_plate_L3_please_base.png,bowl_plate_L3_please,please put the bowl on the plate,0,rollout,allsum,base,img512,9,0.0006314322397093133,0.29420735487846106,7,9,0.5787167782829954,0,▁bowl;▁plate,▁put
group_bowl_plate,group_bowl_plate/t000_Lrollout_noun_bowl_plate_L3_please_base.png,bowl_plate_L3_please,please put the bowl on the plate,0,rollout,noun,base,img512,9,0.00014017252770744912,0.06533431814496224,7,9,0.1287971255415502,0,▁bowl;▁plate,▁put
group_bowl_plate,group_bowl_plate/t000_Lrollout_verb_bowl_plate_L3_please_base.png,bowl_plate_L3_please,please put the bowl on the plate,0,rollout,verb,base,img512,9,7.009208023388501e-05,0.03265859919049828,7,9,0.06447867542567606,0,▁bowl;▁plate,▁put
group_bowl_plate,group_bowl_plate/t000_Lrollout_func_bowl_plate_L3_please_base.png,bowl_plate_L3_please,please put the bowl on the plate,0,rollout,func,base,img512,9,0.0004211676317679791,0.19621443754300047,7,9,0.3854409773157691,0,▁bowl;▁plate,▁put
group_bowl_cabinet,group_bowl_cabinet/t000_L00_allmax_bowl_cabinet_orig_base.png,bowl_cabinet_orig,put the bowl on top of the cabinet,0,00,allmax,base,img512,10,8.68015117299525e-05,0.4577864697654837,13,2,0.4753694272250847,0,▁bowl;▁top;▁cabinet,put
group_bowl_cabinet,group_bowl_cabinet/t000_L00_allsum_bowl_cabinet_orig_base.png,bowl_cabinet_orig,put the bowl on top of the cabinet,0,00,allsum,base,img512,10,0.00018542273477302392,2.42065334594397,13,2,2.464284555208546,0,▁bowl;▁top;▁cabinet,put
group_bowl_cabinet,group_bowl_cabinet/t000_L00_noun_bowl_cabinet_orig_base.png,bowl_cabinet_orig,put the bowl on top of the cabinet,0,00,noun,base,img512,10,8.511217154777926e-06,1.1927703900057613,13,2,1.2028203227324576,0,▁bowl;▁top;▁cabinet,put
group_bowl_cabinet,group_bowl_cabinet/t000_L00_verb_bowl_cabinet_orig_base.png,bowl_cabinet_orig,put the bowl on top of the cabinet,0,00,verb,base,img512,10,3.944477802657057e-09,0.09145916051784705,13,1,0.09354653665992814,1,▁bowl;▁top;▁cabinet,put
group_bowl_cabinet,group_bowl_cabinet/t000_L00_func_bowl_cabinet_orig_base.png,bowl_cabinet_orig,put the bowl on top of the cabinet,0,00,func,base,img512,10,0.00014382823182894743,1.1364237954203613,13,1,1.1679938066432056,1,▁bowl;▁top;▁cabinet,put
group_bowl_cabinet,group_bowl_cabinet/t000_L01_allmax_bowl_cabinet_orig_base.png,bowl_cabinet_orig,put the bowl on top of the cabinet,0,01,allmax,base,img512,10,3.8118114073680965e-05,0.07297447568194362,2,6,0.17002863256783524,0,▁bowl;▁top;▁cabinet,put
group_bowl_cabinet,group_bowl_cabinet/t000_L01_allsum_bowl_cabinet_orig_base.png,bowl_cabinet_orig,put the bowl on top of the cabinet,0,01,allsum,base,img512,10,0.0001646700944977594,0.208541961285299,2,6,0.5525455100913134,0,▁bowl;▁top;▁cabinet,put
group_bowl_cabinet,group_bowl_cabinet/t000_L01_noun_bowl_cabinet_orig_base.png,bowl_cabinet_orig,put the bowl on top of the cabinet,0,01,noun,base,img512,10,2.504037546696289e-05,0.040635207239346674,1,6,0.09344037661977328,1,▁bowl;▁top;▁cabinet,put
group_bowl_cabinet,group_bowl_cabinet/t000_L01_verb_bowl_cabinet_orig_base.png,bowl_cabinet_orig,put the bowl on top of the cabinet,0,01,verb,base,img512,10,2.876690053872265e-06,0.008898148389803929,1,6,0.03164266520186851,1,▁bowl;▁top;▁cabinet,put
group_bowl_cabinet,group_bowl_cabinet/t000_L01_func_bowl_cabinet_orig_base.png,bowl_cabinet_orig,put the bowl on top of the cabinet,0,01,func,base,img512,10,0.00013644220641498907,0.15900860565614838,2,6,0.4302566815798028,0,▁bowl;▁top;▁cabinet,put
group_bowl_cabinet,group_bowl_cabinet/t000_L02_allmax_bowl_cabinet_orig_base.png,bowl_cabinet_orig,put the bowl on top of the cabinet,0,02,allmax,base,img512,10,4.5981583033607605e-05,0.05370251113051861,13,2,0.08804668393538276,0,▁bowl;▁top;▁cabinet,put
group_bowl_cabinet,group_bowl_cabinet/t000_L02_allsum_bowl_cabinet_orig_base.png,bowl_cabinet_orig,put the bowl on top of the cabinet,0,02,allsum,base,img512,10,0.00019878139035078447,0.20612915411669253,13,2,0.3811726785805008,0,▁bowl;▁top;▁cabinet,put
group_bowl_cabinet,group_bowl_cabinet/t000_L02_noun_bowl_cabinet_orig_base.png,bowl_cabinet_orig,put the bowl on top of the cabinet,0,02,noun,base,img512,10,4.799547375430769e-05,0.04259894229262011,13,2,0.08819215945826074,0,▁bowl;▁top;▁cabinet,put
group_bowl_cabinet,group_bowl_cabinet/t000_L02_verb_bowl_cabinet_orig_base.png,bowl_cabinet_orig,put the bowl on top of the cabinet,0,02,verb,base,img512,10,8.107741674187725e-06,0.008743970187123182,7,9,0.022408371198521914,0,▁bowl;▁top;▁cabinet,put
group_bowl_cabinet,group_bowl_cabinet/t000_L02_func_bowl_cabinet_orig_base.png,bowl_cabinet_orig,put the bowl on top of the cabinet,0,02,func,base,img512,10,0.00013610167320074292,0.15478624163694926,13,2,0.2759477569679264,0,▁bowl;▁top;▁cabinet,put
group_bowl_cabinet,group_bowl_cabinet/t000_L03_allmax_bowl_cabinet_orig_base.png,bowl_cabinet_orig,put the bowl on top of the cabinet,0,03,allmax,base,img512,10,1.2684791841071919e-05,0.12241553668337014,7,9,0.39793361776483943,0,▁bowl;▁top;▁cabinet,put
group_bowl_cabinet,group_bowl_cabinet/t000_L03_allsum_bowl_cabinet_orig_base.png,bowl_cabinet_orig,put the bowl on top of the cabinet,0,03,allsum,base,img512,10,4.196263312259773e-05,0.3442931136496476,7,9,1.1655965406368747,0,▁bowl;▁top;▁cabinet,put
group_bowl_cabinet,group_bowl_cabinet/t000_L03_noun_bowl_cabinet_orig_base.png,bowl_cabinet_orig,put the bowl on top of the cabinet,0,03,noun,base,img512,10,3.611986816958962e-06,0.20859008677186153,7,9,0.6818206198311987,0,▁bowl;▁top;▁cabinet,put
group_bowl_cabinet,group_bowl_cabinet/t000_L03_verb_bowl_cabinet_orig_base.png,bowl_cabinet_orig,put the bowl on top of the cabinet,0,03,verb,base,img512,10,2.8670183899762626e-06,0.0217160390788947,7,9,0.06338955688637517,0,▁bowl;▁top;▁cabinet,put
group_bowl_cabinet,group_bowl_cabinet/t000_L03_func_bowl_cabinet_orig_base.png,bowl_cabinet_orig,put the bowl on top of the cabinet,0,03,func,base,img512,10,3.401591464412371e-05,0.11452991521522644,7,9,0.42038636391930073,0,▁bowl;▁top;▁cabinet,put
group_bowl_cabinet,group_bowl_cabinet/t000_L04_allmax_bowl_cabinet_orig_base.png,bowl_cabinet_orig,put the bowl on top of the cabinet,0,04,allmax,base,img512,10,4.3891125362144124e-05,0.22819001445918757,7,13,0.5242925622968062,0,▁bowl;▁top;▁cabinet,put
group_bowl_cabinet,group_bowl_cabinet/t000_L04_allsum_bowl_cabinet_orig_base.png,bowl_cabinet_orig,put the bowl on top of the cabinet,0,04,allsum,base,img512,10,0.00017499548211873607,0.5668664556528172,7,13,1.319907090972762,0,▁bowl;▁top;▁cabinet,put
group_bowl_cabinet,group_bowl_cabinet/t000_L04_noun_bowl_cabinet_orig_base.png,bowl_cabinet_orig,put the bowl on top of the cabinet,0,04,noun,base,img512,10,3.308915343596796e-05,0.3266251504758365,7,13,0.8221749295754667,0,▁bowl;▁top;▁cabinet,put
group_bowl_cabinet,group_bowl_cabinet/t000_L04_verb_bowl_cabinet_orig_base.png,bowl_cabinet_orig,put the bowl on top of the cabinet,0,04,verb,base,img512,10,2.3879238840345667e-05,0.03994181147318868,7,9,0.12024128053576148,0,▁bowl;▁top;▁cabinet,put
group_bowl_cabinet,group_bowl_cabinet/t000_L04_func_bowl_cabinet_orig_base.png,bowl_cabinet_orig,put the bowl on top of the cabinet,0,04,func,base,img512,10,0.00010742578317731676,0.23581384699826619,7,13,0.47966925044277414,0,▁bowl;▁top;▁cabinet,put
group_bowl_cabinet,group_bowl_cabinet/t000_L05_allmax_bowl_cabinet_orig_base.png,bowl_cabinet_orig,put the bowl on top of the cabinet,0,05,allmax,base,img512,10,1.0565679006856226e-05,0.24331607885242204,7,13,0.6558284443115193,0,▁bowl;▁top;▁cabinet,put
group_bowl_cabinet,group_bowl_cabinet/t000_L05_allsum_bowl_cabinet_orig_base.png,bowl_cabinet_orig,put the bowl on top of the cabinet,0,05,allsum,base,img512,10,3.6793862017222704e-05,1.107380065842808,7,13,2.933804899514265,0,▁bowl;▁top;▁cabinet,put
group_bowl_cabinet,group_bowl_cabinet/t000_L05_noun_bowl_cabinet_orig_base.png,bowl_cabinet_orig,put the bowl on top of the cabinet,0,05,noun,base,img512,10,6.6901864925960025e-06,0.5323258417204144,7,13,1.127335060791981,0,▁bowl;▁top;▁cabinet,put
group_bowl_cabinet,group_bowl_cabinet/t000_L05_verb_bowl_cabinet_orig_base.png,bowl_cabinet_orig,put the bowl on top of the cabinet,0,05,verb,base,img512,10,1.1408583646160277e-06,0.07908530167029316,7,12,0.23925876075230273,0,▁bowl;▁top;▁cabinet,put
group_bowl_cabinet,group_bowl_cabinet/t000_L05_func_bowl_cabinet_orig_base.png,bowl_cabinet_orig,put the bowl on top of the cabinet,0,05,func,base,img512,10,2.8516015845171684e-05,0.4959689224521005,7,13,1.579451728115108,0,▁bowl;▁top;▁cabinet,put
group_bowl_cabinet,group_bowl_cabinet/t000_L06_allmax_bowl_cabinet_orig_base.png,bowl_cabinet_orig,put the bowl on top of the cabinet,0,06,allmax,base,img512,10,5.021865834628348e-07,0.22087420760696225,7,8,0.3822007095779877,0,▁bowl;▁top;▁cabinet,put
group_bowl_cabinet,group_bowl_cabinet/t000_L06_allsum_bowl_cabinet_orig_base.png,bowl_cabinet_orig,put the bowl on top of the cabinet,0,06,allsum,base,img512,10,2.596546382983827e-06,0.9286251884165664,7,9,1.7129864749262205,0,▁bowl;▁top;▁cabinet,put
group_bowl_cabinet,group_bowl_cabinet/t000_L06_noun_bowl_cabinet_orig_base.png,bowl_cabinet_orig,put the bowl on top of the cabinet,0,06,noun,base,img512,10,3.842377069494052e-07,0.4623013396595559,7,9,0.7976683527878287,0,▁bowl;▁top;▁cabinet,put
group_bowl_cabinet,group_bowl_cabinet/t000_L06_verb_bowl_cabinet_orig_base.png,bowl_cabinet_orig,put the bowl on top of the cabinet,0,06,verb,base,img512,10,2.6291611215236117e-07,0.06768708230898317,7,9,0.12476216131932139,0,▁bowl;▁top;▁cabinet,put
group_bowl_cabinet,group_bowl_cabinet/t000_L06_func_bowl_cabinet_orig_base.png,bowl_cabinet_orig,put the bowl on top of the cabinet,0,06,func,base,img512,10,1.6291879936373618e-06,0.39863676644802726,7,9,0.7905559608190704,0,▁bowl;▁top;▁cabinet,put
group_bowl_cabinet,group_bowl_cabinet/t000_L07_allmax_bowl_cabinet_orig_base.png,bowl_cabinet_orig,put the bowl on top of the cabinet,0,07,allmax,base,img512,10,1.3673498953748184e-05,0.04972087419571821,7,13,0.2545613979106837,0,▁bowl;▁top;▁cabinet,put
group_bowl_cabinet,group_bowl_cabinet/t000_L07_allsum_bowl_cabinet_orig_base.png,bowl_cabinet_orig,put the bowl on top of the cabinet,0,07,allsum,base,img512,10,4.0994414852745487e-05,0.20407006286876148,7,8,0.5541340965190076,0,▁bowl;▁top;▁cabinet,put
group_bowl_cabinet,group_bowl_cabinet/t000_L07_noun_bowl_cabinet_orig_base.png,bowl_cabinet_orig,put the bowl on top of the cabinet,0,07,noun,base,img512,10,5.927504096372602e-06,0.08553464655670368,7,13,0.36600385606172003,0,▁bowl;▁top;▁cabinet,put
group_bowl_cabinet,group_bowl_cabinet/t000_L07_verb_bowl_cabinet_orig_base.png,bowl_cabinet_orig,put the bowl on top of the cabinet,0,07,verb,base,img512,10,1.9894158605147367e-06,0.029930238659702988,7,8,0.0786362734447461,0,▁bowl;▁top;▁cabinet,put
group_bowl_cabinet,group_bowl_cabinet/t000_L07_func_bowl_cabinet_orig_base.png,bowl_cabinet_orig,put the bowl on top of the cabinet,0,07,func,base,img512,10,2.703658597897652e-05,0.0886051776523548,7,8,0.2437816643054339,0,▁bowl;▁top;▁cabinet,put
group_bowl_cabinet,group_bowl_cabinet/t000_L08_allmax_bowl_cabinet_orig_base.png,bowl_cabinet_orig,put the bowl on top of the cabinet,0,08,allmax,base,img512,10,4.785191791660092e-05,0.18557899527374352,7,13,0.6001602301875046,0,▁bowl;▁top;▁cabinet,put
group_bowl_cabinet,group_bowl_cabinet/t000_L08_allsum_bowl_cabinet_orig_base.png,bowl_cabinet_orig,put the bowl on top of the cabinet,0,08,allsum,base,img512,10,0.00010217355823975718,0.6178857159175906,7,13,2.084816628660154,0,▁bowl;▁top;▁cabinet,put
group_bowl_cabinet,group_bowl_cabinet/t000_L08_noun_bowl_cabinet_orig_base.png,bowl_cabinet_orig,put the bowl on top of the cabinet,0,08,noun,base,img512,10,5.706407575397196e-07,0.3237949908868578,7,13,1.0300013754346211,0,▁bowl;▁top;▁cabinet,put
group_bowl_cabinet,group_bowl_cabinet/t000_L08_verb_bowl_cabinet_orig_base.png,bowl_cabinet_orig,put the bowl on top of the cabinet,0,08,verb,base,img512,10,1.7908439225071176e-07,0.06219912092756667,7,13,0.21179022211726328,0,▁bowl;▁top;▁cabinet,put
group_bowl_cabinet,group_bowl_cabinet/t000_L08_func_bowl_cabinet_orig_base.png,bowl_cabinet_orig,put the bowl on top of the cabinet,0,08,func,base,img512,10,8.919946351782285e-05,0.2777906498610745,7,13,0.8430250311082698,0,▁bowl;▁top;▁cabinet,put
group_bowl_cabinet,group_bowl_cabinet/t000_L09_allmax_bowl_cabinet_orig_base.png,bowl_cabinet_orig,put the bowl on top of the cabinet,0,09,allmax,base,img512,10,4.040844097038216e-06,0.03932687570329133,7,8,0.10936917913787267,0,▁bowl;▁top;▁cabinet,put
group_bowl_cabinet,group_bowl_cabinet/t000_L09_allsum_bowl_cabinet_orig_base.png,bowl_cabinet_orig,put the bowl on top of the cabinet,0,09,allsum,base,img512,10,6.165273976520872e-06,0.1582812305652304,7,8,0.29359389165338834,0,▁bowl;▁top;▁cabinet,put
group_bowl_cabinet,group_bowl_cabinet/t000_L09_noun_bowl_cabinet_orig_base.png,bowl_cabinet_orig,put the bowl on top of the cabinet,0,09,noun,base,img512,10,1.7849168798842364e-07,0.04422266138275041,8,8,0.08648894523104045,0,▁bowl;▁top;▁cabinet,put
group_bowl_cabinet,group_bowl_cabinet/t000_L09_verb_bowl_cabinet_orig_base.png,bowl_cabinet_orig,put the bowl on top of the cabinet,0,09,verb,base,img512,10,1.0966993162342284e-07,0.005905616544937831,7,8,0.00981721669083744,0,▁bowl;▁top;▁cabinet,put
group_bowl_cabinet,group_bowl_cabinet/t000_L09_func_bowl_cabinet_orig_base.png,bowl_cabinet_orig,put the bowl on top of the cabinet,0,09,func,base,img512,10,5.862533453857035e-06,0.10815295263754215,7,8,0.20975688304585013,0,▁bowl;▁top;▁cabinet,put
group_bowl_cabinet,group_bowl_cabinet/t000_L10_allmax_bowl_cabinet_orig_base.png,bowl_cabinet_orig,put the bowl on top of the cabinet,0,10,allmax,base,img512,10,3.6736452948386126e-07,0.17179981851550488,8,8,0.6336026442478365,0,▁bowl;▁top;▁cabinet,put
group_bowl_cabinet,group_bowl_cabinet/t000_L10_allsum_bowl_cabinet_orig_base.png,bowl_cabinet_orig,put the bowl on top of the cabinet,0,10,allsum,base,img512,10,1.0787928028235611e-06,0.6977391428462771,8,8,1.8724137170506154,0,▁bowl;▁top;▁cabinet,put
group_bowl_cabinet,group_bowl_cabinet/t000_L10_noun_bowl_cabinet_orig_base.png,bowl_cabinet_orig,put the bowl on top of the cabinet,0,10,noun,base,img512,10,1.8387240910034283e-07,0.16928598172406537,8,8,0.5094271784960122,0,▁bowl;▁top;▁cabinet,put
group_bowl_cabinet,group_bowl_cabinet/t000_L10_verb_bowl_cabinet_orig_base.png,bowl_cabinet_orig,put the bowl on top of the cabinet,0,10,verb,base,img512,10,4.000668980834916e-08,0.15289742855003827,7,9,0.3661051445294679,0,▁bowl;▁top;▁cabinet,put
group_bowl_cabinet,group_bowl_cabinet/t000_L10_func_bowl_cabinet_orig_base.png,bowl_cabinet_orig,put the bowl on top of the cabinet,0,10,func,base,img512,10,4.6769943517447455e-07,0.45935801517904473,8,8,1.0450625352456688,0,▁bowl;▁top;▁cabinet,put
group_bowl_cabinet,group_bowl_cabinet/t000_L11_allmax_bowl_cabinet_orig_base.png,bowl_cabinet_orig,put the bowl on top of the cabinet,0,11,allmax,base,img512,10,1.0188968243397008e-07,0.2894509044648491,7,8,0.6886541154899319,0,▁bowl;▁top;▁cabinet,put
group_bowl_cabinet,group_bowl_cabinet/t000_L11_allsum_bowl_cabinet_orig_base.png,bowl_cabinet_orig,put the bowl on top of the cabinet,0,11,allsum,base,img512,10,2.409284049441066e-07,0.7492261788812675,7,8,1.75398374034779,0,▁bowl;▁top;▁cabinet,put
group_bowl_cabinet,group_bowl_cabinet/t000_L11_noun_bowl_cabinet_orig_base.png,bowl_cabinet_orig,put the bowl on top of the cabinet,0,11,noun,base,img512,10,7.858898215585385e-08,0.21276603278668255,7,8,0.6296142338410253,0,▁bowl;▁top;▁cabinet,put
group_bowl_cabinet,group_bowl_cabinet/t000_L11_verb_bowl_cabinet_orig_base.png,bowl_cabinet_orig,put the bowl on top of the cabinet,0,11,verb,base,img512,10,2.03865247604185e-08,0.06731419062827272,7,9,0.1654298238636781,0,▁bowl;▁top;▁cabinet,put
group_bowl_cabinet,group_bowl_cabinet/t000_L11_func_bowl_cabinet_orig_base.png,bowl_cabinet_orig,put the bowl on top of the cabinet,0,11,func,base,img512,10,1.3838817079303122e-07,0.47175799070322905,7,8,0.9599230206515535,0,▁bowl;▁top;▁cabinet,put
group_bowl_cabinet,group_bowl_cabinet/t000_L12_allmax_bowl_cabinet_orig_base.png,bowl_cabinet_orig,put the bowl on top of the cabinet,0,12,allmax,base,img512,10,1.5254759561255375e-09,0.40944481348900896,8,8,0.974190591615941,0,▁bowl;▁top;▁cabinet,put
group_bowl_cabinet,group_bowl_cabinet/t000_L12_allsum_bowl_cabinet_orig_base.png,bowl_cabinet_orig,put the bowl on top of the cabinet,0,12,allsum,base,img512,10,6.348735450878749e-09,1.1271398688254413,8,8,3.839603690280105,0,▁bowl;▁top;▁cabinet,put
group_bowl_cabinet,group_bowl_cabinet/t000_L12_noun_bowl_cabinet_orig_base.png,bowl_cabinet_orig,put the bowl on top of the cabinet,0,12,noun,base,img512,10,2.1634747128040354e-09,0.27308592038173274,8,8,1.0268384267445956,0,▁bowl;▁top;▁cabinet,put
group_bowl_cabinet,group_bowl_cabinet/t000_L12_verb_bowl_cabinet_orig_base.png,bowl_cabinet_orig,put the bowl on top of the cabinet,0,12,verb,base,img512,10,1.0251421787247793e-09,0.1877257508766437,9,7,0.5133277187891527,0,▁bowl;▁top;▁cabinet,put
group_bowl_cabinet,group_bowl_cabinet/t000_L12_func_bowl_cabinet_orig_base.png,bowl_cabinet_orig,put the bowl on top of the cabinet,0,12,func,base,img512,10,2.7428587382144983e-09,0.8010287641569191,8,8,2.3001735697047008,0,▁bowl;▁top;▁cabinet,put
group_bowl_cabinet,group_bowl_cabinet/t000_L13_allmax_bowl_cabinet_orig_base.png,bowl_cabinet_orig,put the bowl on top of the cabinet,0,13,allmax,base,img512,10,1.4952517680203415e-07,0.47444112974043684,1,1,0.5553923323039023,1,▁bowl;▁top;▁cabinet,put
group_bowl_cabinet,group_bowl_cabinet/t000_L13_allsum_bowl_cabinet_orig_base.png,bowl_cabinet_orig,put the bowl on top of the cabinet,0,13,allsum,base,img512,10,4.5797161780236885e-07,1.6302462497351737,1,1,1.986412315280257,1,▁bowl;▁top;▁cabinet,put
group_bowl_cabinet,group_bowl_cabinet/t000_L13_noun_bowl_cabinet_orig_base.png,bowl_cabinet_orig,put the bowl on top of the cabinet,0,13,noun,base,img512,10,9.015551954356802e-08,0.7916037684921335,1,1,0.8952746322226379,1,▁bowl;▁top;▁cabinet,put
group_bowl_cabinet,group_bowl_cabinet/t000_L13_verb_bowl_cabinet_orig_base.png,bowl_cabinet_orig,put the bowl on top of the cabinet,0,13,verb,base,img512,10,5.784664518772573e-08,0.05028226640939626,1,1,0.06870365412844318,1,▁bowl;▁top;▁cabinet,put
group_bowl_cabinet,group_bowl_cabinet/t000_L13_func_bowl_cabinet_orig_base.png,bowl_cabinet_orig,put the bowl on top of the cabinet,0,13,func,base,img512,10,3.0996945307107505e-07,0.7883602148336438,1,1,1.022434028929176,1,▁bowl;▁top;▁cabinet,put
group_bowl_cabinet,group_bowl_cabinet/t000_L14_allmax_bowl_cabinet_orig_base.png,bowl_cabinet_orig,put the bowl on top of the cabinet,0,14,allmax,base,img512,10,2.0418315376836034e-08,0.15279647356418255,7,8,0.2618752019759133,0,▁bowl;▁top;▁cabinet,put
group_bowl_cabinet,group_bowl_cabinet/t000_L14_allsum_bowl_cabinet_orig_base.png,bowl_cabinet_orig,put the bowl on top of the cabinet,0,14,allsum,base,img512,10,2.2172989617522706e-08,0.48077740162465804,7,8,1.013710122837995,0,▁bowl;▁top;▁cabinet,put
group_bowl_cabinet,group_bowl_cabinet/t000_L14_noun_bowl_cabinet_orig_base.png,bowl_cabinet_orig,put the bowl on top of the cabinet,0,14,noun,base,img512,10,7.235588783093223e-11,0.1603109583704416,7,8,0.3196510098839189,0,▁bowl;▁top;▁cabinet,put
group_bowl_cabinet,group_bowl_cabinet/t000_L14_verb_bowl_cabinet_orig_base.png,bowl_cabinet_orig,put the bowl on top of the cabinet,0,14,verb,base,img512,10,6.189667107332453e-11,0.043661172783878356,7,8,0.1006504611504446,0,▁bowl;▁top;▁cabinet,put
group_bowl_cabinet,group_bowl_cabinet/t000_L14_func_bowl_cabinet_orig_base.png,bowl_cabinet_orig,put the bowl on top of the cabinet,0,14,func,base,img512,10,2.20134158494854e-08,0.2768052704703381,7,8,0.5934086518036316,0,▁bowl;▁top;▁cabinet,put
group_bowl_cabinet,group_bowl_cabinet/t000_L15_allmax_bowl_cabinet_orig_base.png,bowl_cabinet_orig,put the bowl on top of the cabinet,0,15,allmax,base,img512,10,4.716934774012689e-09,0.048097636826457874,7,8,0.10632269241516927,0,▁bowl;▁top;▁cabinet,put
group_bowl_cabinet,group_bowl_cabinet/t000_L15_allsum_bowl_cabinet_orig_base.png,bowl_cabinet_orig,put the bowl on top of the cabinet,0,15,allsum,base,img512,10,9.92077802139144e-09,0.2588193537681943,7,8,0.4538723514777818,0,▁bowl;▁top;▁cabinet,put
group_bowl_cabinet,group_bowl_cabinet/t000_L15_noun_bowl_cabinet_orig_base.png,bowl_cabinet_orig,put the bowl on top of the cabinet,0,15,noun,base,img512,10,1.3696794392839366e-09,0.0863487338478458,13,1,0.10001191854669389,1,▁bowl;▁top;▁cabinet,put
group_bowl_cabinet,group_bowl_cabinet/t000_L15_verb_bowl_cabinet_orig_base.png,bowl_cabinet_orig,put the bowl on top of the cabinet,0,15,verb,base,img512,10,5.857862191731125e-10,0.016267557016320225,7,8,0.04112352961700506,0,▁bowl;▁top;▁cabinet,put
group_bowl_cabinet,group_bowl_cabinet/t000_L15_func_bowl_cabinet_orig_base.png,bowl_cabinet_orig,put the bowl on top of the cabinet,0,15,func,base,img512,10,2.8077527777496427e-09,0.16148204271055014,7,8,0.3470935809425667,0,▁bowl;▁top;▁cabinet,put
group_bowl_cabinet,group_bowl_cabinet/t000_L16_allmax_bowl_cabinet_orig_base.png,bowl_cabinet_orig,put the bowl on top of the cabinet,0,16,allmax,base,img512,10,1.2480222877620068e-07,0.08451447685131497,3,7,0.2211705425096798,0,▁bowl;▁top;▁cabinet,put
group_bowl_cabinet,group_bowl_cabinet/t000_L16_allsum_bowl_cabinet_orig_base.png,bowl_cabinet_orig,put the bowl on top of the cabinet,0,16,allsum,base,img512,10,1.9131305242454728e-07,0.21104294070097057,3,7,0.6703520481004996,0,▁bowl;▁top;▁cabinet,put
group_bowl_cabinet,group_bowl_cabinet/t000_L16_noun_bowl_cabinet_orig_base.png,bowl_cabinet_orig,put the bowl on top of the cabinet,0,16,noun,base,img512,10,1.92926148704458e-09,0.07417500281761262,3,7,0.16741299140097496,0,▁bowl;▁top;▁cabinet,put
group_bowl_cabinet,group_bowl_cabinet/t000_L16_verb_bowl_cabinet_orig_base.png,bowl_cabinet_orig,put the bowl on top of the cabinet,0,16,verb,base,img512,10,4.41165428055569e-09,0.04911547554068864,14,2,0.05323760046213876,1,▁bowl;▁top;▁cabinet,put
group_bowl_cabinet,group_bowl_cabinet/t000_L16_func_bowl_cabinet_orig_base.png,bowl_cabinet_orig,put the bowl on top of the cabinet,0,16,func,base,img512,10,3.817678291239379e-08,0.16313315281321653,3,7,0.48642512472015803,0,▁bowl;▁top;▁cabinet,put
group_bowl_cabinet,group_bowl_cabinet/t000_L17_allmax_bowl_cabinet_orig_base.png,bowl_cabinet_orig,put the bowl on top of the cabinet,0,17,allmax,base,img512,10,1.8721836127315167e-05,0.10990569024089625,13,1,0.19584218355391514,1,▁bowl;▁top;▁cabinet,put
group_bowl_cabinet,group_bowl_cabinet/t000_L17_allsum_bowl_cabinet_orig_base.png,bowl_cabinet_orig,put the bowl on top of the cabinet,0,17,allsum,base,img512,10,1.8721857804524545e-05,0.364439561691075,14,2,0.5810836430461119,1,▁bowl;▁top;▁cabinet,put
group_bowl_cabinet,group_bowl_cabinet/t000_L17_noun_bowl_cabinet_orig_base.png,bowl_cabinet_orig,put the bowl on top of the cabinet,0,17,noun,base,img512,10,6.091028921795103e-18,0.12167184295800848,14,2,0.1679537287980658,1,▁bowl;▁top;▁cabinet,put
group_bowl_cabinet,group_bowl_cabinet/t000_L17_verb_bowl_cabinet_orig_base.png,bowl_cabinet_orig,put the bowl on top of the cabinet,0,17,verb,base,img512,10,1.8983550391684194e-19,0.03097977488285242,14,2,0.04979430185796906,1,▁bowl;▁top;▁cabinet,put
group_bowl_cabinet,group_bowl_cabinet/t000_L17_func_bowl_cabinet_orig_base.png,bowl_cabinet_orig,put the bowl on top of the cabinet,0,17,func,base,img512,10,1.8721856798495134e-05,0.2415882834278202,13,1,0.39445629027559936,1,▁bowl;▁top;▁cabinet,put
group_bowl_cabinet,group_bowl_cabinet/t000_Lrollout_allmax_bowl_cabinet_orig_base.png,bowl_cabinet_orig,put the bowl on top of the cabinet,0,rollout,allmax,base,img512,10,7.252741001916165e-05,0.028308603417065023,7,9,0.06442132868431753,0,▁bowl;▁top;▁cabinet,put
group_bowl_cabinet,group_bowl_cabinet/t000_Lrollout_allsum_bowl_cabinet_orig_base.png,bowl_cabinet_orig,put the bowl on top of the cabinet,0,rollout,allsum,base,img512,10,0.0007210594048174397,0.2818900629022527,7,9,0.6402822326789157,0,▁bowl;▁top;▁cabinet,put
group_bowl_cabinet,group_bowl_cabinet/t000_Lrollout_noun_bowl_cabinet_orig_base.png,bowl_cabinet_orig,put the bowl on top of the cabinet,0,rollout,noun,base,img512,10,0.0002161859113281515,0.08452677776264071,7,9,0.19231719857853682,0,▁bowl;▁top;▁cabinet,put
group_bowl_cabinet,group_bowl_cabinet/t000_Lrollout_verb_bowl_cabinet_orig_base.png,bowl_cabinet_orig,put the bowl on top of the cabinet,0,rollout,verb,base,img512,10,7.209208914308246e-05,0.028200220497828773,7,9,0.06396667674039407,0,▁bowl;▁top;▁cabinet,put
group_bowl_cabinet,group_bowl_cabinet/t000_Lrollout_func_bowl_cabinet_orig_base.png,bowl_cabinet_orig,put the bowl on top of the cabinet,0,rollout,func,base,img512,10,0.00043278140434620574,0.16916306464178327,7,9,0.3839983573599847,0,▁bowl;▁top;▁cabinet,put
group_bowl_cabinet,group_bowl_cabinet/t000_L00_allmax_bowl_cabinet_L1_place_base.png,bowl_cabinet_L1_place,place the bowl on top of the cabinet,0,00,allmax,base,img512,10,8.680146133032604e-05,0.4577864614639895,13,2,0.47536929393590466,0,▁bowl;▁top;▁cabinet,place
group_bowl_cabinet,group_bowl_cabinet/t000_L00_allsum_bowl_cabinet_L1_place_base.png,bowl_cabinet_L1_place,place the bowl on top of the cabinet,0,00,allsum,base,img512,10,0.00019286020625776672,2.4761094046992165,13,2,2.51893347595703,0,▁bowl;▁top;▁cabinet,place
group_bowl_cabinet,group_bowl_cabinet/t000_L00_noun_bowl_cabinet_L1_place_base.png,bowl_cabinet_L1_place,place the bowl on top of the cabinet,0,00,noun,base,img512,10,8.511202604732664e-06,1.1927694762954966,13,2,1.2028194006243933,0,▁bowl;▁top;▁cabinet,place
group_bowl_cabinet,group_bowl_cabinet/t000_L00_verb_bowl_cabinet_L1_place_base.png,bowl_cabinet_L1_place,place the bowl on top of the cabinet,0,00,verb,base,img512,10,4.812994943829436e-08,0.1473652406459416,13,1,0.14864356206312992,1,▁bowl;▁top;▁cabinet,place
group_bowl_cabinet,group_bowl_cabinet/t000_L00_func_bowl_cabinet_L1_place_base.png,bowl_cabinet_L1_place,place the bowl on top of the cabinet,0,00,func,base,img512,10,0.00014374189765870598,1.1359746877577783,13,1,1.1676308115282013,1,▁bowl;▁top;▁cabinet,place
group_bowl_cabinet,group_bowl_cabinet/t000_L01_allmax_bowl_cabinet_L1_place_base.png,bowl_cabinet_L1_place,place the bowl on top of the cabinet,0,01,allmax,base,img512,10,3.8175648360036124e-05,0.07333833167349987,2,6,0.17025368826658482,0,▁bowl;▁top;▁cabinet,place
group_bowl_cabinet,group_bowl_cabinet/t000_L01_allsum_bowl_cabinet_L1_place_base.png,bowl_cabinet_L1_place,place the bowl on top of the cabinet,0,01,allsum,base,img512,10,0.0001664391239665948,0.21096005395129552,2,6,0.561822376172074,0,▁bowl;▁top;▁cabinet,place
group_bowl_cabinet,group_bowl_cabinet/t000_L01_noun_bowl_cabinet_L1_place_base.png,bowl_cabinet_L1_place,place the bowl on top of the cabinet,0,01,noun,base,img512,10,2.5043330978583486e-05,0.04062074685755933,1,6,0.0934752457529225,1,▁bowl;▁top;▁cabinet,place
group_bowl_cabinet,group_bowl_cabinet/t000_L01_verb_bowl_cabinet_L1_place_base.png,bowl_cabinet_L1_place,place the bowl on top of the cabinet,0,01,verb,base,img512,10,2.215261516860097e-06,0.00882841888827861,1,6,0.03432179344790091,1,▁bowl;▁top;▁cabinet,place
group_bowl_cabinet,group_bowl_cabinet/t000_L01_func_bowl_cabinet_L1_place_base.png,bowl_cabinet_L1_place,place the bowl on top of the cabinet,0,01,func,base,img512,10,0.00013899325279823172,0.16151088820545761,2,6,0.43723618874446774,0,▁bowl;▁top;▁cabinet,place
group_bowl_cabinet,group_bowl_cabinet/t000_L02_allmax_bowl_cabinet_L1_place_base.png,bowl_cabinet_L1_place,place the bowl on top of the cabinet,0,02,allmax,base,img512,10,4.8690463510137725e-05,0.05256937458726429,13,2,0.08669317167290991,0,▁bowl;▁top;▁cabinet,place
group_bowl_cabinet,group_bowl_cabinet/t000_L02_allsum_bowl_cabinet_L1_place_base.png,bowl_cabinet_L1_place,place the bowl on top of the cabinet,0,02,allsum,base,img512,10,0.00021518400831808823,0.20204719392642645,13,2,0.3783178253062003,0,▁bowl;▁top;▁cabinet,place
group_bowl_cabinet,group_bowl_cabinet/t000_L02_noun_bowl_cabinet_L1_place_base.png,bowl_cabinet_L1_place,place the bowl on top of the cabinet,0,02,noun,base,img512,10,4.9504642277278467e-05,0.04252670775461313,13,2,0.08812827591374048,0,▁bowl;▁top;▁cabinet,place
group_bowl_cabinet,group_bowl_cabinet/t000_L02_verb_bowl_cabinet_L1_place_base.png,bowl_cabinet_L1_place,place the bowl on top of the cabinet,0,02,verb,base,img512,10,1.031322133951613e-05,0.007856350500565353,7,8,0.01884422058531064,0,▁bowl;▁top;▁cabinet,place
group_bowl_cabinet,group_bowl_cabinet/t000_L02_func_bowl_cabinet_L1_place_base.png,bowl_cabinet_L1_place,place the bowl on top of the cabinet,0,02,func,base,img512,10,0.00014414970851115712,0.15166413567124795,13,2,0.2746561265237066,0,▁bowl;▁top;▁cabinet,place
group_bowl_cabinet,group_bowl_cabinet/t000_L03_allmax_bowl_cabinet_L1_place_base.png,bowl_cabinet_L1_place,place the bowl on top of the cabinet,0,03,allmax,base,img512,10,1.1935996917905866e-05,0.11689144173851683,7,9,0.38721490188755586,0,▁bowl;▁top;▁cabinet,place
group_bowl_cabinet,group_bowl_cabinet/t000_L03_allsum_bowl_cabinet_L1_place_base.png,bowl_cabinet_L1_place,place the bowl on top of the cabinet,0,03,allsum,base,img512,10,4.1962985064483694e-05,0.33336340770417017,7,9,1.131417326862648,0,▁bowl;▁top;▁cabinet,place
group_bowl_cabinet,group_bowl_cabinet/t000_L03_noun_bowl_cabinet_L1_place_base.png,bowl_cabinet_L1_place,place the bowl on top of the cabinet,0,03,noun,base,img512,10,3.4887777671746077e-06,0.20362108826613695,7,9,0.668727619372761,0,▁bowl;▁top;▁cabinet,place
group_bowl_cabinet,group_bowl_cabinet/t000_L03_verb_bowl_cabinet_L1_place_base.png,bowl_cabinet_L1_place,place the bowl on top of the cabinet,0,03,verb,base,img512,10,5.059078213242948e-06,0.01965278730134698,12,8,0.05664482740534109,0,▁bowl;▁top;▁cabinet,place
group_bowl_cabinet,group_bowl_cabinet/t000_L03_func_bowl_cabinet_L1_place_base.png,bowl_cabinet_L1_place,place the bowl on top of the cabinet,0,03,func,base,img512,10,3.2026916282978604e-05,0.11650735183843017,7,9,0.4190981060564925,0,▁bowl;▁top;▁cabinet,place
group_bowl_cabinet,group_bowl_cabinet/t000_L04_allmax_bowl_cabinet_L1_place_base.png,bowl_cabinet_L1_place,place the bowl on top of the cabinet,0,04,allmax,base,img512,10,4.313213969899782e-05,0.22394971388872106,7,13,0.5244471485336074,0,▁bowl;▁top;▁cabinet,place
group_bowl_cabinet,group_bowl_cabinet/t000_L04_allsum_bowl_cabinet_L1_place_base.png,bowl_cabinet_L1_place,place the bowl on top of the cabinet,0,04,allsum,base,img512,10,0.00018100720911246778,0.5696738537239352,7,13,1.3334550929630962,0,▁bowl;▁top;▁cabinet,place
group_bowl_cabinet,group_bowl_cabinet/t000_L04_noun_bowl_cabinet_L1_place_base.png,bowl_cabinet_L1_place,place the bowl on top of the cabinet,0,04,noun,base,img512,10,3.233736365665771e-05,0.32744157971526455,7,13,0.819825200554186,0,▁bowl;▁top;▁cabinet,place
group_bowl_cabinet,group_bowl_cabinet/t000_L04_verb_bowl_cabinet_L1_place_base.png,bowl_cabinet_L1_place,place the bowl on top of the cabinet,0,04,verb,base,img512,10,2.135264614128812e-05,0.04575104669634103,7,9,0.12895335860124632,0,▁bowl;▁top;▁cabinet,place
group_bowl_cabinet,group_bowl_cabinet/t000_L04_func_bowl_cabinet_L1_place_base.png,bowl_cabinet_L1_place,place the bowl on top of the cabinet,0,04,func,base,img512,10,0.00012118136051117007,0.23721618528904334,7,13,0.49548907605160103,0,▁bowl;▁top;▁cabinet,place
group_bowl_cabinet,group_bowl_cabinet/t000_L05_allmax_bowl_cabinet_L1_place_base.png,bowl_cabinet_L1_place,place the bowl on top of the cabinet,0,05,allmax,base,img512,10,1.0650411873297087e-05,0.23743497473478709,7,13,0.6479954891650793,0,▁bowl;▁top;▁cabinet,place
group_bowl_cabinet,group_bowl_cabinet/t000_L05_allsum_bowl_cabinet_L1_place_base.png,bowl_cabinet_L1_place,place the bowl on top of the cabinet,0,05,allsum,base,img512,10,3.986060914700478e-05,1.0756898942547606,7,13,2.9774451264771873,0,▁bowl;▁top;▁cabinet,place
group_bowl_cabinet,group_bowl_cabinet/t000_L05_noun_bowl_cabinet_L1_place_base.png,bowl_cabinet_L1_place,place the bowl on top of the cabinet,0,05,noun,base,img512,10,8.020922270745889e-06,0.5203328419920016,7,13,1.146939556464405,0,▁bowl;▁top;▁cabinet,place
group_bowl_cabinet,group_bowl_cabinet/t000_L05_verb_bowl_cabinet_L1_place_base.png,bowl_cabinet_L1_place,place the bowl on top of the cabinet,0,05,verb,base,img512,10,1.7403681141171693e-06,0.08988422079373609,7,9,0.20469252329367613,0,▁bowl;▁top;▁cabinet,place
group_bowl_cabinet,group_bowl_cabinet/t000_L05_func_bowl_cabinet_L1_place_base.png,bowl_cabinet_L1_place,place the bowl on top of the cabinet,0,05,func,base,img512,10,2.9493737824829862e-05,0.5085955536510888,7,13,1.6361641292310225,0,▁bowl;▁top;▁cabinet,place
group_bowl_cabinet,group_bowl_cabinet/t000_L06_allmax_bowl_cabinet_L1_place_base.png,bowl_cabinet_L1_place,place the bowl on top of the cabinet,0,06,allmax,base,img512,10,4.992114689433017e-07,0.211021688139365,7,9,0.3781837988044754,0,▁bowl;▁top;▁cabinet,place
group_bowl_cabinet,group_bowl_cabinet/t000_L06_allsum_bowl_cabinet_L1_place_base.png,bowl_cabinet_L1_place,place the bowl on top of the cabinet,0,06,allsum,base,img512,10,2.8683638908361617e-06,0.9406222597624893,7,9,1.7922498804269476,0,▁bowl;▁top;▁cabinet,place
group_bowl_cabinet,group_bowl_cabinet/t000_L06_noun_bowl_cabinet_L1_place_base.png,bowl_cabinet_L1_place,place the bowl on top of the cabinet,0,06,noun,base,img512,10,4.192861849976837e-07,0.4465743925553213,7,9,0.7969959514291163,0,▁bowl;▁top;▁cabinet,place
group_bowl_cabinet,group_bowl_cabinet/t000_L06_verb_bowl_cabinet_L1_place_base.png,bowl_cabinet_L1_place,place the bowl on top of the cabinet,0,06,verb,base,img512,10,1.9566211797966642e-07,0.07996584113970694,7,9,0.16146839136729893,0,▁bowl;▁top;▁cabinet,place
group_bowl_cabinet,group_bowl_cabinet/t000_L06_func_bowl_cabinet_L1_place_base.png,bowl_cabinet_L1_place,place the bowl on top of the cabinet,0,06,func,base,img512,10,1.6750514770090824e-06,0.4140820260674609,7,9,0.8337855376305323,0,▁bowl;▁top;▁cabinet,place
group_bowl_cabinet,group_bowl_cabinet/t000_L07_allmax_bowl_cabinet_L1_place_base.png,bowl_cabinet_L1_place,place the bowl on top of the cabinet,0,07,allmax,base,img512,10,1.404757948842675e-05,0.04989328707549242,7,13,0.25646843751755216,0,▁bowl;▁top;▁cabinet,place
group_bowl_cabinet,group_bowl_cabinet/t000_L07_allsum_bowl_cabinet_L1_place_base.png,bowl_cabinet_L1_place,place the bowl on top of the cabinet,0,07,allsum,base,img512,10,4.0468652313287316e-05,0.17658035311015585,7,8,0.49871356506509523,0,▁bowl;▁top;▁cabinet,place
group_bowl_cabinet,group_bowl_cabinet/t000_L07_noun_bowl_cabinet_L1_place_base.png,bowl_cabinet_L1_place,place the bowl on top of the cabinet,0,07,noun,base,img512,10,6.967638676713782e-06,0.07023650218306776,7,13,0.35324815367783774,0,▁bowl;▁top;▁cabinet,place
group_bowl_cabinet,group_bowl_cabinet/t000_L07_verb_bowl_cabinet_L1_place_base.png,bowl_cabinet_L1_place,place the bowl on top of the cabinet,0,07,verb,base,img512,10,2.5600810173336483e-06,0.04137350753030645,7,8,0.09918054739821924,0,▁bowl;▁top;▁cabinet,place
group_bowl_cabinet,group_bowl_cabinet/t000_L07_func_bowl_cabinet_L1_place_base.png,bowl_cabinet_L1_place,place the bowl on top of the cabinet,0,07,func,base,img512,10,2.5549621414300217e-05,0.06497034339678162,7,8,0.19346459914826716,0,▁bowl;▁top;▁cabinet,place
group_bowl_cabinet,group_bowl_cabinet/t000_L08_allmax_bowl_cabinet_L1_place_base.png,bowl_cabinet_L1_place,place the bowl on top of the cabinet,0,08,allmax,base,img512,10,4.753041042655968e-05,0.18708780739913813,7,13,0.5974916366844023,0,▁bowl;▁top;▁cabinet,place
group_bowl_cabinet,group_bowl_cabinet/t000_L08_allsum_bowl_cabinet_L1_place_base.png,bowl_cabinet_L1_place,place the bowl on top of the cabinet,0,08,allsum,base,img512,10,9.167786873739617e-05,0.6440778175423815,7,13,1.920815715790221,0,▁bowl;▁top;▁cabinet,place
group_bowl_cabinet,group_bowl_cabinet/t000_L08_noun_bowl_cabinet_L1_place_base.png,bowl_cabinet_L1_place,place the bowl on top of the cabinet,0,08,noun,base,img512,10,6.429583244742587e-07,0.33866519989217136,7,13,0.999824389287544,0,▁bowl;▁top;▁cabinet,place
group_bowl_cabinet,group_bowl_cabinet/t000_L08_verb_bowl_cabinet_L1_place_base.png,bowl_cabinet_L1_place,place the bowl on top of the cabinet,0,08,verb,base,img512,10,3.665248075144572e-08,0.05478930694141933,7,13,0.18229590626189587,0,▁bowl;▁top;▁cabinet,place
group_bowl_cabinet,group_bowl_cabinet/t000_L08_func_bowl_cabinet_L1_place_base.png,bowl_cabinet_L1_place,place the bowl on top of the cabinet,0,08,func,base,img512,10,7.986936913163e-05,0.43507672513788925,7,8,0.9644724420590342,0,▁bowl;▁top;▁cabinet,place
group_bowl_cabinet,group_bowl_cabinet/t000_L09_allmax_bowl_cabinet_L1_place_base.png,bowl_cabinet_L1_place,place the bowl on top of the cabinet,0,09,allmax,base,img512,10,3.561355877736481e-06,0.03599018108762593,7,8,0.11177375343025561,0,▁bowl;▁top;▁cabinet,place
group_bowl_cabinet,group_bowl_cabinet/t000_L09_allsum_bowl_cabinet_L1_place_base.png,bowl_cabinet_L1_place,place the bowl on top of the cabinet,0,09,allsum,base,img512,10,6.5040154228796125e-06,0.15275772336516844,7,8,0.29860371314168405,0,▁bowl;▁top;▁cabinet,place
group_bowl_cabinet,group_bowl_cabinet/t000_L09_noun_bowl_cabinet_L1_place_base.png,bowl_cabinet_L1_place,place the bowl on top of the cabinet,0,09,noun,base,img512,10,2.3746445806990995e-07,0.04425486557542481,8,8,0.07455049894076106,0,▁bowl;▁top;▁cabinet,place
group_bowl_cabinet,group_bowl_cabinet/t000_L09_verb_bowl_cabinet_L1_place_base.png,bowl_cabinet_L1_place,place the bowl on top of the cabinet,0,09,verb,base,img512,10,1.7523736031521133e-07,0.013091227014997393,7,8,0.01783510582074048,0,▁bowl;▁top;▁cabinet,place
group_bowl_cabinet,group_bowl_cabinet/t000_L09_func_bowl_cabinet_L1_place_base.png,bowl_cabinet_L1_place,place the bowl on top of the cabinet,0,09,func,base,img512,10,5.835852329314917e-06,0.097746241156226,7,8,0.21622518638601226,0,▁bowl;▁top;▁cabinet,place
group_bowl_cabinet,group_bowl_cabinet/t000_L10_allmax_bowl_cabinet_L1_place_base.png,bowl_cabinet_L1_place,place the bowl on top of the cabinet,0,10,allmax,base,img512,10,4.888144603805508e-07,0.15497248419033802,8,8,0.6148998045080689,0,▁bowl;▁top;▁cabinet,place
group_bowl_cabinet,group_bowl_cabinet/t000_L10_allsum_bowl_cabinet_L1_place_base.png,bowl_cabinet_L1_place,place the bowl on top of the cabinet,0,10,allsum,base,img512,10,1.194218352053791e-06,0.6071126659656239,8,8,1.7284994009826586,0,▁bowl;▁top;▁cabinet,place
group_bowl_cabinet,group_bowl_cabinet/t000_L10_noun_bowl_cabinet_L1_place_base.png,bowl_cabinet_L1_place,place the bowl on top of the cabinet,0,10,noun,base,img512,10,2.2243671500302425e-07,0.16329764210755213,8,8,0.5156397790614814,0,▁bowl;▁top;▁cabinet,place
group_bowl_cabinet,group_bowl_cabinet/t000_L10_verb_bowl_cabinet_L1_place_base.png,bowl_cabinet_L1_place,place the bowl on top of the cabinet,0,10,verb,base,img512,10,2.922851149199611e-08,0.15497248419033802,7,8,0.37982422455090625,0,▁bowl;▁top;▁cabinet,place
group_bowl_cabinet,group_bowl_cabinet/t000_L10_func_bowl_cabinet_L1_place_base.png,bowl_cabinet_L1_place,place the bowl on top of the cabinet,0,10,func,base,img512,10,4.900993691375198e-07,0.35911272991091353,8,8,0.8797471653320087,0,▁bowl;▁top;▁cabinet,place
group_bowl_cabinet,group_bowl_cabinet/t000_L11_allmax_bowl_cabinet_L1_place_base.png,bowl_cabinet_L1_place,place the bowl on top of the cabinet,0,11,allmax,base,img512,10,1.1448373783138925e-07,0.22001040558802876,7,8,0.5865738097861454,0,▁bowl;▁top;▁cabinet,place
group_bowl_cabinet,group_bowl_cabinet/t000_L11_allsum_bowl_cabinet_L1_place_base.png,bowl_cabinet_L1_place,place the bowl on top of the cabinet,0,11,allsum,base,img512,10,2.444783561590975e-07,0.6858437047717693,7,8,1.6661079689671583,0,▁bowl;▁top;▁cabinet,place
group_bowl_cabinet,group_bowl_cabinet/t000_L11_noun_bowl_cabinet_L1_place_base.png,bowl_cabinet_L1_place,place the bowl on top of the cabinet,0,11,noun,base,img512,10,7.23025374304739e-08,0.2355905368613999,7,8,0.6637933520844574,0,▁bowl;▁top;▁cabinet,place
group_bowl_cabinet,group_bowl_cabinet/t000_L11_verb_bowl_cabinet_L1_place_base.png,bowl_cabinet_L1_place,place the bowl on top of the cabinet,0,11,verb,base,img512,10,4.723307830325221e-09,0.034175565004166346,7,8,0.08125390361803289,0,▁bowl;▁top;▁cabinet,place
group_bowl_cabinet,group_bowl_cabinet/t000_L11_func_bowl_cabinet_L1_place_base.png,bowl_cabinet_L1_place,place the bowl on top of the cabinet,0,11,func,base,img512,10,1.5473474223276458e-07,0.4211031167863886,7,8,0.9210607132646677,0,▁bowl;▁top;▁cabinet,place
group_bowl_cabinet,group_bowl_cabinet/t000_L12_allmax_bowl_cabinet_L1_place_base.png,bowl_cabinet_L1_place,place the bowl on top of the cabinet,0,12,allmax,base,img512,10,3.906052625497586e-09,0.45862603148684644,8,8,1.1455825189790145,0,▁bowl;▁top;▁cabinet,place
group_bowl_cabinet,group_bowl_cabinet/t000_L12_allsum_bowl_cabinet_L1_place_base.png,bowl_cabinet_L1_place,place the bowl on top of the cabinet,0,12,allsum,base,img512,10,1.2474047592978833e-08,1.2495758541892057,8,8,4.069159602383903,0,▁bowl;▁top;▁cabinet,place
group_bowl_cabinet,group_bowl_cabinet/t000_L12_noun_bowl_cabinet_L1_place_base.png,bowl_cabinet_L1_place,place the bowl on top of the cabinet,0,12,noun,base,img512,10,3.3132506673482e-09,0.2865477738829559,8,8,1.0212799353784414,0,▁bowl;▁top;▁cabinet,place
group_bowl_cabinet,group_bowl_cabinet/t000_L12_verb_bowl_cabinet_L1_place_base.png,bowl_cabinet_L1_place,place the bowl on top of the cabinet,0,12,verb,base,img512,10,2.7008847637416493e-09,0.30061761112386975,9,7,0.5737761588582609,0,▁bowl;▁top;▁cabinet,place
group_bowl_cabinet,group_bowl_cabinet/t000_L12_func_bowl_cabinet_L1_place_base.png,bowl_cabinet_L1_place,place the bowl on top of the cabinet,0,12,func,base,img512,10,3.924752062673141e-09,0.8876861242970727,8,8,2.475109787158447,0,▁bowl;▁top;▁cabinet,place
group_bowl_cabinet,group_bowl_cabinet/t000_L13_allmax_bowl_cabinet_L1_place_base.png,bowl_cabinet_L1_place,place the bowl on top of the cabinet,0,13,allmax,base,img512,10,9.726173160453322e-08,0.4519968456807074,1,1,0.5365586977704725,1,▁bowl;▁top;▁cabinet,place
group_bowl_cabinet,group_bowl_cabinet/t000_L13_allsum_bowl_cabinet_L1_place_base.png,bowl_cabinet_L1_place,place the bowl on top of the cabinet,0,13,allsum,base,img512,10,4.6563259294265566e-07,1.6530762770777903,1,1,2.007185870185257,1,▁bowl;▁top;▁cabinet,place
group_bowl_cabinet,group_bowl_cabinet/t000_L13_noun_bowl_cabinet_L1_place_base.png,bowl_cabinet_L1_place,place the bowl on top of the cabinet,0,13,noun,base,img512,10,1.359847452280366e-07,0.7874022210524979,1,1,0.9031353109254784,1,▁bowl;▁top;▁cabinet,place
group_bowl_cabinet,group_bowl_cabinet/t000_L13_verb_bowl_cabinet_L1_place_base.png,bowl_cabinet_L1_place,place the bowl on top of the cabinet,0,13,verb,base,img512,10,2.9289409500636203e-08,0.0221517135608193,1,1,0.03011749829711174,1,▁bowl;▁top;▁cabinet,place
group_bowl_cabinet,group_bowl_cabinet/t000_L13_func_bowl_cabinet_L1_place_base.png,bowl_cabinet_L1_place,place the bowl on top of the cabinet,0,13,func,base,img512,10,2.927906384068681e-07,0.8435223424644731,1,1,1.073933060962667,1,▁bowl;▁top;▁cabinet,place
group_bowl_cabinet,group_bowl_cabinet/t000_L14_allmax_bowl_cabinet_L1_place_base.png,bowl_cabinet_L1_place,place the bowl on top of the cabinet,0,14,allmax,base,img512,10,1.9047663675233187e-08,0.12065576653909083,7,8,0.24726588112147507,0,▁bowl;▁top;▁cabinet,place
group_bowl_cabinet,group_bowl_cabinet/t000_L14_allsum_bowl_cabinet_L1_place_base.png,bowl_cabinet_L1_place,place the bowl on top of the cabinet,0,14,allsum,base,img512,10,2.990964467060334e-08,0.40587107541441697,7,8,0.8315249151851655,0,▁bowl;▁top;▁cabinet,place
group_bowl_cabinet,group_bowl_cabinet/t000_L14_noun_bowl_cabinet_L1_place_base.png,bowl_cabinet_L1_place,place the bowl on top of the cabinet,0,14,noun,base,img512,10,5.122497103373081e-11,0.133246359280629,7,8,0.26649585807664306,0,▁bowl;▁top;▁cabinet,place
group_bowl_cabinet,group_bowl_cabinet/t000_L14_verb_bowl_cabinet_L1_place_base.png,bowl_cabinet_L1_place,place the bowl on top of the cabinet,0,14,verb,base,img512,10,1.6629544803613028e-09,0.04653197902679794,1,1,0.0683891941550771,1,▁bowl;▁top;▁cabinet,place
group_bowl_cabinet,group_bowl_cabinet/t000_L14_func_bowl_cabinet_L1_place_base.png,bowl_cabinet_L1_place,place the bowl on top of the cabinet,0,14,func,base,img512,10,2.178272131255487e-08,0.25882954336639535,7,8,0.5338591202793135,0,▁bowl;▁top;▁cabinet,place
group_bowl_cabinet,group_bowl_cabinet/t000_L15_allmax_bowl_cabinet_L1_place_base.png,bowl_cabinet_L1_place,place the bowl on top of the cabinet,0,15,allmax,base,img512,10,5.27733942396194e-09,0.039034162318370404,7,8,0.09646481023482305,0,▁bowl;▁top;▁cabinet,place
group_bowl_cabinet,group_bowl_cabinet/t000_L15_allsum_bowl_cabinet_L1_place_base.png,bowl_cabinet_L1_place,place the bowl on top of the cabinet,0,15,allsum,base,img512,10,8.852757270608126e-09,0.21495361533446333,7,8,0.3738690842873807,0,▁bowl;▁top;▁cabinet,place
group_bowl_cabinet,group_bowl_cabinet/t000_L15_noun_bowl_cabinet_L1_place_base.png,bowl_cabinet_L1_place,place the bowl on top of the cabinet,0,15,noun,base,img512,10,1.0358300659178705e-09,0.07780921802812257,13,1,0.0925113999649795,1,▁bowl;▁top;▁cabinet,place
group_bowl_cabinet,group_bowl_cabinet/t000_L15_verb_bowl_cabinet_L1_place_base.png,bowl_cabinet_L1_place,place the bowl on top of the cabinet,0,15,verb,base,img512,10,1.8652149504673675e-10,0.010472742266454711,8,8,0.022046850253788206,0,▁bowl;▁top;▁cabinet,place
group_bowl_cabinet,group_bowl_cabinet/t000_L15_func_bowl_cabinet_L1_place_base.png,bowl_cabinet_L1_place,place the bowl on top of the cabinet,0,15,func,base,img512,10,2.586217584437186e-09,0.12667165503988606,7,8,0.2934964645005928,0,▁bowl;▁top;▁cabinet,place
group_bowl_cabinet,group_bowl_cabinet/t000_L16_allmax_bowl_cabinet_L1_place_base.png,bowl_cabinet_L1_place,place the bowl on top of the cabinet,0,16,allmax,base,img512,10,2.019203217730517e-08,0.10467725798869205,3,7,0.2876639204843793,0,▁bowl;▁top;▁cabinet,place
group_bowl_cabinet,group_bowl_cabinet/t000_L16_allsum_bowl_cabinet_L1_place_base.png,bowl_cabinet_L1_place,place the bowl on top of the cabinet,0,16,allsum,base,img512,10,3.6227068804677944e-08,0.22566951207018843,3,7,0.7159658870333433,0,▁bowl;▁top;▁cabinet,place
group_bowl_cabinet,group_bowl_cabinet/t000_L16_noun_bowl_cabinet_L1_place_base.png,bowl_cabinet_L1_place,place the bowl on top of the cabinet,0,16,noun,base,img512,10,1.3978776934754246e-09,0.06724704469815043,3,6,0.143641229578892,0,▁bowl;▁top;▁cabinet,place
group_bowl_cabinet,group_bowl_cabinet/t000_L16_verb_bowl_cabinet_L1_place_base.png,bowl_cabinet_L1_place,place the bowl on top of the cabinet,0,16,verb,base,img512,10,4.3243356971976307e-11,0.056601840702409104,14,2,0.06469903598986251,1,▁bowl;▁top;▁cabinet,place
group_bowl_cabinet,group_bowl_cabinet/t000_L16_func_bowl_cabinet_L1_place_base.png,bowl_cabinet_L1_place,place the bowl on top of the cabinet,0,16,func,base,img512,10,3.2716639176182054e-08,0.1798620369224511,3,7,0.5432534663289619,0,▁bowl;▁top;▁cabinet,place
group_bowl_cabinet,group_bowl_cabinet/t000_L17_allmax_bowl_cabinet_L1_place_base.png,bowl_cabinet_L1_place,place the bowl on top of the cabinet,0,17,allmax,base,img512,10,1.961032126381957e-05,0.18945835793654997,14,2,0.2520958007295373,1,▁bowl;▁top;▁cabinet,place
group_bowl_cabinet,group_bowl_cabinet/t000_L17_allsum_bowl_cabinet_L1_place_base.png,bowl_cabinet_L1_place,place the bowl on top of the cabinet,0,17,allsum,base,img512,10,1.9610321276585275e-05,0.4729379211333272,14,2,0.6615302374470429,1,▁bowl;▁top;▁cabinet,place
group_bowl_cabinet,group_bowl_cabinet/t000_L17_noun_bowl_cabinet_L1_place_base.png,bowl_cabinet_L1_place,place the bowl on top of the cabinet,0,17,noun,base,img512,10,3.127630232270962e-18,0.13161090650033544,14,2,0.17514637417012638,1,▁bowl;▁top;▁cabinet,place
group_bowl_cabinet,group_bowl_cabinet/t000_L17_verb_bowl_cabinet_L1_place_base.png,bowl_cabinet_L1_place,place the bowl on top of the cabinet,0,17,verb,base,img512,10,2.759454269425615e-22,0.012822794368709306,14,2,0.016148121296151143,1,▁bowl;▁top;▁cabinet,place
group_bowl_cabinet,group_bowl_cabinet/t000_L17_func_bowl_cabinet_L1_place_base.png,bowl_cabinet_L1_place,place the bowl on top of the cabinet,0,17,func,base,img512,10,1.9610321275226424e-05,0.3285042202642825,14,2,0.47023574198076545,1,▁bowl;▁top;▁cabinet,place
group_bowl_cabinet,group_bowl_cabinet/t000_Lrollout_allmax_bowl_cabinet_L1_place_base.png,bowl_cabinet_L1_place,place the bowl on top of the cabinet,0,rollout,allmax,base,img512,10,7.245828359309268e-05,0.028198586747809604,7,9,0.06438926915878894,0,▁bowl;▁top;▁cabinet,place
group_bowl_cabinet,group_bowl_cabinet/t000_Lrollout_allsum_bowl_cabinet_L1_place_base.png,bowl_cabinet_L1_place,place the bowl on top of the cabinet,0,rollout,allsum,base,img512,10,0.0007205633460068194,0.28100517645753403,7,9,0.6400652932810331,0,▁bowl;▁top;▁cabinet,place
group_bowl_cabinet,group_bowl_cabinet/t000_Lrollout_noun_bowl_cabinet_L1_place_base.png,bowl_cabinet_L1_place,place the bowl on top of the cabinet,0,rollout,noun,base,img512,10,0.00021600364026434646,0.08423174931647961,7,9,0.19238443634565391,0,▁bowl;▁top;▁cabinet,place
group_bowl_cabinet,group_bowl_cabinet/t000_Lrollout_verb_bowl_cabinet_L1_place_base.png,bowl_cabinet_L1_place,place the bowl on top of the cabinet,0,rollout,verb,base,img512,10,7.206934126782527e-05,0.028153862322636437,7,9,0.063774296298276,0,▁bowl;▁top;▁cabinet,place
group_bowl_cabinet,group_bowl_cabinet/t000_Lrollout_func_bowl_cabinet_L1_place_base.png,bowl_cabinet_L1_place,place the bowl on top of the cabinet,0,rollout,func,base,img512,10,0.0004324903644746476,0.168619564818418,7,9,0.38390656063710327,0,▁bowl;▁top;▁cabinet,place
group_bowl_cabinet,group_bowl_cabinet/t000_L00_allmax_bowl_cabinet_L1_set_base.png,bowl_cabinet_L1_set,set the bowl on top of the cabinet,0,00,allmax,base,img512,10,8.680334761561585e-05,0.6082523936621446,13,2,0.6284377497276512,0,▁bowl;▁top;▁cabinet,set
group_bowl_cabinet,group_bowl_cabinet/t000_L00_allsum_bowl_cabinet_L1_set_base.png,bowl_cabinet_L1_set,set the bowl on top of the cabinet,0,00,allsum,base,img512,10,0.0002062254441860804,2.9363729516197807,13,2,2.9800120758774717,0,▁bowl;▁top;▁cabinet,set
group_bowl_cabinet,group_bowl_cabinet/t000_L00_noun_bowl_cabinet_L1_set_base.png,bowl_cabinet_L1_set,set the bowl on top of the cabinet,0,00,noun,base,img512,10,8.501747597690053e-06,1.1929292457486513,13,2,1.202967800004119,0,▁bowl;▁top;▁cabinet,set
group_bowl_cabinet,group_bowl_cabinet/t000_L00_verb_bowl_cabinet_L1_set_base.png,bowl_cabinet_L1_set,set the bowl on top of the cabinet,0,00,verb,base,img512,10,1.4349554623067746e-06,0.6082523936621446,13,1,0.6103100878659938,1,▁bowl;▁top;▁cabinet,set
group_bowl_cabinet,group_bowl_cabinet/t000_L00_func_bowl_cabinet_L1_set_base.png,bowl_cabinet_L1_set,set the bowl on top of the cabinet,0,00,func,base,img512,10,0.00014379516456650582,1.1351913122089852,13,1,1.1668297788663204,1,▁bowl;▁top;▁cabinet,set
group_bowl_cabinet,group_bowl_cabinet/t000_L01_allmax_bowl_cabinet_L1_set_base.png,bowl_cabinet_L1_set,set the bowl on top of the cabinet,0,01,allmax,base,img512,10,3.806455612860926e-05,0.07312249565469024,2,6,0.16922328394271416,0,▁bowl;▁top;▁cabinet,set
group_bowl_cabinet,group_bowl_cabinet/t000_L01_allsum_bowl_cabinet_L1_set_base.png,bowl_cabinet_L1_set,set the bowl on top of the cabinet,0,01,allsum,base,img512,10,0.00017338333600541825,0.21465506656637245,2,6,0.5616835769543843,0,▁bowl;▁top;▁cabinet,set
group_bowl_cabinet,group_bowl_cabinet/t000_L01_noun_bowl_cabinet_L1_set_base.png,bowl_cabinet_L1_set,set the bowl on top of the cabinet,0,01,noun,base,img512,10,2.5149365010345953e-05,0.040723801247683676,1,6,0.09375713682316714,1,▁bowl;▁top;▁cabinet,set
group_bowl_cabinet,group_bowl_cabinet/t000_L01_verb_bowl_cabinet_L1_set_base.png,bowl_cabinet_L1_set,set the bowl on top of the cabinet,0,01,verb,base,img512,10,6.7977358843586205e-06,0.013075146508147333,2,6,0.03570236555943406,0,▁bowl;▁top;▁cabinet,set
group_bowl_cabinet,group_bowl_cabinet/t000_L01_func_bowl_cabinet_L1_set_base.png,bowl_cabinet_L1_set,set the bowl on top of the cabinet,0,01,func,base,img512,10,0.00014143623511071369,0.16085611881054146,2,6,0.43357746117098106,0,▁bowl;▁top;▁cabinet,set
group_bowl_cabinet,group_bowl_cabinet/t000_L02_allmax_bowl_cabinet_L1_set_base.png,bowl_cabinet_L1_set,set the bowl on top of the cabinet,0,02,allmax,base,img512,10,4.732203467956251e-05,0.0526770755658581,13,2,0.08703768689947217,0,▁bowl;▁top;▁cabinet,set
group_bowl_cabinet,group_bowl_cabinet/t000_L02_allsum_bowl_cabinet_L1_set_base.png,bowl_cabinet_L1_set,set the bowl on top of the cabinet,0,02,allsum,base,img512,10,0.0002021995336825211,0.2085397894715572,13,2,0.38555283669089707,0,▁bowl;▁top;▁cabinet,set
group_bowl_cabinet,group_bowl_cabinet/t000_L02_noun_bowl_cabinet_L1_set_base.png,bowl_cabinet_L1_set,set the bowl on top of the cabinet,0,02,noun,base,img512,10,4.392526035515514e-05,0.04117723472152911,13,2,0.08491673017368298,0,▁bowl;▁top;▁cabinet,set
group_bowl_cabinet,group_bowl_cabinet/t000_L02_verb_bowl_cabinet_L1_set_base.png,bowl_cabinet_L1_set,set the bowl on top of the cabinet,0,02,verb,base,img512,10,5.92719980044227e-06,0.01421191321143797,13,2,0.02565243555840859,0,▁bowl;▁top;▁cabinet,set
group_bowl_cabinet,group_bowl_cabinet/t000_L02_func_bowl_cabinet_L1_set_base.png,bowl_cabinet_L1_set,set the bowl on top of the cabinet,0,02,func,base,img512,10,0.00014354200023086112,0.15315064153859015,13,2,0.27498367095880555,0,▁bowl;▁top;▁cabinet,set
group_bowl_cabinet,group_bowl_cabinet/t000_L03_allmax_bowl_cabinet_L1_set_base.png,bowl_cabinet_L1_set,set the bowl on top of the cabinet,0,03,allmax,base,img512,10,1.2931582447551602e-05,0.11904265053335011,7,9,0.393968845886193,0,▁bowl;▁top;▁cabinet,set
group_bowl_cabinet,group_bowl_cabinet/t000_L03_allsum_bowl_cabinet_L1_set_base.png,bowl_cabinet_L1_set,set the bowl on top of the cabinet,0,03,allsum,base,img512,10,4.792899281944347e-05,0.375520432000973,7,9,1.293179676573203,0,▁bowl;▁top;▁cabinet,set
group_bowl_cabinet,group_bowl_cabinet/t000_L03_noun_bowl_cabinet_L1_set_base.png,bowl_cabinet_L1_set,set the bowl on top of the cabinet,0,03,noun,base,img512,10,3.729987487444362e-06,0.21871179748693445,7,9,0.7251259084281197,0,▁bowl;▁top;▁cabinet,set
group_bowl_cabinet,group_bowl_cabinet/t000_L03_verb_bowl_cabinet_L1_set_base.png,bowl_cabinet_L1_set,set the bowl on top of the cabinet,0,03,verb,base,img512,10,5.367245568910578e-06,0.014938625533397613,8,8,0.05843907060526926,0,▁bowl;▁top;▁cabinet,set
group_bowl_cabinet,group_bowl_cabinet/t000_L03_func_bowl_cabinet_L1_set_base.png,bowl_cabinet_L1_set,set the bowl on top of the cabinet,0,03,func,base,img512,10,3.7286460517742655e-05,0.14187000898064098,7,9,0.5132916273330765,0,▁bowl;▁top;▁cabinet,set
group_bowl_cabinet,group_bowl_cabinet/t000_L04_allmax_bowl_cabinet_L1_set_base.png,bowl_cabinet_L1_set,set the bowl on top of the cabinet,0,04,allmax,base,img512,10,3.7984709276517735e-05,0.23266959788809136,7,13,0.5482642069979412,0,▁bowl;▁top;▁cabinet,set
group_bowl_cabinet,group_bowl_cabinet/t000_L04_allsum_bowl_cabinet_L1_set_base.png,bowl_cabinet_L1_set,set the bowl on top of the cabinet,0,04,allsum,base,img512,10,0.00016559752555125623,0.59501479319229,7,13,1.4417707332621583,0,▁bowl;▁top;▁cabinet,set
group_bowl_cabinet,group_bowl_cabinet/t000_L04_noun_bowl_cabinet_L1_set_base.png,bowl_cabinet_L1_set,set the bowl on top of the cabinet,0,04,noun,base,img512,10,3.0296602681615686e-05,0.3364593945788887,7,13,0.868101204929385,0,▁bowl;▁top;▁cabinet,set
group_bowl_cabinet,group_bowl_cabinet/t000_L04_verb_bowl_cabinet_L1_set_base.png,bowl_cabinet_L1_set,set the bowl on top of the cabinet,0,04,verb,base,img512,10,2.083511305810026e-05,0.0491886855646945,7,9,0.1337089065539341,0,▁bowl;▁top;▁cabinet,set
group_bowl_cabinet,group_bowl_cabinet/t000_L04_func_bowl_cabinet_L1_set_base.png,bowl_cabinet_L1_set,set the bowl on top of the cabinet,0,04,func,base,img512,10,0.00010285033701889331,0.25647921863731427,7,13,0.5603141797676334,0,▁bowl;▁top;▁cabinet,set
group_bowl_cabinet,group_bowl_cabinet/t000_L05_allmax_bowl_cabinet_L1_set_base.png,bowl_cabinet_L1_set,set the bowl on top of the cabinet,0,05,allmax,base,img512,10,1.3443531181766812e-05,0.23088436911878793,7,13,0.6335025632464109,0,▁bowl;▁top;▁cabinet,set
group_bowl_cabinet,group_bowl_cabinet/t000_L05_allsum_bowl_cabinet_L1_set_base.png,bowl_cabinet_L1_set,set the bowl on top of the cabinet,0,05,allsum,base,img512,10,5.398519755855203e-05,0.9626589248991247,7,13,2.7028756245491055,0,▁bowl;▁top;▁cabinet,set
group_bowl_cabinet,group_bowl_cabinet/t000_L05_noun_bowl_cabinet_L1_set_base.png,bowl_cabinet_L1_set,set the bowl on top of the cabinet,0,05,noun,base,img512,10,7.1232694403644556e-06,0.5183362896452632,7,13,1.1707916785618657,0,▁bowl;▁top;▁cabinet,set
group_bowl_cabinet,group_bowl_cabinet/t000_L05_verb_bowl_cabinet_L1_set_base.png,bowl_cabinet_L1_set,set the bowl on top of the cabinet,0,05,verb,base,img512,10,5.2678812558455645e-06,0.06029846976806031,7,9,0.14160119466293544,0,▁bowl;▁top;▁cabinet,set
group_bowl_cabinet,group_bowl_cabinet/t000_L05_func_bowl_cabinet_L1_set_base.png,bowl_cabinet_L1_set,set the bowl on top of the cabinet,0,05,func,base,img512,10,3.873301834096636e-05,0.4275832617600139,7,13,1.4594571498204123,0,▁bowl;▁top;▁cabinet,set
group_bowl_cabinet,group_bowl_cabinet/t000_L06_allmax_bowl_cabinet_L1_set_base.png,bowl_cabinet_L1_set,set the bowl on top of the cabinet,0,06,allmax,base,img512,10,1.295764141408999e-06,0.2122060390130481,7,9,0.4138624457139092,0,▁bowl;▁top;▁cabinet,set
group_bowl_cabinet,group_bowl_cabinet/t000_L06_allsum_bowl_cabinet_L1_set_base.png,bowl_cabinet_L1_set,set the bowl on top of the cabinet,0,06,allsum,base,img512,10,4.812754092819592e-06,1.0731511478444384,7,9,2.057617846229978,0,▁bowl;▁top;▁cabinet,set
group_bowl_cabinet,group_bowl_cabinet/t000_L06_noun_bowl_cabinet_L1_set_base.png,bowl_cabinet_L1_set,set the bowl on top of the cabinet,0,06,noun,base,img512,10,4.278906625386139e-07,0.44679906246837564,7,9,0.7985125591121365,0,▁bowl;▁top;▁cabinet,set
group_bowl_cabinet,group_bowl_cabinet/t000_L06_verb_bowl_cabinet_L1_set_base.png,bowl_cabinet_L1_set,set the bowl on top of the cabinet,0,06,verb,base,img512,10,9.585254693310132e-07,0.1567762240281512,7,9,0.34284528937747544,0,▁bowl;▁top;▁cabinet,set
group_bowl_cabinet,group_bowl_cabinet/t000_L06_func_bowl_cabinet_L1_set_base.png,bowl_cabinet_L1_set,set the bowl on top of the cabinet,0,06,func,base,img512,10,2.54204093517102e-06,0.4695758613479118,7,9,0.9162599977403663,0,▁bowl;▁top;▁cabinet,set
group_bowl_cabinet,group_bowl_cabinet/t000_L07_allmax_bowl_cabinet_L1_set_base.png,bowl_cabinet_L1_set,set the bowl on top of the cabinet,0,07,allmax,base,img512,10,1.3699667392382079e-05,0.047681676351502146,7,13,0.2375939030849952,0,▁bowl;▁top;▁cabinet,set
group_bowl_cabinet,group_bowl_cabinet/t000_L07_allsum_bowl_cabinet_L1_set_base.png,bowl_cabinet_L1_set,set the bowl on top of the cabinet,0,07,allsum,base,img512,10,4.467757219495684e-05,0.1411741516582052,7,8,0.44969628796255107,0,▁bowl;▁top;▁cabinet,set
group_bowl_cabinet,group_bowl_cabinet/t000_L07_noun_bowl_cabinet_L1_set_base.png,bowl_cabinet_L1_set,set the bowl on top of the cabinet,0,07,noun,base,img512,10,6.95288856580364e-06,0.05982293724011424,7,13,0.3141768680870667,0,▁bowl;▁top;▁cabinet,set
group_bowl_cabinet,group_bowl_cabinet/t000_L07_verb_bowl_cabinet_L1_set_base.png,bowl_cabinet_L1_set,set the bowl on top of the cabinet,0,07,verb,base,img512,10,4.8771727500618225e-06,0.009241280489390467,7,8,0.038326613670179886,0,▁bowl;▁top;▁cabinet,set
group_bowl_cabinet,group_bowl_cabinet/t000_L07_func_bowl_cabinet_L1_set_base.png,bowl_cabinet_L1_set,set the bowl on top of the cabinet,0,07,func,base,img512,10,2.30372599961992e-05,0.07210993392870052,7,8,0.21398536113071184,0,▁bowl;▁top;▁cabinet,set
group_bowl_cabinet,group_bowl_cabinet/t000_L08_allmax_bowl_cabinet_L1_set_base.png,bowl_cabinet_L1_set,set the bowl on top of the cabinet,0,08,allmax,base,img512,10,5.001838138464302e-05,0.1948637876973234,7,13,0.60389509931157,0,▁bowl;▁top;▁cabinet,set
group_bowl_cabinet,group_bowl_cabinet/t000_L08_allsum_bowl_cabinet_L1_set_base.png,bowl_cabinet_L1_set,set the bowl on top of the cabinet,0,08,allsum,base,img512,10,0.00011027333293209084,0.6326663115852486,7,13,1.756011937046483,0,▁bowl;▁top;▁cabinet,set
group_bowl_cabinet,group_bowl_cabinet/t000_L08_noun_bowl_cabinet_L1_set_base.png,bowl_cabinet_L1_set,set the bowl on top of the cabinet,0,08,noun,base,img512,10,7.977456879044804e-07,0.3840163413553385,7,13,1.06452529218985,0,▁bowl;▁top;▁cabinet,set
group_bowl_cabinet,group_bowl_cabinet/t000_L08_verb_bowl_cabinet_L1_set_base.png,bowl_cabinet_L1_set,set the bowl on top of the cabinet,0,08,verb,base,img512,10,1.525259169188117e-06,0.08711304208534244,7,8,0.30642620197706466,0,▁bowl;▁top;▁cabinet,set
group_bowl_cabinet,group_bowl_cabinet/t000_L08_func_bowl_cabinet_L1_set_base.png,bowl_cabinet_L1_set,set the bowl on top of the cabinet,0,08,func,base,img512,10,9.080852469035539e-05,0.3921958191061046,7,8,0.9839250613800663,0,▁bowl;▁top;▁cabinet,set
group_bowl_cabinet,group_bowl_cabinet/t000_L09_allmax_bowl_cabinet_L1_set_base.png,bowl_cabinet_L1_set,set the bowl on top of the cabinet,0,09,allmax,base,img512,10,3.4039332962794004e-06,0.040696121000927586,7,8,0.11353569997669181,0,▁bowl;▁top;▁cabinet,set
group_bowl_cabinet,group_bowl_cabinet/t000_L09_allsum_bowl_cabinet_L1_set_base.png,bowl_cabinet_L1_set,set the bowl on top of the cabinet,0,09,allsum,base,img512,10,8.68287343860344e-06,0.17081449545166053,7,8,0.30099092801438504,0,▁bowl;▁top;▁cabinet,set
group_bowl_cabinet,group_bowl_cabinet/t000_L09_noun_bowl_cabinet_L1_set_base.png,bowl_cabinet_L1_set,set the bowl on top of the cabinet,0,09,noun,base,img512,10,2.0916027706679284e-07,0.050932499562313466,13,2,0.06031151955311493,0,▁bowl;▁top;▁cabinet,set
group_bowl_cabinet,group_bowl_cabinet/t000_L09_verb_bowl_cabinet_L1_set_base.png,bowl_cabinet_L1_set,set the bowl on top of the cabinet,0,09,verb,base,img512,10,4.2108138475274426e-07,0.019255178809566675,7,8,0.043384433279686344,0,▁bowl;▁top;▁cabinet,set
group_bowl_cabinet,group_bowl_cabinet/t000_L09_func_bowl_cabinet_L1_set_base.png,bowl_cabinet_L1_set,set the bowl on top of the cabinet,0,09,func,base,img512,10,6.847994236261906e-06,0.10062681707978036,7,8,0.2062627718075669,0,▁bowl;▁top;▁cabinet,set
group_bowl_cabinet,group_bowl_cabinet/t000_L10_allmax_bowl_cabinet_L1_set_base.png,bowl_cabinet_L1_set,set the bowl on top of the cabinet,0,10,allmax,base,img512,10,7.809515533144811e-07,0.14887911045935845,8,8,0.5143280976248567,0,▁bowl;▁top;▁cabinet,set
group_bowl_cabinet,group_bowl_cabinet/t000_L10_allsum_bowl_cabinet_L1_set_base.png,bowl_cabinet_L1_set,set the bowl on top of the cabinet,0,10,allsum,base,img512,10,2.3626234516553503e-06,0.4761977542685484,8,8,1.4246326060750145,0,▁bowl;▁top;▁cabinet,set
group_bowl_cabinet,group_bowl_cabinet/t000_L10_noun_bowl_cabinet_L1_set_base.png,bowl_cabinet_L1_set,set the bowl on top of the cabinet,0,10,noun,base,img512,10,2.479352960656598e-07,0.18928500422673894,8,8,0.5545942413853762,0,▁bowl;▁top;▁cabinet,set
group_bowl_cabinet,group_bowl_cabinet/t000_L10_verb_bowl_cabinet_L1_set_base.png,bowl_cabinet_L1_set,set the bowl on top of the cabinet,0,10,verb,base,img512,10,1.7133837178589222e-07,0.04623853686354671,7,8,0.17407672595921067,0,▁bowl;▁top;▁cabinet,set
group_bowl_cabinet,group_bowl_cabinet/t000_L10_func_bowl_cabinet_L1_set_base.png,bowl_cabinet_L1_set,set the bowl on top of the cabinet,0,10,func,base,img512,10,1.5659901160181846e-06,0.3336066244191211,7,8,0.7933410904726148,0,▁bowl;▁top;▁cabinet,set
group_bowl_cabinet,group_bowl_cabinet/t000_L11_allmax_bowl_cabinet_L1_set_base.png,bowl_cabinet_L1_set,set the bowl on top of the cabinet,0,11,allmax,base,img512,10,1.2794712117195048e-07,0.2840245820450911,7,8,0.7166066233670209,0,▁bowl;▁top;▁cabinet,set
group_bowl_cabinet,group_bowl_cabinet/t000_L11_allsum_bowl_cabinet_L1_set_base.png,bowl_cabinet_L1_set,set the bowl on top of the cabinet,0,11,allsum,base,img512,10,3.851571524494818e-07,0.816732790156337,7,8,2.1005244051089993,0,▁bowl;▁top;▁cabinet,set
group_bowl_cabinet,group_bowl_cabinet/t000_L11_noun_bowl_cabinet_L1_set_base.png,bowl_cabinet_L1_set,set the bowl on top of the cabinet,0,11,noun,base,img512,10,8.38403508332499e-08,0.3336504720678512,7,8,0.8674961336715258,0,▁bowl;▁top;▁cabinet,set
group_bowl_cabinet,group_bowl_cabinet/t000_L11_verb_bowl_cabinet_L1_set_base.png,bowl_cabinet_L1_set,set the bowl on top of the cabinet,0,11,verb,base,img512,10,5.306107369697479e-08,0.030371271822326382,7,8,0.04319352360605206,0,▁bowl;▁top;▁cabinet,set
group_bowl_cabinet,group_bowl_cabinet/t000_L11_func_bowl_cabinet_L1_set_base.png,bowl_cabinet_L1_set,set the bowl on top of the cabinet,0,11,func,base,img512,10,1.8619176390211713e-07,0.5185943366273635,7,8,1.189834747831422,0,▁bowl;▁top;▁cabinet,set
group_bowl_cabinet,group_bowl_cabinet/t000_L12_allmax_bowl_cabinet_L1_set_base.png,bowl_cabinet_L1_set,set the bowl on top of the cabinet,0,12,allmax,base,img512,10,5.339492781686516e-09,0.2444554049247378,9,7,0.8787048497533199,0,▁bowl;▁top;▁cabinet,set
group_bowl_cabinet,group_bowl_cabinet/t000_L12_allsum_bowl_cabinet_L1_set_base.png,bowl_cabinet_L1_set,set the bowl on top of the cabinet,0,12,allsum,base,img512,10,1.6002596928954107e-08,0.7906481158774005,9,7,3.3686176287543184,0,▁bowl;▁top;▁cabinet,set
group_bowl_cabinet,group_bowl_cabinet/t000_L12_noun_bowl_cabinet_L1_set_base.png,bowl_cabinet_L1_set,set the bowl on top of the cabinet,0,12,noun,base,img512,10,4.245662287882746e-09,0.2968392212765351,9,7,1.07202259841351,0,▁bowl;▁top;▁cabinet,set
group_bowl_cabinet,group_bowl_cabinet/t000_L12_verb_bowl_cabinet_L1_set_base.png,bowl_cabinet_L1_set,set the bowl on top of the cabinet,0,12,verb,base,img512,10,1.457811595014906e-09,0.03979884154530775,9,7,0.1752800813100473,0,▁bowl;▁top;▁cabinet,set
group_bowl_cabinet,group_bowl_cabinet/t000_L12_func_bowl_cabinet_L1_set_base.png,bowl_cabinet_L1_set,set the bowl on top of the cabinet,0,12,func,base,img512,10,4.278879466392454e-09,0.5377208988993845,9,7,2.1213149490307606,0,▁bowl;▁top;▁cabinet,set
group_bowl_cabinet,group_bowl_cabinet/t000_L13_allmax_bowl_cabinet_L1_set_base.png,bowl_cabinet_L1_set,set the bowl on top of the cabinet,0,13,allmax,base,img512,10,2.097086885793365e-07,0.3634639335854928,1,1,0.4374135082602967,1,▁bowl;▁top;▁cabinet,set
group_bowl_cabinet,group_bowl_cabinet/t000_L13_allsum_bowl_cabinet_L1_set_base.png,bowl_cabinet_L1_set,set the bowl on top of the cabinet,0,13,allsum,base,img512,10,7.198730911626041e-07,1.436853071517884,1,1,1.71135729485233,1,▁bowl;▁top;▁cabinet,set
group_bowl_cabinet,group_bowl_cabinet/t000_L13_noun_bowl_cabinet_L1_set_base.png,bowl_cabinet_L1_set,set the bowl on top of the cabinet,0,13,noun,base,img512,10,1.7361550494578633e-07,0.6541258809674864,1,1,0.7506026614304458,1,▁bowl;▁top;▁cabinet,set
group_bowl_cabinet,group_bowl_cabinet/t000_L13_verb_bowl_cabinet_L1_set_base.png,bowl_cabinet_L1_set,set the bowl on top of the cabinet,0,13,verb,base,img512,10,1.6295587762351831e-07,0.03543579655271702,8,8,0.06907972070598316,0,▁bowl;▁top;▁cabinet,set
group_bowl_cabinet,group_bowl_cabinet/t000_L13_func_bowl_cabinet_L1_set_base.png,bowl_cabinet_L1_set,set the bowl on top of the cabinet,0,13,func,base,img512,10,3.1801278462457855e-07,0.7721196731276068,1,1,0.9367343169860375,1,▁bowl;▁top;▁cabinet,set
group_bowl_cabinet,group_bowl_cabinet/t000_L14_allmax_bowl_cabinet_L1_set_base.png,bowl_cabinet_L1_set,set the bowl on top of the cabinet,0,14,allmax,base,img512,10,1.4930944234995426e-08,0.12504434539093123,7,8,0.29820190526151796,0,▁bowl;▁top;▁cabinet,set
group_bowl_cabinet,group_bowl_cabinet/t000_L14_allsum_bowl_cabinet_L1_set_base.png,bowl_cabinet_L1_set,set the bowl on top of the cabinet,0,14,allsum,base,img512,10,1.7778376578053237e-08,0.55382941464531,7,8,1.1927383950702348,0,▁bowl;▁top;▁cabinet,set
group_bowl_cabinet,group_bowl_cabinet/t000_L14_noun_bowl_cabinet_L1_set_base.png,bowl_cabinet_L1_set,set the bowl on top of the cabinet,0,14,noun,base,img512,10,1.597573153450296e-10,0.16774663206649942,7,8,0.35341957503238564,0,▁bowl;▁top;▁cabinet,set
group_bowl_cabinet,group_bowl_cabinet/t000_L14_verb_bowl_cabinet_L1_set_base.png,bowl_cabinet_L1_set,set the bowl on top of the cabinet,0,14,verb,base,img512,10,6.197377378309362e-10,0.060925438845771444,13,2,0.07317110227519408,0,▁bowl;▁top;▁cabinet,set
group_bowl_cabinet,group_bowl_cabinet/t000_L14_func_bowl_cabinet_L1_set_base.png,bowl_cabinet_L1_set,set the bowl on top of the cabinet,0,14,func,base,img512,10,1.6998881524877274e-08,0.35907175159485916,7,8,0.7705794757105559,0,▁bowl;▁top;▁cabinet,set
group_bowl_cabinet,group_bowl_cabinet/t000_L15_allmax_bowl_cabinet_L1_set_base.png,bowl_cabinet_L1_set,set the bowl on top of the cabinet,0,15,allmax,base,img512,10,4.5513801047558775e-09,0.043502652967119464,7,8,0.11315070290585713,0,▁bowl;▁top;▁cabinet,set
group_bowl_cabinet,group_bowl_cabinet/t000_L15_allsum_bowl_cabinet_L1_set_base.png,bowl_cabinet_L1_set,set the bowl on top of the cabinet,0,15,allsum,base,img512,10,8.785392863262227e-09,0.20744309608397166,7,8,0.510975411880063,0,▁bowl;▁top;▁cabinet,set
group_bowl_cabinet,group_bowl_cabinet/t000_L15_noun_bowl_cabinet_L1_set_base.png,bowl_cabinet_L1_set,set the bowl on top of the cabinet,0,15,noun,base,img512,10,3.170699519732048e-09,0.06933544920980575,13,2,0.08412544806995635,0,▁bowl;▁top;▁cabinet,set
group_bowl_cabinet,group_bowl_cabinet/t000_L15_verb_bowl_cabinet_L1_set_base.png,bowl_cabinet_L1_set,set the bowl on top of the cabinet,0,15,verb,base,img512,10,4.2545919332417225e-11,0.01721008217386772,8,8,0.040976152208462575,0,▁bowl;▁top;▁cabinet,set
group_bowl_cabinet,group_bowl_cabinet/t000_L15_func_bowl_cabinet_L1_set_base.png,bowl_cabinet_L1_set,set the bowl on top of the cabinet,0,15,func,base,img512,10,2.242883892870369e-09,0.15735820425745412,7,8,0.38906044654429345,0,▁bowl;▁top;▁cabinet,set
group_bowl_cabinet,group_bowl_cabinet/t000_L16_allmax_bowl_cabinet_L1_set_base.png,bowl_cabinet_L1_set,set the bowl on top of the cabinet,0,16,allmax,base,img512,10,4.743426008136768e-08,0.09031445387406864,3,7,0.21803661551323522,0,▁bowl;▁top;▁cabinet,set
group_bowl_cabinet,group_bowl_cabinet/t000_L16_allsum_bowl_cabinet_L1_set_base.png,bowl_cabinet_L1_set,set the bowl on top of the cabinet,0,16,allsum,base,img512,10,8.805329056480699e-08,0.2508297454545575,3,7,0.7964570159918035,0,▁bowl;▁top;▁cabinet,set
group_bowl_cabinet,group_bowl_cabinet/t000_L16_noun_bowl_cabinet_L1_set_base.png,bowl_cabinet_L1_set,set the bowl on top of the cabinet,0,16,noun,base,img512,10,2.4292960564074033e-09,0.09843637022241752,3,7,0.1907198345905568,0,▁bowl;▁top;▁cabinet,set
group_bowl_cabinet,group_bowl_cabinet/t000_L16_verb_bowl_cabinet_L1_set_base.png,bowl_cabinet_L1_set,set the bowl on top of the cabinet,0,16,verb,base,img512,10,2.0256622570804726e-10,0.0227054835958997,3,7,0.04584730187248551,0,▁bowl;▁top;▁cabinet,set
group_bowl_cabinet,group_bowl_cabinet/t000_L16_func_bowl_cabinet_L1_set_base.png,bowl_cabinet_L1_set,set the bowl on top of the cabinet,0,16,func,base,img512,10,7.931673509633856e-08,0.21800377471977717,3,7,0.5598898795287613,0,▁bowl;▁top;▁cabinet,set
group_bowl_cabinet,group_bowl_cabinet/t000_L17_allmax_bowl_cabinet_L1_set_base.png,bowl_cabinet_L1_set,set the bowl on top of the cabinet,0,17,allmax,base,img512,10,2.123151591870831e-05,0.18485254621856137,14,2,0.20798521379900617,1,▁bowl;▁top;▁cabinet,set
group_bowl_cabinet,group_bowl_cabinet/t000_L17_allsum_bowl_cabinet_L1_set_base.png,bowl_cabinet_L1_set,set the bowl on top of the cabinet,0,17,allsum,base,img512,10,2.1231582108989894e-05,0.6139076700084148,14,2,0.6961844209769809,1,▁bowl;▁top;▁cabinet,set
group_bowl_cabinet,group_bowl_cabinet/t000_L17_noun_bowl_cabinet_L1_set_base.png,bowl_cabinet_L1_set,set the bowl on top of the cabinet,0,17,noun,base,img512,10,3.240094810775689e-17,0.14745501786783322,14,2,0.16942788307946532,1,▁bowl;▁top;▁cabinet,set
group_bowl_cabinet,group_bowl_cabinet/t000_L17_verb_bowl_cabinet_L1_set_base.png,bowl_cabinet_L1_set,set the bowl on top of the cabinet,0,17,verb,base,img512,10,6.630830255404004e-16,0.06949743672111128,14,2,0.07690081198018228,1,▁bowl;▁top;▁cabinet,set
group_bowl_cabinet,group_bowl_cabinet/t000_L17_func_bowl_cabinet_L1_set_base.png,bowl_cabinet_L1_set,set the bowl on top of the cabinet,0,17,func,base,img512,10,2.1231518875440712e-05,0.3969552154194703,14,2,0.44985572591733325,1,▁bowl;▁top;▁cabinet,set
group_bowl_cabinet,group_bowl_cabinet/t000_Lrollout_allmax_bowl_cabinet_L1_set_base.png,bowl_cabinet_L1_set,set the bowl on top of the cabinet,0,rollout,allmax,base,img512,10,7.250556631594939e-05,0.03068715283159914,7,9,0.06431993195922328,0,▁bowl;▁top;▁cabinet,set
group_bowl_cabinet,group_bowl_cabinet/t000_Lrollout_allsum_bowl_cabinet_L1_set_base.png,bowl_cabinet_L1_set,set the bowl on top of the cabinet,0,rollout,allsum,base,img512,10,0.0007215637739598026,0.30567776665537394,7,9,0.6402008624495061,0,▁bowl;▁top;▁cabinet,set
group_bowl_cabinet,group_bowl_cabinet/t000_Lrollout_noun_bowl_cabinet_L1_set_base.png,bowl_cabinet_L1_set,set the bowl on top of the cabinet,0,rollout,noun,base,img512,10,0.00021631655547336593,0.09167556147460926,7,9,0.19227871109993933,0,▁bowl;▁top;▁cabinet,set
group_bowl_cabinet,group_bowl_cabinet/t000_Lrollout_verb_bowl_cabinet_L1_set_base.png,bowl_cabinet_L1_set,set the bowl on top of the cabinet,0,rollout,verb,base,img512,10,7.222616388531662e-05,0.03068715283159914,7,9,0.06349515107046483,0,▁bowl;▁top;▁cabinet,set
group_bowl_cabinet,group_bowl_cabinet/t000_Lrollout_func_bowl_cabinet_L1_set_base.png,bowl_cabinet_L1_set,set the bowl on top of the cabinet,0,rollout,func,base,img512,10,0.0004330210546011201,0.18331505234916556,7,9,0.384427000279102,0,▁bowl;▁top;▁cabinet,set
group_bowl_cabinet,group_bowl_cabinet/t000_L00_allmax_bowl_cabinet_L1_move_base.png,bowl_cabinet_L1_move,move the bowl on top of the cabinet,0,00,allmax,base,img512,10,8.680151192682616e-05,0.4577864917298553,13,2,0.4756808123364224,0,▁bowl;▁top;▁cabinet,move
group_bowl_cabinet,group_bowl_cabinet/t000_L00_allsum_bowl_cabinet_L1_move_base.png,bowl_cabinet_L1_move,move the bowl on top of the cabinet,0,00,allsum,base,img512,10,0.0001876251168776009,2.514833162094854,13,1,2.560371733160472,1,▁bowl;▁top;▁cabinet,move
group_bowl_cabinet,group_bowl_cabinet/t000_L00_noun_bowl_cabinet_L1_move_base.png,bowl_cabinet_L1_move,move the bowl on top of the cabinet,0,00,noun,base,img512,10,8.511297362023158e-06,1.192784405780921,13,2,1.202834502537677,0,▁bowl;▁top;▁cabinet,move
group_bowl_cabinet,group_bowl_cabinet/t000_L00_verb_bowl_cabinet_L1_move_base.png,bowl_cabinet_L1_move,move the bowl on top of the cabinet,0,00,verb,base,img512,10,3.8421276282215125e-08,0.18610421840320687,11,2,0.19252429773901095,0,▁bowl;▁top;▁cabinet,move
group_bowl_cabinet,group_bowl_cabinet/t000_L00_func_bowl_cabinet_L1_move_base.png,bowl_cabinet_L1_move,move the bowl on top of the cabinet,0,00,func,base,img512,10,0.00014375628953263708,1.135944537910726,13,1,1.1675930000626813,1,▁bowl;▁top;▁cabinet,move
group_bowl_cabinet,group_bowl_cabinet/t000_L01_allmax_bowl_cabinet_L1_move_base.png,bowl_cabinet_L1_move,move the bowl on top of the cabinet,0,01,allmax,base,img512,10,3.863376848360902e-05,0.07333565469103613,2,6,0.17049880108972,0,▁bowl;▁top;▁cabinet,move
group_bowl_cabinet,group_bowl_cabinet/t000_L01_allsum_bowl_cabinet_L1_move_base.png,bowl_cabinet_L1_move,move the bowl on top of the cabinet,0,01,allsum,base,img512,10,0.0001669430002168171,0.2122211227729493,2,6,0.564417683532438,0,▁bowl;▁top;▁cabinet,move
group_bowl_cabinet,group_bowl_cabinet/t000_L01_noun_bowl_cabinet_L1_move_base.png,bowl_cabinet_L1_move,move the bowl on top of the cabinet,0,01,noun,base,img512,10,2.5084960598882033e-05,0.04069938824608736,1,6,0.09368801241139522,1,▁bowl;▁top;▁cabinet,move
group_bowl_cabinet,group_bowl_cabinet/t000_L01_verb_bowl_cabinet_L1_move_base.png,bowl_cabinet_L1_move,move the bowl on top of the cabinet,0,01,verb,base,img512,10,2.540965099497794e-06,0.012265528989319999,1,6,0.0433690298264554,1,▁bowl;▁top;▁cabinet,move
group_bowl_cabinet,group_bowl_cabinet/t000_L01_func_bowl_cabinet_L1_move_base.png,bowl_cabinet_L1_move,move the bowl on top of the cabinet,0,01,func,base,img512,10,0.0001392349400050792,0.15925620553754194,2,6,0.43114608316195197,0,▁bowl;▁top;▁cabinet,move
group_bowl_cabinet,group_bowl_cabinet/t000_L02_allmax_bowl_cabinet_L1_move_base.png,bowl_cabinet_L1_move,move the bowl on top of the cabinet,0,02,allmax,base,img512,10,4.584982043005045e-05,0.05384923551273075,13,2,0.08795413636508076,0,▁bowl;▁top;▁cabinet,move
group_bowl_cabinet,group_bowl_cabinet/t000_L02_allsum_bowl_cabinet_L1_move_base.png,bowl_cabinet_L1_move,move the bowl on top of the cabinet,0,02,allsum,base,img512,10,0.00020863451591050764,0.20194307745884327,13,2,0.3766609148381454,0,▁bowl;▁top;▁cabinet,move
group_bowl_cabinet,group_bowl_cabinet/t000_L02_noun_bowl_cabinet_L1_move_base.png,bowl_cabinet_L1_move,move the bowl on top of the cabinet,0,02,noun,base,img512,10,4.6643883414255946e-05,0.042525856705349536,13,2,0.08717355411059118,0,▁bowl;▁top;▁cabinet,move
group_bowl_cabinet,group_bowl_cabinet/t000_L02_verb_bowl_cabinet_L1_move_base.png,bowl_cabinet_L1_move,move the bowl on top of the cabinet,0,02,verb,base,img512,10,8.361412942162649e-06,0.008488490222441986,7,9,0.018779490521474294,0,▁bowl;▁top;▁cabinet,move
group_bowl_cabinet,group_bowl_cabinet/t000_L02_func_bowl_cabinet_L1_move_base.png,bowl_cabinet_L1_move,move the bowl on top of the cabinet,0,02,func,base,img512,10,0.00013992105140313635,0.1518634327624834,13,2,0.2734341352150895,0,▁bowl;▁top;▁cabinet,move
group_bowl_cabinet,group_bowl_cabinet/t000_L03_allmax_bowl_cabinet_L1_move_base.png,bowl_cabinet_L1_move,move the bowl on top of the cabinet,0,03,allmax,base,img512,10,1.2811593200092904e-05,0.12054495097258582,7,9,0.39253439195108575,0,▁bowl;▁top;▁cabinet,move
group_bowl_cabinet,group_bowl_cabinet/t000_L03_allsum_bowl_cabinet_L1_move_base.png,bowl_cabinet_L1_move,move the bowl on top of the cabinet,0,03,allsum,base,img512,10,4.366036432837582e-05,0.3667553346527767,7,9,1.2303226094490534,0,▁bowl;▁top;▁cabinet,move
group_bowl_cabinet,group_bowl_cabinet/t000_L03_noun_bowl_cabinet_L1_move_base.png,bowl_cabinet_L1_move,move the bowl on top of the cabinet,0,03,noun,base,img512,10,4.094301205522706e-06,0.22360575600461002,7,9,0.7166666864167718,0,▁bowl;▁top;▁cabinet,move
group_bowl_cabinet,group_bowl_cabinet/t000_L03_verb_bowl_cabinet_L1_move_base.png,bowl_cabinet_L1_move,move the bowl on top of the cabinet,0,03,verb,base,img512,10,1.690805903297042e-06,0.023901494051211367,7,9,0.05822389710858763,0,▁bowl;▁top;▁cabinet,move
group_bowl_cabinet,group_bowl_cabinet/t000_L03_func_bowl_cabinet_L1_move_base.png,bowl_cabinet_L1_move,move the bowl on top of the cabinet,0,03,func,base,img512,10,3.655170279364773e-05,0.12855543373609546,7,9,0.4554320259236937,0,▁bowl;▁top;▁cabinet,move
group_bowl_cabinet,group_bowl_cabinet/t000_L04_allmax_bowl_cabinet_L1_move_base.png,bowl_cabinet_L1_move,move the bowl on top of the cabinet,0,04,allmax,base,img512,10,3.76127843761174e-05,0.2384173443224979,7,13,0.551353714916367,0,▁bowl;▁top;▁cabinet,move
group_bowl_cabinet,group_bowl_cabinet/t000_L04_allsum_bowl_cabinet_L1_move_base.png,bowl_cabinet_L1_move,move the bowl on top of the cabinet,0,04,allsum,base,img512,10,0.0001600703423175362,0.5858757614427467,7,13,1.4294518068177273,0,▁bowl;▁top;▁cabinet,move
group_bowl_cabinet,group_bowl_cabinet/t000_L04_noun_bowl_cabinet_L1_move_base.png,bowl_cabinet_L1_move,move the bowl on top of the cabinet,0,04,noun,base,img512,10,2.986987519630702e-05,0.33508728102817553,7,13,0.8707024263234527,0,▁bowl;▁top;▁cabinet,move
group_bowl_cabinet,group_bowl_cabinet/t000_L04_verb_bowl_cabinet_L1_move_base.png,bowl_cabinet_L1_move,move the bowl on top of the cabinet,0,04,verb,base,img512,10,1.502638895589716e-05,0.040840274162630676,7,9,0.13886786624118938,0,▁bowl;▁top;▁cabinet,move
group_bowl_cabinet,group_bowl_cabinet/t000_L04_func_bowl_cabinet_L1_move_base.png,bowl_cabinet_L1_move,move the bowl on top of the cabinet,0,04,func,base,img512,10,0.00010220536967087279,0.24703197896417006,7,8,0.5809267081364659,0,▁bowl;▁top;▁cabinet,move
group_bowl_cabinet,group_bowl_cabinet/t000_L05_allmax_bowl_cabinet_L1_move_base.png,bowl_cabinet_L1_move,move the bowl on top of the cabinet,0,05,allmax,base,img512,10,1.0706971227515847e-05,0.22035246241728967,7,13,0.6166300134311575,0,▁bowl;▁top;▁cabinet,move
group_bowl_cabinet,group_bowl_cabinet/t000_L05_allsum_bowl_cabinet_L1_move_base.png,bowl_cabinet_L1_move,move the bowl on top of the cabinet,0,05,allsum,base,img512,10,5.1221953261936153e-05,0.9565470856412481,7,13,2.8146840231240677,0,▁bowl;▁top;▁cabinet,move
group_bowl_cabinet,group_bowl_cabinet/t000_L05_noun_bowl_cabinet_L1_move_base.png,bowl_cabinet_L1_move,move the bowl on top of the cabinet,0,05,noun,base,img512,10,7.963840178872516e-06,0.5037887548047473,7,13,1.1264978265578696,0,▁bowl;▁top;▁cabinet,move
group_bowl_cabinet,group_bowl_cabinet/t000_L05_verb_bowl_cabinet_L1_move_base.png,bowl_cabinet_L1_move,move the bowl on top of the cabinet,0,05,verb,base,img512,10,2.3600330143012193e-06,0.072404677174163,7,13,0.22017085787382562,0,▁bowl;▁top;▁cabinet,move
group_bowl_cabinet,group_bowl_cabinet/t000_L05_func_bowl_cabinet_L1_move_base.png,bowl_cabinet_L1_move,move the bowl on top of the cabinet,0,05,func,base,img512,10,3.915804718423277e-05,0.39701960907971795,7,13,1.4680153386923727,0,▁bowl;▁top;▁cabinet,move
group_bowl_cabinet,group_bowl_cabinet/t000_L06_allmax_bowl_cabinet_L1_move_base.png,bowl_cabinet_L1_move,move the bowl on top of the cabinet,0,06,allmax,base,img512,10,7.373508098266189e-07,0.19667315283765308,7,9,0.360369912046257,0,▁bowl;▁top;▁cabinet,move
group_bowl_cabinet,group_bowl_cabinet/t000_L06_allsum_bowl_cabinet_L1_move_base.png,bowl_cabinet_L1_move,move the bowl on top of the cabinet,0,06,allsum,base,img512,10,3.845149299878228e-06,0.8729137741509181,7,9,1.6935693159662253,0,▁bowl;▁top;▁cabinet,move
group_bowl_cabinet,group_bowl_cabinet/t000_L06_noun_bowl_cabinet_L1_move_base.png,bowl_cabinet_L1_move,move the bowl on top of the cabinet,0,06,noun,base,img512,10,4.769489124486412e-07,0.42778111949819553,7,9,0.7848747591699226,0,▁bowl;▁top;▁cabinet,move
group_bowl_cabinet,group_bowl_cabinet/t000_L06_verb_bowl_cabinet_L1_move_base.png,bowl_cabinet_L1_move,move the bowl on top of the cabinet,0,06,verb,base,img512,10,2.2864432425475824e-07,0.07916113037190634,7,9,0.15685391559127915,0,▁bowl;▁top;▁cabinet,move
group_bowl_cabinet,group_bowl_cabinet/t000_L06_func_bowl_cabinet_L1_move_base.png,bowl_cabinet_L1_move,move the bowl on top of the cabinet,0,06,func,base,img512,10,2.485205015708246e-06,0.36597152428081625,7,9,0.7518406412050237,0,▁bowl;▁top;▁cabinet,move
group_bowl_cabinet,group_bowl_cabinet/t000_L07_allmax_bowl_cabinet_L1_move_base.png,bowl_cabinet_L1_move,move the bowl on top of the cabinet,0,07,allmax,base,img512,10,1.3400306752865407e-05,0.050477231455371044,7,13,0.2486582327509007,0,▁bowl;▁top;▁cabinet,move
group_bowl_cabinet,group_bowl_cabinet/t000_L07_allsum_bowl_cabinet_L1_move_base.png,bowl_cabinet_L1_move,move the bowl on top of the cabinet,0,07,allsum,base,img512,10,3.605557554221252e-05,0.15828146138885865,7,8,0.4747192902835817,0,▁bowl;▁top;▁cabinet,move
group_bowl_cabinet,group_bowl_cabinet/t000_L07_noun_bowl_cabinet_L1_move_base.png,bowl_cabinet_L1_move,move the bowl on top of the cabinet,0,07,noun,base,img512,10,7.1381883352253415e-06,0.0748592008471683,7,13,0.35766517613839677,0,▁bowl;▁top;▁cabinet,move
group_bowl_cabinet,group_bowl_cabinet/t000_L07_verb_bowl_cabinet_L1_move_base.png,bowl_cabinet_L1_move,move the bowl on top of the cabinet,0,07,verb,base,img512,10,2.16474006642452e-06,0.019564742621793318,7,8,0.048054241224873166,0,▁bowl;▁top;▁cabinet,move
group_bowl_cabinet,group_bowl_cabinet/t000_L07_func_bowl_cabinet_L1_move_base.png,bowl_cabinet_L1_move,move the bowl on top of the cabinet,0,07,func,base,img512,10,2.492163941595851e-05,0.06385751791989702,7,8,0.19569756476877495,0,▁bowl;▁top;▁cabinet,move
group_bowl_cabinet,group_bowl_cabinet/t000_L08_allmax_bowl_cabinet_L1_move_base.png,bowl_cabinet_L1_move,move the bowl on top of the cabinet,0,08,allmax,base,img512,10,4.555134673056008e-05,0.19989473363746946,7,13,0.604172320223526,0,▁bowl;▁top;▁cabinet,move
group_bowl_cabinet,group_bowl_cabinet/t000_L08_allsum_bowl_cabinet_L1_move_base.png,bowl_cabinet_L1_move,move the bowl on top of the cabinet,0,08,allsum,base,img512,10,0.00011378143300112786,0.577286608408152,7,13,1.7969352534188257,0,▁bowl;▁top;▁cabinet,move
group_bowl_cabinet,group_bowl_cabinet/t000_L08_noun_bowl_cabinet_L1_move_base.png,bowl_cabinet_L1_move,move the bowl on top of the cabinet,0,08,noun,base,img512,10,6.472549458404408e-07,0.36985915233423394,7,13,1.0569749711191467,0,▁bowl;▁top;▁cabinet,move
group_bowl_cabinet,group_bowl_cabinet/t000_L08_verb_bowl_cabinet_L1_move_base.png,bowl_cabinet_L1_move,move the bowl on top of the cabinet,0,08,verb,base,img512,10,8.835851755005396e-07,0.026590500257760788,7,9,0.07996246337450963,0,▁bowl;▁top;▁cabinet,move
group_bowl_cabinet,group_bowl_cabinet/t000_L08_func_bowl_cabinet_L1_move_base.png,bowl_cabinet_L1_move,move the bowl on top of the cabinet,0,08,func,base,img512,10,9.827837878307294e-05,0.30133765743284896,8,8,0.7966365423960046,0,▁bowl;▁top;▁cabinet,move
group_bowl_cabinet,group_bowl_cabinet/t000_L09_allmax_bowl_cabinet_L1_move_base.png,bowl_cabinet_L1_move,move the bowl on top of the cabinet,0,09,allmax,base,img512,10,3.4306995950503887e-06,0.042485699150590424,7,8,0.11310262544709097,0,▁bowl;▁top;▁cabinet,move
group_bowl_cabinet,group_bowl_cabinet/t000_L09_allsum_bowl_cabinet_L1_move_base.png,bowl_cabinet_L1_move,move the bowl on top of the cabinet,0,09,allsum,base,img512,10,7.766745819985526e-06,0.13394266160999127,7,8,0.27416804143773693,0,▁bowl;▁top;▁cabinet,move
group_bowl_cabinet,group_bowl_cabinet/t000_L09_noun_bowl_cabinet_L1_move_base.png,bowl_cabinet_L1_move,move the bowl on top of the cabinet,0,09,noun,base,img512,10,3.864837707842201e-07,0.04158226940690134,8,8,0.06688803490886941,0,▁bowl;▁top;▁cabinet,move
group_bowl_cabinet,group_bowl_cabinet/t000_L09_verb_bowl_cabinet_L1_move_base.png,bowl_cabinet_L1_move,move the bowl on top of the cabinet,0,09,verb,base,img512,10,1.3679976221734e-07,0.006400943878263295,7,8,0.021994704808272147,0,▁bowl;▁top;▁cabinet,move
group_bowl_cabinet,group_bowl_cabinet/t000_L09_func_bowl_cabinet_L1_move_base.png,bowl_cabinet_L1_move,move the bowl on top of the cabinet,0,09,func,base,img512,10,6.8058786200069875e-06,0.08652850503351957,7,8,0.19489524649548987,0,▁bowl;▁top;▁cabinet,move
group_bowl_cabinet,group_bowl_cabinet/t000_L10_allmax_bowl_cabinet_L1_move_base.png,bowl_cabinet_L1_move,move the bowl on top of the cabinet,0,10,allmax,base,img512,10,6.31243804858353e-07,0.15462719049560614,8,8,0.6163966026192563,0,▁bowl;▁top;▁cabinet,move
group_bowl_cabinet,group_bowl_cabinet/t000_L10_allsum_bowl_cabinet_L1_move_base.png,bowl_cabinet_L1_move,move the bowl on top of the cabinet,0,10,allsum,base,img512,10,1.2933069963724437e-06,0.4585610180082633,8,8,1.4780827313622225,0,▁bowl;▁top;▁cabinet,move
group_bowl_cabinet,group_bowl_cabinet/t000_L10_noun_bowl_cabinet_L1_move_base.png,bowl_cabinet_L1_move,move the bowl on top of the cabinet,0,10,noun,base,img512,10,2.4465824802755437e-07,0.1825448168537313,9,8,0.5627444907756006,0,▁bowl;▁top;▁cabinet,move
group_bowl_cabinet,group_bowl_cabinet/t000_L10_verb_bowl_cabinet_L1_move_base.png,bowl_cabinet_L1_move,move the bowl on top of the cabinet,0,10,verb,base,img512,10,1.4119867953249164e-08,0.017857673591161166,7,8,0.07355208036204598,0,▁bowl;▁top;▁cabinet,move
group_bowl_cabinet,group_bowl_cabinet/t000_L10_func_bowl_cabinet_L1_move_base.png,bowl_cabinet_L1_move,move the bowl on top of the cabinet,0,10,func,base,img512,10,7.630427088174405e-07,0.37115548830427914,8,8,0.8877996732350706,0,▁bowl;▁top;▁cabinet,move
group_bowl_cabinet,group_bowl_cabinet/t000_L11_allmax_bowl_cabinet_L1_move_base.png,bowl_cabinet_L1_move,move the bowl on top of the cabinet,0,11,allmax,base,img512,10,1.1445102722043552e-07,0.2520351393711523,7,8,0.6853832258937969,0,▁bowl;▁top;▁cabinet,move
group_bowl_cabinet,group_bowl_cabinet/t000_L11_allsum_bowl_cabinet_L1_move_base.png,bowl_cabinet_L1_move,move the bowl on top of the cabinet,0,11,allsum,base,img512,10,2.711689809605105e-07,0.7224476857283831,7,8,1.8512782183226186,0,▁bowl;▁top;▁cabinet,move
group_bowl_cabinet,group_bowl_cabinet/t000_L11_noun_bowl_cabinet_L1_move_base.png,bowl_cabinet_L1_move,move the bowl on top of the cabinet,0,11,noun,base,img512,10,8.676497108618356e-08,0.24507240950254952,7,8,0.7596658529890373,0,▁bowl;▁top;▁cabinet,move
group_bowl_cabinet,group_bowl_cabinet/t000_L11_verb_bowl_cabinet_L1_move_base.png,bowl_cabinet_L1_move,move the bowl on top of the cabinet,0,11,verb,base,img512,10,5.090246450756069e-09,0.041791366929769265,7,8,0.1072806060915691,0,▁bowl;▁top;▁cabinet,move
group_bowl_cabinet,group_bowl_cabinet/t000_L11_func_bowl_cabinet_L1_move_base.png,bowl_cabinet_L1_move,move the bowl on top of the cabinet,0,11,func,base,img512,10,1.7931376342357084e-07,0.4382381835535981,7,8,0.9843317592420118,0,▁bowl;▁top;▁cabinet,move
group_bowl_cabinet,group_bowl_cabinet/t000_L12_allmax_bowl_cabinet_L1_move_base.png,bowl_cabinet_L1_move,move the bowl on top of the cabinet,0,12,allmax,base,img512,10,2.5496525890144254e-09,0.3915577834028031,9,7,1.0979229581053653,0,▁bowl;▁top;▁cabinet,move
group_bowl_cabinet,group_bowl_cabinet/t000_L12_allsum_bowl_cabinet_L1_move_base.png,bowl_cabinet_L1_move,move the bowl on top of the cabinet,0,12,allsum,base,img512,10,9.977369731509256e-09,1.2567386932249214,9,7,4.0240247735618375,0,▁bowl;▁top;▁cabinet,move
group_bowl_cabinet,group_bowl_cabinet/t000_L12_noun_bowl_cabinet_L1_move_base.png,bowl_cabinet_L1_move,move the bowl on top of the cabinet,0,12,noun,base,img512,10,2.873818914882923e-09,0.30444224032656575,9,7,1.0299090579409211,0,▁bowl;▁top;▁cabinet,move
group_bowl_cabinet,group_bowl_cabinet/t000_L12_verb_bowl_cabinet_L1_move_base.png,bowl_cabinet_L1_move,move the bowl on top of the cabinet,0,12,verb,base,img512,10,1.3141498591710793e-09,0.10271017560115735,9,7,0.4037433570532815,0,▁bowl;▁top;▁cabinet,move
group_bowl_cabinet,group_bowl_cabinet/t000_L12_func_bowl_cabinet_L1_move_base.png,bowl_cabinet_L1_move,move the bowl on top of the cabinet,0,12,func,base,img512,10,4.021351824726412e-09,0.8839818657551364,8,7,2.595551175399617,0,▁bowl;▁top;▁cabinet,move
group_bowl_cabinet,group_bowl_cabinet/t000_L13_allmax_bowl_cabinet_L1_move_base.png,bowl_cabinet_L1_move,move the bowl on top of the cabinet,0,13,allmax,base,img512,10,1.3690491594219551e-07,0.4849968644904813,1,1,0.5968599851563067,1,▁bowl;▁top;▁cabinet,move
group_bowl_cabinet,group_bowl_cabinet/t000_L13_allsum_bowl_cabinet_L1_move_base.png,bowl_cabinet_L1_move,move the bowl on top of the cabinet,0,13,allsum,base,img512,10,3.550979699168352e-07,2.285960313769885,1,1,2.6825805537744976,1,▁bowl;▁top;▁cabinet,move
group_bowl_cabinet,group_bowl_cabinet/t000_L13_noun_bowl_cabinet_L1_move_base.png,bowl_cabinet_L1_move,move the bowl on top of the cabinet,0,13,noun,base,img512,10,5.915829110175945e-08,0.8508175762975356,1,1,0.9927033945864142,1,▁bowl;▁top;▁cabinet,move
group_bowl_cabinet,group_bowl_cabinet/t000_L13_verb_bowl_cabinet_L1_move_base.png,bowl_cabinet_L1_move,move the bowl on top of the cabinet,0,13,verb,base,img512,10,4.97120429508412e-09,0.32368605673887973,1,1,0.36144713768490827,1,▁bowl;▁top;▁cabinet,move
group_bowl_cabinet,group_bowl_cabinet/t000_L13_func_bowl_cabinet_L1_move_base.png,bowl_cabinet_L1_move,move the bowl on top of the cabinet,0,13,func,base,img512,10,2.648855845854262e-07,1.1114566807334696,1,1,1.328430021503175,1,▁bowl;▁top;▁cabinet,move
group_bowl_cabinet,group_bowl_cabinet/t000_L14_allmax_bowl_cabinet_L1_move_base.png,bowl_cabinet_L1_move,move the bowl on top of the cabinet,0,14,allmax,base,img512,10,1.6301748413144157e-08,0.11644001126500841,7,8,0.2897980104537767,0,▁bowl;▁top;▁cabinet,move
group_bowl_cabinet,group_bowl_cabinet/t000_L14_allsum_bowl_cabinet_L1_move_base.png,bowl_cabinet_L1_move,move the bowl on top of the cabinet,0,14,allsum,base,img512,10,1.9565527746875764e-08,0.456024755716481,7,8,1.0321856654715824,0,▁bowl;▁top;▁cabinet,move
group_bowl_cabinet,group_bowl_cabinet/t000_L14_noun_bowl_cabinet_L1_move_base.png,bowl_cabinet_L1_move,move the bowl on top of the cabinet,0,14,noun,base,img512,10,1.466562629076517e-10,0.12281629474239851,7,8,0.2819825949078898,0,▁bowl;▁top;▁cabinet,move
group_bowl_cabinet,group_bowl_cabinet/t000_L14_verb_bowl_cabinet_L1_move_base.png,bowl_cabinet_L1_move,move the bowl on top of the cabinet,0,14,verb,base,img512,10,3.2427917874902156e-12,0.0925819836149166,3,6,0.11736184907903859,0,▁bowl;▁top;▁cabinet,move
group_bowl_cabinet,group_bowl_cabinet/t000_L14_func_bowl_cabinet_L1_move_base.png,bowl_cabinet_L1_move,move the bowl on top of the cabinet,0,14,func,base,img512,10,1.9390900865896956e-08,0.29025138253029503,7,8,0.6520505850661189,0,▁bowl;▁top;▁cabinet,move
group_bowl_cabinet,group_bowl_cabinet/t000_L15_allmax_bowl_cabinet_L1_move_base.png,bowl_cabinet_L1_move,move the bowl on top of the cabinet,0,15,allmax,base,img512,10,4.823648000664599e-09,0.04591145526970064,7,8,0.1119461477182529,0,▁bowl;▁top;▁cabinet,move
group_bowl_cabinet,group_bowl_cabinet/t000_L15_allsum_bowl_cabinet_L1_move_base.png,bowl_cabinet_L1_move,move the bowl on top of the cabinet,0,15,allsum,base,img512,10,9.699017613548008e-09,0.21658583680746488,7,8,0.45428613806562707,0,▁bowl;▁top;▁cabinet,move
group_bowl_cabinet,group_bowl_cabinet/t000_L15_noun_bowl_cabinet_L1_move_base.png,bowl_cabinet_L1_move,move the bowl on top of the cabinet,0,15,noun,base,img512,10,1.1813953812261858e-09,0.06847312623721127,13,2,0.08674962492263133,0,▁bowl;▁top;▁cabinet,move
group_bowl_cabinet,group_bowl_cabinet/t000_L15_verb_bowl_cabinet_L1_move_base.png,bowl_cabinet_L1_move,move the bowl on top of the cabinet,0,15,verb,base,img512,10,5.104141955859459e-10,0.01984587560408832,7,8,0.05150568278409166,0,▁bowl;▁top;▁cabinet,move
group_bowl_cabinet,group_bowl_cabinet/t000_L15_func_bowl_cabinet_L1_move_base.png,bowl_cabinet_L1_move,move the bowl on top of the cabinet,0,15,func,base,img512,10,2.7404487758995296e-09,0.12922194333657858,7,8,0.33276398678836877,0,▁bowl;▁top;▁cabinet,move
group_bowl_cabinet,group_bowl_cabinet/t000_L16_allmax_bowl_cabinet_L1_move_base.png,bowl_cabinet_L1_move,move the bowl on top of the cabinet,0,16,allmax,base,img512,10,1.8159066932721796e-08,0.08993378274457797,3,8,0.1836888434324108,0,▁bowl;▁top;▁cabinet,move
group_bowl_cabinet,group_bowl_cabinet/t000_L16_allsum_bowl_cabinet_L1_move_base.png,bowl_cabinet_L1_move,move the bowl on top of the cabinet,0,16,allsum,base,img512,10,3.951041739861727e-08,0.2090593263475388,3,7,0.5623157760792186,0,▁bowl;▁top;▁cabinet,move
group_bowl_cabinet,group_bowl_cabinet/t000_L16_noun_bowl_cabinet_L1_move_base.png,bowl_cabinet_L1_move,move the bowl on top of the cabinet,0,16,noun,base,img512,10,1.4005133895395306e-09,0.06524811870611642,3,7,0.13865086673175286,0,▁bowl;▁top;▁cabinet,move
group_bowl_cabinet,group_bowl_cabinet/t000_L16_verb_bowl_cabinet_L1_move_base.png,bowl_cabinet_L1_move,move the bowl on top of the cabinet,0,16,verb,base,img512,10,8.166957011662602e-11,0.04771319620522109,14,2,0.05069457188085434,1,▁bowl;▁top;▁cabinet,move
group_bowl_cabinet,group_bowl_cabinet/t000_L16_func_bowl_cabinet_L1_move_base.png,bowl_cabinet_L1_move,move the bowl on top of the cabinet,0,16,func,base,img512,10,3.4082262830148065e-08,0.18774564404140137,3,7,0.4166269477816394,0,▁bowl;▁top;▁cabinet,move
group_bowl_cabinet,group_bowl_cabinet/t000_L17_allmax_bowl_cabinet_L1_move_base.png,bowl_cabinet_L1_move,move the bowl on top of the cabinet,0,17,allmax,base,img512,10,1.8128258191689125e-05,0.10343849470922005,14,2,0.1250442779830743,1,▁bowl;▁top;▁cabinet,move
group_bowl_cabinet,group_bowl_cabinet/t000_L17_allsum_bowl_cabinet_L1_move_base.png,bowl_cabinet_L1_move,move the bowl on top of the cabinet,0,17,allsum,base,img512,10,1.812825825570848e-05,0.5421365922857793,14,2,0.6576600224109904,1,▁bowl;▁top;▁cabinet,move
group_bowl_cabinet,group_bowl_cabinet/t000_L17_noun_bowl_cabinet_L1_move_base.png,bowl_cabinet_L1_move,move the bowl on top of the cabinet,0,17,noun,base,img512,10,1.5108028283421948e-17,0.1985294345593568,14,2,0.23006682363426784,1,▁bowl;▁top;▁cabinet,move
group_bowl_cabinet,group_bowl_cabinet/t000_L17_verb_bowl_cabinet_L1_move_base.png,bowl_cabinet_L1_move,move the bowl on top of the cabinet,0,17,verb,base,img512,10,1.1466222835059058e-23,0.06906903313788267,14,2,0.07912499764778405,1,▁bowl;▁top;▁cabinet,move
group_bowl_cabinet,group_bowl_cabinet/t000_L17_func_bowl_cabinet_L1_move_base.png,bowl_cabinet_L1_move,move the bowl on top of the cabinet,0,17,func,base,img512,10,1.8128258210333123e-05,0.2745381245885399,14,2,0.34846820112893856,1,▁bowl;▁top;▁cabinet,move
group_bowl_cabinet,group_bowl_cabinet/t000_Lrollout_allmax_bowl_cabinet_L1_move_base.png,bowl_cabinet_L1_move,move the bowl on top of the cabinet,0,rollout,allmax,base,img512,10,7.236975598960117e-05,0.028535163981981523,7,9,0.06441604906065966,0,▁bowl;▁top;▁cabinet,move
group_bowl_cabinet,group_bowl_cabinet/t000_Lrollout_allsum_bowl_cabinet_L1_move_base.png,bowl_cabinet_L1_move,move the bowl on top of the cabinet,0,rollout,allsum,base,img512,10,0.0007198411516627413,0.28440693696708125,7,9,0.6413300780014423,0,▁bowl;▁top;▁cabinet,move
group_bowl_cabinet,group_bowl_cabinet/t000_Lrollout_noun_bowl_cabinet_L1_move_base.png,bowl_cabinet_L1_move,move the bowl on top of the cabinet,0,rollout,noun,base,img512,10,0.0002158075431928551,0.08529706829248654,7,9,0.19258796096635153,0,▁bowl;▁top;▁cabinet,move
group_bowl_cabinet,group_bowl_cabinet/t000_Lrollout_verb_bowl_cabinet_L1_move_base.png,bowl_cabinet_L1_move,move the bowl on top of the cabinet,0,rollout,verb,base,img512,10,7.201635742835626e-05,0.028487989059513157,7,9,0.06390447057765763,0,▁bowl;▁top;▁cabinet,move
group_bowl_cabinet,group_bowl_cabinet/t000_Lrollout_func_bowl_cabinet_L1_move_base.png,bowl_cabinet_L1_move,move the bowl on top of the cabinet,0,rollout,func,base,img512,10,0.00043201725104152983,0.17062187961508157,7,9,0.38483764645743324,0,▁bowl;▁top;▁cabinet,move
group_bowl_cabinet,group_bowl_cabinet/t000_L00_allmax_bowl_cabinet_L2_front_base.png,bowl_cabinet_L2_front,"on top of the cabinet, put the bowl",0,00,allmax,base,img512,11,8.685556986213909e-05,0.5928737513338265,13,2,0.6130574129108374,0,▁top;▁cabinet;▁bowl,▁put
group_bowl_cabinet,group_bowl_cabinet/t000_L00_allsum_bowl_cabinet_L2_front_base.png,bowl_cabinet_L2_front,"on top of the cabinet, put the bowl",0,00,allsum,base,img512,11,0.00019283965216682381,2.912956350805542,13,2,2.95707682588572,0,▁top;▁cabinet;▁bowl,▁put
group_bowl_cabinet,group_bowl_cabinet/t000_L00_noun_bowl_cabinet_L2_front_base.png,bowl_cabinet_L2_front,"on top of the cabinet, put the bowl",0,00,noun,base,img512,11,7.2625721316997334e-06,1.288350020611332,13,1,1.2984193047252748,1,▁top;▁cabinet;▁bowl,▁put
group_bowl_cabinet,group_bowl_cabinet/t000_L00_verb_bowl_cabinet_L2_front_base.png,bowl_cabinet_L2_front,"on top of the cabinet, put the bowl",0,00,verb,base,img512,11,2.169343589898656e-08,0.047348086737343774,13,2,0.04934744758380405,0,▁top;▁cabinet;▁bowl,▁put
group_bowl_cabinet,group_bowl_cabinet/t000_L00_func_bowl_cabinet_L2_front_base.png,bowl_cabinet_L2_front,"on top of the cabinet, put the bowl",0,00,func,base,img512,11,0.0001418216590593479,1.5772582434568665,13,2,1.6093244642889986,0,▁top;▁cabinet;▁bowl,▁put
group_bowl_cabinet,group_bowl_cabinet/t000_L01_allmax_bowl_cabinet_L2_front_base.png,bowl_cabinet_L2_front,"on top of the cabinet, put the bowl",0,01,allmax,base,img512,11,4.1227833423143856e-05,0.06838816569479528,2,6,0.15720376513516787,0,▁top;▁cabinet;▁bowl,▁put
group_bowl_cabinet,group_bowl_cabinet/t000_L01_allsum_bowl_cabinet_L2_front_base.png,bowl_cabinet_L2_front,"on top of the cabinet, put the bowl",0,01,allsum,base,img512,11,0.00019440036819741834,0.21027828790709147,2,6,0.5832435552439738,0,▁top;▁cabinet;▁bowl,▁put
group_bowl_cabinet,group_bowl_cabinet/t000_L01_noun_bowl_cabinet_L2_front_base.png,bowl_cabinet_L2_front,"on top of the cabinet, put the bowl",0,01,noun,base,img512,11,3.2623099681251544e-05,0.03700998849251813,1,6,0.07934194251600356,1,▁top;▁cabinet;▁bowl,▁put
group_bowl_cabinet,group_bowl_cabinet/t000_L01_verb_bowl_cabinet_L2_front_base.png,bowl_cabinet_L2_front,"on top of the cabinet, put the bowl",0,01,verb,base,img512,11,2.1153368902649626e-06,0.0074782501120020575,2,6,0.02196503498170389,0,▁top;▁cabinet;▁bowl,▁put
group_bowl_cabinet,group_bowl_cabinet/t000_L01_func_bowl_cabinet_L2_front_base.png,bowl_cabinet_L2_front,"on top of the cabinet, put the bowl",0,01,func,base,img512,11,0.0001513680560075875,0.17580428227652128,2,6,0.48289806235697375,0,▁top;▁cabinet;▁bowl,▁put
group_bowl_cabinet,group_bowl_cabinet/t000_L02_allmax_bowl_cabinet_L2_front_base.png,bowl_cabinet_L2_front,"on top of the cabinet, put the bowl",0,02,allmax,base,img512,11,4.58199875701828e-05,0.05495390097813741,13,2,0.08890618073786381,0,▁top;▁cabinet;▁bowl,▁put
group_bowl_cabinet,group_bowl_cabinet/t000_L02_allsum_bowl_cabinet_L2_front_base.png,bowl_cabinet_L2_front,"on top of the cabinet, put the bowl",0,02,allsum,base,img512,11,0.00017950567333331607,0.18468011252374647,13,2,0.32551842765240385,0,▁top;▁cabinet;▁bowl,▁put
group_bowl_cabinet,group_bowl_cabinet/t000_L02_noun_bowl_cabinet_L2_front_base.png,bowl_cabinet_L2_front,"on top of the cabinet, put the bowl",0,02,noun,base,img512,11,3.593369391611276e-05,0.032150469475985044,7,9,0.06037604473755842,0,▁top;▁cabinet;▁bowl,▁put
group_bowl_cabinet,group_bowl_cabinet/t000_L02_verb_bowl_cabinet_L2_front_base.png,bowl_cabinet_L2_front,"on top of the cabinet, put the bowl",0,02,verb,base,img512,11,6.707614510885931e-06,0.010704853322883377,7,9,0.02050415964435562,0,▁top;▁cabinet;▁bowl,▁put
group_bowl_cabinet,group_bowl_cabinet/t000_L02_func_bowl_cabinet_L2_front_base.png,bowl_cabinet_L2_front,"on top of the cabinet, put the bowl",0,02,func,base,img512,11,0.00013342360694310363,0.1431344061610633,13,2,0.2465942466030875,0,▁top;▁cabinet;▁bowl,▁put
group_bowl_cabinet,group_bowl_cabinet/t000_L03_allmax_bowl_cabinet_L2_front_base.png,bowl_cabinet_L2_front,"on top of the cabinet, put the bowl",0,03,allmax,base,img512,11,9.678266284201945e-06,0.1036465249568336,7,9,0.3748715070074486,0,▁top;▁cabinet;▁bowl,▁put
group_bowl_cabinet,group_bowl_cabinet/t000_L03_allsum_bowl_cabinet_L2_front_base.png,bowl_cabinet_L2_front,"on top of the cabinet, put the bowl",0,03,allsum,base,img512,11,5.651207330184307e-05,0.3940119572192892,7,9,1.3081880336815435,0,▁top;▁cabinet;▁bowl,▁put
group_bowl_cabinet,group_bowl_cabinet/t000_L03_noun_bowl_cabinet_L2_front_base.png,bowl_cabinet_L2_front,"on top of the cabinet, put the bowl",0,03,noun,base,img512,11,7.102688091101181e-06,0.2290143380930747,7,9,0.7344419258443088,0,▁top;▁cabinet;▁bowl,▁put
group_bowl_cabinet,group_bowl_cabinet/t000_L03_verb_bowl_cabinet_L2_front_base.png,bowl_cabinet_L2_front,"on top of the cabinet, put the bowl",0,03,verb,base,img512,11,2.3455745983428645e-06,0.01922946873745639,7,9,0.08392594806844937,0,▁top;▁cabinet;▁bowl,▁put
group_bowl_cabinet,group_bowl_cabinet/t000_L03_func_bowl_cabinet_L2_front_base.png,bowl_cabinet_L2_front,"on top of the cabinet, put the bowl",0,03,func,base,img512,11,4.529392807511634e-05,0.1457681503887582,7,9,0.4898201597687855,0,▁top;▁cabinet;▁bowl,▁put
group_bowl_cabinet,group_bowl_cabinet/t000_L04_allmax_bowl_cabinet_L2_front_base.png,bowl_cabinet_L2_front,"on top of the cabinet, put the bowl",0,04,allmax,base,img512,11,3.71184155650374e-05,0.14020276286655542,7,13,0.39481350341771193,0,▁top;▁cabinet;▁bowl,▁put
group_bowl_cabinet,group_bowl_cabinet/t000_L04_allsum_bowl_cabinet_L2_front_base.png,bowl_cabinet_L2_front,"on top of the cabinet, put the bowl",0,04,allsum,base,img512,11,0.00018278135753090465,0.5330598457413547,7,9,1.444908711359829,0,▁top;▁cabinet;▁bowl,▁put
group_bowl_cabinet,group_bowl_cabinet/t000_L04_noun_bowl_cabinet_L2_front_base.png,bowl_cabinet_L2_front,"on top of the cabinet, put the bowl",0,04,noun,base,img512,11,4.44355435063061e-05,0.24900345571347138,7,13,0.5889395916837116,0,▁top;▁cabinet;▁bowl,▁put
group_bowl_cabinet,group_bowl_cabinet/t000_L04_verb_bowl_cabinet_L2_front_base.png,bowl_cabinet_L2_front,"on top of the cabinet, put the bowl",0,04,verb,base,img512,11,1.3616679484565329e-05,0.046981942884158336,7,9,0.15610486940333537,0,▁top;▁cabinet;▁bowl,▁put
group_bowl_cabinet,group_bowl_cabinet/t000_L04_func_bowl_cabinet_L2_front_base.png,bowl_cabinet_L2_front,"on top of the cabinet, put the bowl",0,04,func,base,img512,11,0.0001221888119395693,0.23707444714372494,7,9,0.7171990592385895,0,▁top;▁cabinet;▁bowl,▁put
group_bowl_cabinet,group_bowl_cabinet/t000_L05_allmax_bowl_cabinet_L2_front_base.png,bowl_cabinet_L2_front,"on top of the cabinet, put the bowl",0,05,allmax,base,img512,11,1.429415972293765e-05,0.19314851001506542,7,13,0.5041370598976324,0,▁top;▁cabinet;▁bowl,▁put
group_bowl_cabinet,group_bowl_cabinet/t000_L05_allsum_bowl_cabinet_L2_front_base.png,bowl_cabinet_L2_front,"on top of the cabinet, put the bowl",0,05,allsum,base,img512,11,5.1494059411376764e-05,0.8618435423246072,7,13,2.1201739018680166,0,▁top;▁cabinet;▁bowl,▁put
group_bowl_cabinet,group_bowl_cabinet/t000_L05_noun_bowl_cabinet_L2_front_base.png,bowl_cabinet_L2_front,"on top of the cabinet, put the bowl",0,05,noun,base,img512,11,7.0727551243268265e-06,0.36241112640095496,7,13,0.8865261467521717,0,▁top;▁cabinet;▁bowl,▁put
group_bowl_cabinet,group_bowl_cabinet/t000_L05_verb_bowl_cabinet_L2_front_base.png,bowl_cabinet_L2_front,"on top of the cabinet, put the bowl",0,05,verb,base,img512,11,1.1407026494694688e-06,0.19019995742047116,7,9,0.3853851120711727,0,▁top;▁cabinet;▁bowl,▁put
group_bowl_cabinet,group_bowl_cabinet/t000_L05_func_bowl_cabinet_L2_front_base.png,bowl_cabinet_L2_front,"on top of the cabinet, put the bowl",0,05,func,base,img512,11,4.32659032957922e-05,0.4863500004172401,7,9,1.1620928979495968,0,▁top;▁cabinet;▁bowl,▁put
group_bowl_cabinet,group_bowl_cabinet/t000_L06_allmax_bowl_cabinet_L2_front_base.png,bowl_cabinet_L2_front,"on top of the cabinet, put the bowl",0,06,allmax,base,img512,11,1.1028115352465428e-06,0.20254288067067533,7,9,0.39370599619192664,0,▁top;▁cabinet;▁bowl,▁put
group_bowl_cabinet,group_bowl_cabinet/t000_L06_allsum_bowl_cabinet_L2_front_base.png,bowl_cabinet_L2_front,"on top of the cabinet, put the bowl",0,06,allsum,base,img512,11,5.020336025870757e-06,1.240824439788537,7,9,2.438511372988555,0,▁top;▁cabinet;▁bowl,▁put
group_bowl_cabinet,group_bowl_cabinet/t000_L06_noun_bowl_cabinet_L2_front_base.png,bowl_cabinet_L2_front,"on top of the cabinet, put the bowl",0,06,noun,base,img512,11,5.523876994874178e-07,0.45114651794552457,7,9,0.8575307948986624,0,▁top;▁cabinet;▁bowl,▁put
group_bowl_cabinet,group_bowl_cabinet/t000_L06_verb_bowl_cabinet_L2_front_base.png,bowl_cabinet_L2_front,"on top of the cabinet, put the bowl",0,06,verb,base,img512,11,2.57675693536474e-07,0.06334982602515819,7,9,0.10998259886818103,0,▁top;▁cabinet;▁bowl,▁put
group_bowl_cabinet,group_bowl_cabinet/t000_L06_func_bowl_cabinet_L2_front_base.png,bowl_cabinet_L2_front,"on top of the cabinet, put the bowl",0,06,func,base,img512,11,3.4961892184926095e-06,0.7263280958178545,7,9,1.4709979792217118,0,▁top;▁cabinet;▁bowl,▁put
group_bowl_cabinet,group_bowl_cabinet/t000_L07_allmax_bowl_cabinet_L2_front_base.png,bowl_cabinet_L2_front,"on top of the cabinet, put the bowl",0,07,allmax,base,img512,11,1.3840783659140116e-05,0.05601719562209384,7,13,0.23141811827446881,0,▁top;▁cabinet;▁bowl,▁put
group_bowl_cabinet,group_bowl_cabinet/t000_L07_allsum_bowl_cabinet_L2_front_base.png,bowl_cabinet_L2_front,"on top of the cabinet, put the bowl",0,07,allsum,base,img512,11,5.372163140877557e-05,0.18171373779744784,7,13,0.6141478367835695,0,▁top;▁cabinet;▁bowl,▁put
group_bowl_cabinet,group_bowl_cabinet/t000_L07_noun_bowl_cabinet_L2_front_base.png,bowl_cabinet_L2_front,"on top of the cabinet, put the bowl",0,07,noun,base,img512,11,8.772812658773049e-06,0.1252392098148019,7,13,0.4299599546721479,0,▁top;▁cabinet;▁bowl,▁put
group_bowl_cabinet,group_bowl_cabinet/t000_L07_verb_bowl_cabinet_L2_front_base.png,bowl_cabinet_L2_front,"on top of the cabinet, put the bowl",0,07,verb,base,img512,11,2.9894563810626927e-06,0.037773798833948366,7,12,0.09720258252557204,0,▁top;▁cabinet;▁bowl,▁put
group_bowl_cabinet,group_bowl_cabinet/t000_L07_func_bowl_cabinet_L2_front_base.png,bowl_cabinet_L2_front,"on top of the cabinet, put the bowl",0,07,func,base,img512,11,3.838095078998944e-05,0.08432837509650201,7,8,0.22450144606112515,0,▁top;▁cabinet;▁bowl,▁put
group_bowl_cabinet,group_bowl_cabinet/t000_L08_allmax_bowl_cabinet_L2_front_base.png,bowl_cabinet_L2_front,"on top of the cabinet, put the bowl",0,08,allmax,base,img512,11,5.1049152150199075e-05,0.22341104037610757,7,13,0.6065679411267325,0,▁top;▁cabinet;▁bowl,▁put
group_bowl_cabinet,group_bowl_cabinet/t000_L08_allsum_bowl_cabinet_L2_front_base.png,bowl_cabinet_L2_front,"on top of the cabinet, put the bowl",0,08,allsum,base,img512,11,0.00011032068632252422,0.981320646110102,7,8,2.250501459151875,0,▁top;▁cabinet;▁bowl,▁put
group_bowl_cabinet,group_bowl_cabinet/t000_L08_noun_bowl_cabinet_L2_front_base.png,bowl_cabinet_L2_front,"on top of the cabinet, put the bowl",0,08,noun,base,img512,11,7.301999305605283e-07,0.3593477459760975,7,13,0.9493142328459128,0,▁top;▁cabinet;▁bowl,▁put
group_bowl_cabinet,group_bowl_cabinet/t000_L08_verb_bowl_cabinet_L2_front_base.png,bowl_cabinet_L2_front,"on top of the cabinet, put the bowl",0,08,verb,base,img512,11,7.804773444858581e-07,0.1063459488034924,7,12,0.25726621445590314,0,▁top;▁cabinet;▁bowl,▁put
group_bowl_cabinet,group_bowl_cabinet/t000_L08_func_bowl_cabinet_L2_front_base.png,bowl_cabinet_L2_front,"on top of the cabinet, put the bowl",0,08,func,base,img512,11,9.772077542724532e-05,0.6109448336169806,7,8,1.4102337166319423,0,▁top;▁cabinet;▁bowl,▁put
group_bowl_cabinet,group_bowl_cabinet/t000_L09_allmax_bowl_cabinet_L2_front_base.png,bowl_cabinet_L2_front,"on top of the cabinet, put the bowl",0,09,allmax,base,img512,11,3.028170391975117e-06,0.03302372082876545,7,8,0.1209811305332355,0,▁top;▁cabinet;▁bowl,▁put
group_bowl_cabinet,group_bowl_cabinet/t000_L09_allsum_bowl_cabinet_L2_front_base.png,bowl_cabinet_L2_front,"on top of the cabinet, put the bowl",0,09,allsum,base,img512,11,6.999640999538848e-06,0.1364377211421658,7,8,0.3411466016143592,0,▁top;▁cabinet;▁bowl,▁put
group_bowl_cabinet,group_bowl_cabinet/t000_L09_noun_bowl_cabinet_L2_front_base.png,bowl_cabinet_L2_front,"on top of the cabinet, put the bowl",0,09,noun,base,img512,11,2.0732655228742642e-07,0.03225142513942816,8,8,0.07243272390089216,0,▁top;▁cabinet;▁bowl,▁put
group_bowl_cabinet,group_bowl_cabinet/t000_L09_verb_bowl_cabinet_L2_front_base.png,bowl_cabinet_L2_front,"on top of the cabinet, put the bowl",0,09,verb,base,img512,11,1.8848424074318978e-07,0.014255376576387913,7,8,0.039994344973465074,0,▁top;▁cabinet;▁bowl,▁put
group_bowl_cabinet,group_bowl_cabinet/t000_L09_func_bowl_cabinet_L2_front_base.png,bowl_cabinet_L2_front,"on top of the cabinet, put the bowl",0,09,func,base,img512,11,4.8907858889149916e-06,0.09343553253657957,7,8,0.24814007630062393,0,▁top;▁cabinet;▁bowl,▁put
group_bowl_cabinet,group_bowl_cabinet/t000_L10_allmax_bowl_cabinet_L2_front_base.png,bowl_cabinet_L2_front,"on top of the cabinet, put the bowl",0,10,allmax,base,img512,11,3.5614920874244514e-07,0.4293842659047405,8,9,0.9012649313365453,0,▁top;▁cabinet;▁bowl,▁put
group_bowl_cabinet,group_bowl_cabinet/t000_L10_allsum_bowl_cabinet_L2_front_base.png,bowl_cabinet_L2_front,"on top of the cabinet, put the bowl",0,10,allsum,base,img512,11,1.6132481189994672e-06,1.7307360309844706,7,9,3.191956458112297,0,▁top;▁cabinet;▁bowl,▁put
group_bowl_cabinet,group_bowl_cabinet/t000_L10_noun_bowl_cabinet_L2_front_base.png,bowl_cabinet_L2_front,"on top of the cabinet, put the bowl",0,10,noun,base,img512,11,1.5987965901559314e-07,0.28407343444795013,8,9,0.8470438192541356,0,▁top;▁cabinet;▁bowl,▁put
group_bowl_cabinet,group_bowl_cabinet/t000_L10_verb_bowl_cabinet_L2_front_base.png,bowl_cabinet_L2_front,"on top of the cabinet, put the bowl",0,10,verb,base,img512,11,7.208784541235836e-08,0.4293842659047405,7,9,0.6314056962472517,0,▁top;▁cabinet;▁bowl,▁put
group_bowl_cabinet,group_bowl_cabinet/t000_L10_func_bowl_cabinet_L2_front_base.png,bowl_cabinet_L2_front,"on top of the cabinet, put the bowl",0,10,func,base,img512,11,1.0444302281971506e-06,1.0172783306317799,7,9,1.7914038459513328,0,▁top;▁cabinet;▁bowl,▁put
group_bowl_cabinet,group_bowl_cabinet/t000_L11_allmax_bowl_cabinet_L2_front_base.png,bowl_cabinet_L2_front,"on top of the cabinet, put the bowl",0,11,allmax,base,img512,11,5.773474025983931e-07,0.11913405342799892,7,9,0.3259272112764654,0,▁top;▁cabinet;▁bowl,▁put
group_bowl_cabinet,group_bowl_cabinet/t000_L11_allsum_bowl_cabinet_L2_front_base.png,bowl_cabinet_L2_front,"on top of the cabinet, put the bowl",0,11,allsum,base,img512,11,1.1021152728394301e-06,0.4743419796360567,7,9,1.245113264748668,0,▁top;▁cabinet;▁bowl,▁put
group_bowl_cabinet,group_bowl_cabinet/t000_L11_noun_bowl_cabinet_L2_front_base.png,bowl_cabinet_L2_front,"on top of the cabinet, put the bowl",0,11,noun,base,img512,11,1.325771365174866e-07,0.13255219226130152,7,8,0.33007595729002703,0,▁top;▁cabinet;▁bowl,▁put
group_bowl_cabinet,group_bowl_cabinet/t000_L11_verb_bowl_cabinet_L2_front_base.png,bowl_cabinet_L2_front,"on top of the cabinet, put the bowl",0,11,verb,base,img512,11,3.145663236709648e-08,0.05984693537748315,7,9,0.14855573122107577,0,▁top;▁cabinet;▁bowl,▁put
group_bowl_cabinet,group_bowl_cabinet/t000_L11_func_bowl_cabinet_L2_front_base.png,bowl_cabinet_L2_front,"on top of the cabinet, put the bowl",0,11,func,base,img512,11,1.8186095857018195e-07,0.2870244830056927,7,8,0.7736574307069043,0,▁top;▁cabinet;▁bowl,▁put
group_bowl_cabinet,group_bowl_cabinet/t000_L12_allmax_bowl_cabinet_L2_front_base.png,bowl_cabinet_L2_front,"on top of the cabinet, put the bowl",0,12,allmax,base,img512,11,1.588006978843668e-08,0.22768958489360247,8,8,0.911268882738883,0,▁top;▁cabinet;▁bowl,▁put
group_bowl_cabinet,group_bowl_cabinet/t000_L12_allsum_bowl_cabinet_L2_front_base.png,bowl_cabinet_L2_front,"on top of the cabinet, put the bowl",0,12,allsum,base,img512,11,5.983871046057764e-08,0.9580258273038714,8,8,3.493045083324352,0,▁top;▁cabinet;▁bowl,▁put
group_bowl_cabinet,group_bowl_cabinet/t000_L12_noun_bowl_cabinet_L2_front_base.png,bowl_cabinet_L2_front,"on top of the cabinet, put the bowl",0,12,noun,base,img512,11,1.4691600826870018e-09,0.28216317212372516,8,8,0.9878107098457096,0,▁top;▁cabinet;▁bowl,▁put
group_bowl_cabinet,group_bowl_cabinet/t000_L12_verb_bowl_cabinet_L2_front_base.png,bowl_cabinet_L2_front,"on top of the cabinet, put the bowl",0,12,verb,base,img512,11,3.8122435761310617e-10,0.2098507242245879,9,8,0.618920043438857,0,▁top;▁cabinet;▁bowl,▁put
group_bowl_cabinet,group_bowl_cabinet/t000_L12_func_bowl_cabinet_L2_front_base.png,bowl_cabinet_L2_front,"on top of the cabinet, put the bowl",0,12,func,base,img512,11,3.676177940787403e-08,0.49197773877634876,8,8,1.8874516392684275,0,▁top;▁cabinet;▁bowl,▁put
group_bowl_cabinet,group_bowl_cabinet/t000_L13_allmax_bowl_cabinet_L2_front_base.png,bowl_cabinet_L2_front,"on top of the cabinet, put the bowl",0,13,allmax,base,img512,11,3.1975777273807056e-06,0.3756756774373503,1,1,0.5167426928155895,1,▁top;▁cabinet;▁bowl,▁put
group_bowl_cabinet,group_bowl_cabinet/t000_L13_allsum_bowl_cabinet_L2_front_base.png,bowl_cabinet_L2_front,"on top of the cabinet, put the bowl",0,13,allsum,base,img512,11,7.324763262405878e-06,1.1573453412422798,1,1,1.6453768880698612,1,▁top;▁cabinet;▁bowl,▁put
group_bowl_cabinet,group_bowl_cabinet/t000_L13_noun_bowl_cabinet_L2_front_base.png,bowl_cabinet_L2_front,"on top of the cabinet, put the bowl",0,13,noun,base,img512,11,3.173971323647683e-07,0.3120243338422778,1,1,0.48718695528180833,1,▁top;▁cabinet;▁bowl,▁put
group_bowl_cabinet,group_bowl_cabinet/t000_L13_verb_bowl_cabinet_L2_front_base.png,bowl_cabinet_L2_front,"on top of the cabinet, put the bowl",0,13,verb,base,img512,11,3.4611438851577e-08,0.030947934365939393,1,1,0.03947477618571426,1,▁top;▁cabinet;▁bowl,▁put
group_bowl_cabinet,group_bowl_cabinet/t000_L13_func_bowl_cabinet_L2_front_base.png,bowl_cabinet_L2_front,"on top of the cabinet, put the bowl",0,13,func,base,img512,11,5.03572019348551e-06,0.8143730730340626,1,1,1.1187151566023388,1,▁top;▁cabinet;▁bowl,▁put
group_bowl_cabinet,group_bowl_cabinet/t000_L14_allmax_bowl_cabinet_L2_front_base.png,bowl_cabinet_L2_front,"on top of the cabinet, put the bowl",0,14,allmax,base,img512,11,6.513949385414143e-08,0.18546801925011513,7,8,0.36590272304375376,0,▁top;▁cabinet;▁bowl,▁put
group_bowl_cabinet,group_bowl_cabinet/t000_L14_allsum_bowl_cabinet_L2_front_base.png,bowl_cabinet_L2_front,"on top of the cabinet, put the bowl",0,14,allsum,base,img512,11,1.4108029353105495e-07,0.8076678699910949,7,8,1.5270129954069906,0,▁top;▁cabinet;▁bowl,▁put
group_bowl_cabinet,group_bowl_cabinet/t000_L14_noun_bowl_cabinet_L2_front_base.png,bowl_cabinet_L2_front,"on top of the cabinet, put the bowl",0,14,noun,base,img512,11,1.653434786341877e-09,0.12441347835617012,7,8,0.2806481128931143,0,▁top;▁cabinet;▁bowl,▁put
group_bowl_cabinet,group_bowl_cabinet/t000_L14_verb_bowl_cabinet_L2_front_base.png,bowl_cabinet_L2_front,"on top of the cabinet, put the bowl",0,14,verb,base,img512,11,1.009117188570612e-12,0.17863245615248,7,8,0.2770299577489693,0,▁top;▁cabinet;▁bowl,▁put
group_bowl_cabinet,group_bowl_cabinet/t000_L14_func_bowl_cabinet_L2_front_base.png,bowl_cabinet_L2_front,"on top of the cabinet, put the bowl",0,14,func,base,img512,11,1.0598934176234885e-07,0.5072617008955635,7,8,0.9693349247649073,0,▁top;▁cabinet;▁bowl,▁put
group_bowl_cabinet,group_bowl_cabinet/t000_L15_allmax_bowl_cabinet_L2_front_base.png,bowl_cabinet_L2_front,"on top of the cabinet, put the bowl",0,15,allmax,base,img512,11,3.988090340866449e-09,0.1043288531306316,7,8,0.2495647082817878,0,▁top;▁cabinet;▁bowl,▁put
group_bowl_cabinet,group_bowl_cabinet/t000_L15_allsum_bowl_cabinet_L2_front_base.png,bowl_cabinet_L2_front,"on top of the cabinet, put the bowl",0,15,allsum,base,img512,11,8.507949183984244e-09,0.3484464007895217,7,8,0.8575724415832483,0,▁top;▁cabinet;▁bowl,▁put
group_bowl_cabinet,group_bowl_cabinet/t000_L15_noun_bowl_cabinet_L2_front_base.png,bowl_cabinet_L2_front,"on top of the cabinet, put the bowl",0,15,noun,base,img512,11,1.4290145438834763e-09,0.06399283961157451,7,8,0.139675475006486,0,▁top;▁cabinet;▁bowl,▁put
group_bowl_cabinet,group_bowl_cabinet/t000_L15_verb_bowl_cabinet_L2_front_base.png,bowl_cabinet_L2_front,"on top of the cabinet, put the bowl",0,15,verb,base,img512,11,2.0074493803895776e-11,0.0256430520111202,7,8,0.05811485751090013,0,▁top;▁cabinet;▁bowl,▁put
group_bowl_cabinet,group_bowl_cabinet/t000_L15_func_bowl_cabinet_L2_front_base.png,bowl_cabinet_L2_front,"on top of the cabinet, put the bowl",0,15,func,base,img512,11,2.606565268866365e-09,0.2647475798958321,7,8,0.6597821090658621,0,▁top;▁cabinet;▁bowl,▁put
group_bowl_cabinet,group_bowl_cabinet/t000_L16_allmax_bowl_cabinet_L2_front_base.png,bowl_cabinet_L2_front,"on top of the cabinet, put the bowl",0,16,allmax,base,img512,11,1.2164387417775952e-07,0.07233837645903263,3,7,0.2680294925252868,0,▁top;▁cabinet;▁bowl,▁put
group_bowl_cabinet,group_bowl_cabinet/t000_L16_allsum_bowl_cabinet_L2_front_base.png,bowl_cabinet_L2_front,"on top of the cabinet, put the bowl",0,16,allsum,base,img512,11,1.762267164060328e-07,0.18706991936600106,3,7,0.6831421618325914,0,▁top;▁cabinet;▁bowl,▁put
group_bowl_cabinet,group_bowl_cabinet/t000_L16_noun_bowl_cabinet_L2_front_base.png,bowl_cabinet_L2_front,"on top of the cabinet, put the bowl",0,16,noun,base,img512,11,1.1416369603323415e-08,0.07152281494400003,3,7,0.1776502083596154,0,▁top;▁cabinet;▁bowl,▁put
group_bowl_cabinet,group_bowl_cabinet/t000_L16_verb_bowl_cabinet_L2_front_base.png,bowl_cabinet_L2_front,"on top of the cabinet, put the bowl",0,16,verb,base,img512,11,1.019986509103842e-10,0.008537711178130411,7,8,0.012535800898096267,0,▁top;▁cabinet;▁bowl,▁put
group_bowl_cabinet,group_bowl_cabinet/t000_L16_func_bowl_cabinet_L2_front_base.png,bowl_cabinet_L2_front,"on top of the cabinet, put the bowl",0,16,func,base,img512,11,2.6710463720558465e-08,0.12938745381187608,3,7,0.5024362712220922,0,▁top;▁cabinet;▁bowl,▁put
group_bowl_cabinet,group_bowl_cabinet/t000_L17_allmax_bowl_cabinet_L2_front_base.png,bowl_cabinet_L2_front,"on top of the cabinet, put the bowl",0,17,allmax,base,img512,11,1.6100042914881984e-05,0.21827563222037644,2,1,0.2260350587305885,1,▁top;▁cabinet;▁bowl,▁put
group_bowl_cabinet,group_bowl_cabinet/t000_L17_allsum_bowl_cabinet_L2_front_base.png,bowl_cabinet_L2_front,"on top of the cabinet, put the bowl",0,17,allsum,base,img512,11,1.6102963642978987e-05,0.5607562075922319,14,2,0.841708852725779,1,▁top;▁cabinet;▁bowl,▁put
group_bowl_cabinet,group_bowl_cabinet/t000_L17_noun_bowl_cabinet_L2_front_base.png,bowl_cabinet_L2_front,"on top of the cabinet, put the bowl",0,17,noun,base,img512,11,2.8526201418356296e-18,0.19104967857385458,14,2,0.2782906425661176,1,▁top;▁cabinet;▁bowl,▁put
group_bowl_cabinet,group_bowl_cabinet/t000_L17_verb_bowl_cabinet_L2_front_base.png,bowl_cabinet_L2_front,"on top of the cabinet, put the bowl",0,17,verb,base,img512,11,1.999182183737794e-20,0.059394222745970206,14,2,0.08837730919878235,1,▁top;▁cabinet;▁bowl,▁put
group_bowl_cabinet,group_bowl_cabinet/t000_L17_func_bowl_cabinet_L2_front_base.png,bowl_cabinet_L2_front,"on top of the cabinet, put the bowl",0,17,func,base,img512,11,1.6102950885566724e-05,0.3407234425655652,14,2,0.47504090096087914,1,▁top;▁cabinet;▁bowl,▁put
group_bowl_cabinet,group_bowl_cabinet/t000_Lrollout_allmax_bowl_cabinet_L2_front_base.png,bowl_cabinet_L2_front,"on top of the cabinet, put the bowl",0,rollout,allmax,base,img512,11,7.188487645319701e-05,0.02816541579572762,7,9,0.0656572369064029,0,▁top;▁cabinet;▁bowl,▁put
group_bowl_cabinet,group_bowl_cabinet/t000_Lrollout_allsum_bowl_cabinet_L2_front_base.png,bowl_cabinet_L2_front,"on top of the cabinet, put the bowl",0,rollout,allsum,base,img512,11,0.0007867705475286505,0.308392878126701,7,9,0.7151651221220559,0,▁top;▁cabinet;▁bowl,▁put
group_bowl_cabinet,group_bowl_cabinet/t000_Lrollout_noun_bowl_cabinet_L2_front_base.png,bowl_cabinet_L2_front,"on top of the cabinet, put the bowl",0,rollout,noun,base,img512,11,0.00021449400122021617,0.08411892792233329,7,9,0.19506503403914466,0,▁top;▁cabinet;▁bowl,▁put
group_bowl_cabinet,group_bowl_cabinet/t000_Lrollout_verb_bowl_cabinet_L2_front_base.png,bowl_cabinet_L2_front,"on top of the cabinet, put the bowl",0,rollout,verb,base,img512,11,7.13820189549381e-05,0.02791100537279526,7,9,0.0656046540119897,0,▁top;▁cabinet;▁bowl,▁put
group_bowl_cabinet,group_bowl_cabinet/t000_Lrollout_func_bowl_cabinet_L2_front_base.png,bowl_cabinet_L2_front,"on top of the cabinet, put the bowl",0,rollout,func,base,img512,11,0.0005008945273534961,0.19636294483157252,7,9,0.45449543407092136,0,▁top;▁cabinet;▁bowl,▁put
group_bowl_cabinet,group_bowl_cabinet/t000_L00_allmax_bowl_cabinet_L3_please_base.png,bowl_cabinet_L3_please,please put the bowl on top of the cabinet,0,00,allmax,base,img512,11,8.682841081266263e-05,0.6678982099348613,13,2,0.6880389149820845,0,▁bowl;▁top;▁cabinet,▁put
group_bowl_cabinet,group_bowl_cabinet/t000_L00_allsum_bowl_cabinet_L3_please_base.png,bowl_cabinet_L3_please,please put the bowl on top of the cabinet,0,00,allsum,base,img512,11,0.00019845630742077478,3.1649056843887133,13,2,3.2100316396812887,0,▁bowl;▁top;▁cabinet,▁put
group_bowl_cabinet,group_bowl_cabinet/t000_L00_noun_bowl_cabinet_L3_please_base.png,bowl_cabinet_L3_please,please put the bowl on top of the cabinet,0,00,noun,base,img512,11,7.42290766319578e-06,1.1649705865896758,13,2,1.1741224533425634,0,▁bowl;▁top;▁cabinet,▁put
group_bowl_cabinet,group_bowl_cabinet/t000_L00_verb_bowl_cabinet_L3_please_base.png,bowl_cabinet_L3_please,please put the bowl on top of the cabinet,0,00,verb,base,img512,11,3.334994761193213e-08,0.2415625728048781,13,1,0.24506495833960723,1,▁bowl;▁top;▁cabinet,▁put
group_bowl_cabinet,group_bowl_cabinet/t000_L00_func_bowl_cabinet_L3_please_base.png,bowl_cabinet_L3_please,please put the bowl on top of the cabinet,0,00,func,base,img512,11,0.00015492017062734313,1.758372524994159,13,1,1.7909076129561534,1,▁bowl;▁top;▁cabinet,▁put
group_bowl_cabinet,group_bowl_cabinet/t000_L01_allmax_bowl_cabinet_L3_please_base.png,bowl_cabinet_L3_please,please put the bowl on top of the cabinet,0,01,allmax,base,img512,11,4.3712067848e-05,0.06977937263687128,2,6,0.16007595642351022,0,▁bowl;▁top;▁cabinet,▁put
group_bowl_cabinet,group_bowl_cabinet/t000_L01_allsum_bowl_cabinet_L3_please_base.png,bowl_cabinet_L3_please,please put the bowl on top of the cabinet,0,01,allsum,base,img512,11,0.000171905246705884,0.20603064163977236,2,6,0.5515842196188859,0,▁bowl;▁top;▁cabinet,▁put
group_bowl_cabinet,group_bowl_cabinet/t000_L01_noun_bowl_cabinet_L3_please_base.png,bowl_cabinet_L3_please,please put the bowl on top of the cabinet,0,01,noun,base,img512,11,2.6032779693337953e-05,0.036228983493268405,1,6,0.0908936437001385,1,▁bowl;▁top;▁cabinet,▁put
group_bowl_cabinet,group_bowl_cabinet/t000_L01_verb_bowl_cabinet_L3_please_base.png,bowl_cabinet_L3_please,please put the bowl on top of the cabinet,0,01,verb,base,img512,11,1.3872637634555426e-06,0.005064370684765057,2,6,0.01544646153703939,0,▁bowl;▁top;▁cabinet,▁put
group_bowl_cabinet,group_bowl_cabinet/t000_L01_func_bowl_cabinet_L3_please_base.png,bowl_cabinet_L3_please,please put the bowl on top of the cabinet,0,01,func,base,img512,11,0.000143130874957209,0.16473728746173888,2,6,0.44650216920339847,0,▁bowl;▁top;▁cabinet,▁put
group_bowl_cabinet,group_bowl_cabinet/t000_L02_allmax_bowl_cabinet_L3_please_base.png,bowl_cabinet_L3_please,please put the bowl on top of the cabinet,0,02,allmax,base,img512,11,5.110962442293511e-05,0.059769294781936363,13,1,0.09445996634445586,1,▁bowl;▁top;▁cabinet,▁put
group_bowl_cabinet,group_bowl_cabinet/t000_L02_allsum_bowl_cabinet_L3_please_base.png,bowl_cabinet_L3_please,please put the bowl on top of the cabinet,0,02,allsum,base,img512,11,0.00021758706247083568,0.2477203475317014,13,2,0.4564917911795604,0,▁bowl;▁top;▁cabinet,▁put
group_bowl_cabinet,group_bowl_cabinet/t000_L02_noun_bowl_cabinet_L3_please_base.png,bowl_cabinet_L3_please,please put the bowl on top of the cabinet,0,02,noun,base,img512,11,5.4936239708262304e-05,0.044612836976765616,13,2,0.09016659668116063,0,▁bowl;▁top;▁cabinet,▁put
group_bowl_cabinet,group_bowl_cabinet/t000_L02_verb_bowl_cabinet_L3_please_base.png,bowl_cabinet_L3_please,please put the bowl on top of the cabinet,0,02,verb,base,img512,11,8.121378361119386e-06,0.012901742722464903,7,9,0.028550141630412723,0,▁bowl;▁top;▁cabinet,▁put
group_bowl_cabinet,group_bowl_cabinet/t000_L02_func_bowl_cabinet_L3_please_base.png,bowl_cabinet_L3_please,please put the bowl on top of the cabinet,0,02,func,base,img512,11,0.0001536423982902323,0.19388542761269822,13,2,0.34122025446555154,0,▁bowl;▁top;▁cabinet,▁put
group_bowl_cabinet,group_bowl_cabinet/t000_L03_allmax_bowl_cabinet_L3_please_base.png,bowl_cabinet_L3_please,please put the bowl on top of the cabinet,0,03,allmax,base,img512,11,1.4873523921352667e-05,0.1301354310396682,7,9,0.4287280952828253,0,▁bowl;▁top;▁cabinet,▁put
group_bowl_cabinet,group_bowl_cabinet/t000_L03_allsum_bowl_cabinet_L3_please_base.png,bowl_cabinet_L3_please,please put the bowl on top of the cabinet,0,03,allsum,base,img512,11,5.7151436289363695e-05,0.40604121906890467,7,9,1.449878498059461,0,▁bowl;▁top;▁cabinet,▁put
group_bowl_cabinet,group_bowl_cabinet/t000_L03_noun_bowl_cabinet_L3_please_base.png,bowl_cabinet_L3_please,please put the bowl on top of the cabinet,0,03,noun,base,img512,11,3.4074841489936138e-06,0.22366936980201135,7,9,0.7567972063494276,0,▁bowl;▁top;▁cabinet,▁put
group_bowl_cabinet,group_bowl_cabinet/t000_L03_verb_bowl_cabinet_L3_please_base.png,bowl_cabinet_L3_please,please put the bowl on top of the cabinet,0,03,verb,base,img512,11,3.410657329479597e-06,0.027851742715193327,7,9,0.1162206889463834,0,▁bowl;▁top;▁cabinet,▁put
group_bowl_cabinet,group_bowl_cabinet/t000_L03_func_bowl_cabinet_L3_please_base.png,bowl_cabinet_L3_please,please put the bowl on top of the cabinet,0,03,func,base,img512,11,4.7210531396372737e-05,0.15452010655169998,7,9,0.5768606027636501,0,▁bowl;▁top;▁cabinet,▁put
group_bowl_cabinet,group_bowl_cabinet/t000_L04_allmax_bowl_cabinet_L3_please_base.png,bowl_cabinet_L3_please,please put the bowl on top of the cabinet,0,04,allmax,base,img512,11,4.747761376925412e-05,0.18150285079651582,7,13,0.49683623020224527,0,▁bowl;▁top;▁cabinet,▁put
group_bowl_cabinet,group_bowl_cabinet/t000_L04_allsum_bowl_cabinet_L3_please_base.png,bowl_cabinet_L3_please,please put the bowl on top of the cabinet,0,04,allsum,base,img512,11,0.0002177609081670212,0.6002010545744443,7,13,1.369262344292267,0,▁bowl;▁top;▁cabinet,▁put
group_bowl_cabinet,group_bowl_cabinet/t000_L04_noun_bowl_cabinet_L3_please_base.png,bowl_cabinet_L3_please,please put the bowl on top of the cabinet,0,04,noun,base,img512,11,3.447092654459798e-05,0.33865786112890883,7,13,0.8100853673147523,0,▁bowl;▁top;▁cabinet,▁put
group_bowl_cabinet,group_bowl_cabinet/t000_L04_verb_bowl_cabinet_L3_please_base.png,bowl_cabinet_L3_please,please put the bowl on top of the cabinet,0,04,verb,base,img512,11,1.725959680525716e-05,0.04108386806699765,7,9,0.15029800938241109,0,▁bowl;▁top;▁cabinet,▁put
group_bowl_cabinet,group_bowl_cabinet/t000_L04_func_bowl_cabinet_L3_please_base.png,bowl_cabinet_L3_please,please put the bowl on top of the cabinet,0,04,func,base,img512,11,0.00013311592120966663,0.2568618311452227,7,8,0.6150911353684759,0,▁bowl;▁top;▁cabinet,▁put
group_bowl_cabinet,group_bowl_cabinet/t000_L05_allmax_bowl_cabinet_L3_please_base.png,bowl_cabinet_L3_please,please put the bowl on top of the cabinet,0,05,allmax,base,img512,11,1.6218237395467365e-05,0.3395007135818374,7,13,0.8110288232028959,0,▁bowl;▁top;▁cabinet,▁put
group_bowl_cabinet,group_bowl_cabinet/t000_L05_allsum_bowl_cabinet_L3_please_base.png,bowl_cabinet_L3_please,please put the bowl on top of the cabinet,0,05,allsum,base,img512,11,5.824832849490166e-05,1.1927511450655464,7,13,3.16721267713348,0,▁bowl;▁top;▁cabinet,▁put
group_bowl_cabinet,group_bowl_cabinet/t000_L05_noun_bowl_cabinet_L3_please_base.png,bowl_cabinet_L3_please,please put the bowl on top of the cabinet,0,05,noun,base,img512,11,7.044843592970692e-06,0.6324417807655689,7,13,1.3423622412477036,0,▁bowl;▁top;▁cabinet,▁put
group_bowl_cabinet,group_bowl_cabinet/t000_L05_verb_bowl_cabinet_L3_please_base.png,bowl_cabinet_L3_please,please put the bowl on top of the cabinet,0,05,verb,base,img512,11,1.981577034212324e-06,0.17318694978053653,7,9,0.35534156837198067,0,▁bowl;▁top;▁cabinet,▁put
group_bowl_cabinet,group_bowl_cabinet/t000_L05_func_bowl_cabinet_L3_please_base.png,bowl_cabinet_L3_please,please put the bowl on top of the cabinet,0,05,func,base,img512,11,4.6856185350633496e-05,0.5135311924324721,7,13,1.674070535134946,0,▁bowl;▁top;▁cabinet,▁put
group_bowl_cabinet,group_bowl_cabinet/t000_L06_allmax_bowl_cabinet_L3_please_base.png,bowl_cabinet_L3_please,please put the bowl on top of the cabinet,0,06,allmax,base,img512,11,1.1213009692147262e-06,0.20376896150616178,7,9,0.3812361890220302,0,▁bowl;▁top;▁cabinet,▁put
group_bowl_cabinet,group_bowl_cabinet/t000_L06_allsum_bowl_cabinet_L3_please_base.png,bowl_cabinet_L3_please,please put the bowl on top of the cabinet,0,06,allsum,base,img512,11,4.8263997508739e-06,1.0297620340465783,7,9,1.9407795817271056,0,▁bowl;▁top;▁cabinet,▁put
group_bowl_cabinet,group_bowl_cabinet/t000_L06_noun_bowl_cabinet_L3_please_base.png,bowl_cabinet_L3_please,please put the bowl on top of the cabinet,0,06,noun,base,img512,11,5.263173654576991e-07,0.4311177236523548,7,9,0.7694448689064595,0,▁bowl;▁top;▁cabinet,▁put
group_bowl_cabinet,group_bowl_cabinet/t000_L06_verb_bowl_cabinet_L3_please_base.png,bowl_cabinet_L3_please,please put the bowl on top of the cabinet,0,06,verb,base,img512,11,1.3137918083899068e-07,0.13545980258472584,7,9,0.213245659350979,0,▁bowl;▁top;▁cabinet,▁put
group_bowl_cabinet,group_bowl_cabinet/t000_L06_func_bowl_cabinet_L3_please_base.png,bowl_cabinet_L3_please,please put the bowl on top of the cabinet,0,06,func,base,img512,11,3.243428225018018e-06,0.463184507809498,7,9,0.9580890534696676,0,▁bowl;▁top;▁cabinet,▁put
group_bowl_cabinet,group_bowl_cabinet/t000_L07_allmax_bowl_cabinet_L3_please_base.png,bowl_cabinet_L3_please,please put the bowl on top of the cabinet,0,07,allmax,base,img512,11,1.42994890364461e-05,0.04351172601234604,7,13,0.23868279942283005,0,▁bowl;▁top;▁cabinet,▁put
group_bowl_cabinet,group_bowl_cabinet/t000_L07_allsum_bowl_cabinet_L3_please_base.png,bowl_cabinet_L3_please,please put the bowl on top of the cabinet,0,07,allsum,base,img512,11,4.62152087606196e-05,0.15216542752942167,7,13,0.49538122494321457,0,▁bowl;▁top;▁cabinet,▁put
group_bowl_cabinet,group_bowl_cabinet/t000_L07_noun_bowl_cabinet_L3_please_base.png,bowl_cabinet_L3_please,please put the bowl on top of the cabinet,0,07,noun,base,img512,11,6.736680451348548e-06,0.07485475501283638,7,13,0.3384438046723738,0,▁bowl;▁top;▁cabinet,▁put
group_bowl_cabinet,group_bowl_cabinet/t000_L07_verb_bowl_cabinet_L3_please_base.png,bowl_cabinet_L3_please,please put the bowl on top of the cabinet,0,07,verb,base,img512,11,2.916379340155594e-06,0.02292364172686784,7,12,0.0725644780088497,0,▁bowl;▁top;▁cabinet,▁put
group_bowl_cabinet,group_bowl_cabinet/t000_L07_func_bowl_cabinet_L3_please_base.png,bowl_cabinet_L3_please,please put the bowl on top of the cabinet,0,07,func,base,img512,11,3.64922586758617e-05,0.07500635322591251,7,8,0.24891163323852908,0,▁bowl;▁top;▁cabinet,▁put
group_bowl_cabinet,group_bowl_cabinet/t000_L08_allmax_bowl_cabinet_L3_please_base.png,bowl_cabinet_L3_please,please put the bowl on top of the cabinet,0,08,allmax,base,img512,11,5.456724685535553e-05,0.18597361492764497,7,13,0.6250769976987663,0,▁bowl;▁top;▁cabinet,▁put
group_bowl_cabinet,group_bowl_cabinet/t000_L08_allsum_bowl_cabinet_L3_please_base.png,bowl_cabinet_L3_please,please put the bowl on top of the cabinet,0,08,allsum,base,img512,11,0.00011409114558162866,0.6865524317505415,7,13,2.1210362925704773,0,▁bowl;▁top;▁cabinet,▁put
group_bowl_cabinet,group_bowl_cabinet/t000_L08_noun_bowl_cabinet_L3_please_base.png,bowl_cabinet_L3_please,please put the bowl on top of the cabinet,0,08,noun,base,img512,11,6.446983975594308e-07,0.3611961468820404,7,13,1.0737779719102054,0,▁bowl;▁top;▁cabinet,▁put
group_bowl_cabinet,group_bowl_cabinet/t000_L08_verb_bowl_cabinet_L3_please_base.png,bowl_cabinet_L3_please,please put the bowl on top of the cabinet,0,08,verb,base,img512,11,3.892111775648233e-07,0.08404739575509253,7,9,0.23316021541738094,0,▁bowl;▁top;▁cabinet,▁put
group_bowl_cabinet,group_bowl_cabinet/t000_L08_func_bowl_cabinet_L3_please_base.png,bowl_cabinet_L3_please,please put the bowl on top of the cabinet,0,08,func,base,img512,11,0.00010867574428275831,0.4307237610777425,7,8,1.1513405293368015,0,▁bowl;▁top;▁cabinet,▁put
group_bowl_cabinet,group_bowl_cabinet/t000_L09_allmax_bowl_cabinet_L3_please_base.png,bowl_cabinet_L3_please,please put the bowl on top of the cabinet,0,09,allmax,base,img512,11,2.5597876404343175e-06,0.056016942076131525,7,8,0.11160484205781222,0,▁bowl;▁top;▁cabinet,▁put
group_bowl_cabinet,group_bowl_cabinet/t000_L09_allsum_bowl_cabinet_L3_please_base.png,bowl_cabinet_L3_please,please put the bowl on top of the cabinet,0,09,allsum,base,img512,11,5.150285956752176e-06,0.22287523718783928,7,8,0.3521987106587271,0,▁bowl;▁top;▁cabinet,▁put
group_bowl_cabinet,group_bowl_cabinet/t000_L09_noun_bowl_cabinet_L3_please_base.png,bowl_cabinet_L3_please,please put the bowl on top of the cabinet,0,09,noun,base,img512,11,1.906153575479908e-07,0.04810138193213559,7,8,0.06731580063811829,0,▁bowl;▁top;▁cabinet,▁put
group_bowl_cabinet,group_bowl_cabinet/t000_L09_verb_bowl_cabinet_L3_please_base.png,bowl_cabinet_L3_please,please put the bowl on top of the cabinet,0,09,verb,base,img512,11,1.8287226355696707e-07,0.012204004126237546,13,2,0.01364080225358507,0,▁bowl;▁top;▁cabinet,▁put
group_bowl_cabinet,group_bowl_cabinet/t000_L09_func_bowl_cabinet_L3_please_base.png,bowl_cabinet_L3_please,please put the bowl on top of the cabinet,0,09,func,base,img512,11,4.577455035578058e-06,0.16256985112946615,7,8,0.2729009201702745,0,▁bowl;▁top;▁cabinet,▁put
group_bowl_cabinet,group_bowl_cabinet/t000_L10_allmax_bowl_cabinet_L3_please_base.png,bowl_cabinet_L3_please,please put the bowl on top of the cabinet,0,10,allmax,base,img512,11,2.825636156056621e-07,0.3051667342155871,8,8,1.093498226657865,0,▁bowl;▁top;▁cabinet,▁put
group_bowl_cabinet,group_bowl_cabinet/t000_L10_allsum_bowl_cabinet_L3_please_base.png,bowl_cabinet_L3_please,please put the bowl on top of the cabinet,0,10,allsum,base,img512,11,1.2481713377628238e-06,0.8481688751676567,8,8,2.5168715352263753,0,▁bowl;▁top;▁cabinet,▁put
group_bowl_cabinet,group_bowl_cabinet/t000_L10_noun_bowl_cabinet_L3_please_base.png,bowl_cabinet_L3_please,please put the bowl on top of the cabinet,0,10,noun,base,img512,11,1.4290401982488995e-07,0.25993117853043024,8,8,0.6941194161131374,0,▁bowl;▁top;▁cabinet,▁put
group_bowl_cabinet,group_bowl_cabinet/t000_L10_verb_bowl_cabinet_L3_please_base.png,bowl_cabinet_L3_please,please put the bowl on top of the cabinet,0,10,verb,base,img512,11,2.7161398276850213e-08,0.3051667342155871,7,9,0.6806454114217544,0,▁bowl;▁top;▁cabinet,▁put
group_bowl_cabinet,group_bowl_cabinet/t000_L10_func_bowl_cabinet_L3_please_base.png,bowl_cabinet_L3_please,please put the bowl on top of the cabinet,0,10,func,base,img512,11,8.213825873812593e-07,0.4405719553223961,8,8,1.186766158703894,0,▁bowl;▁top;▁cabinet,▁put
group_bowl_cabinet,group_bowl_cabinet/t000_L11_allmax_bowl_cabinet_L3_please_base.png,bowl_cabinet_L3_please,please put the bowl on top of the cabinet,0,11,allmax,base,img512,11,1.5000992763778463e-07,0.40123301041196396,7,8,0.8342717956583862,0,▁bowl;▁top;▁cabinet,▁put
group_bowl_cabinet,group_bowl_cabinet/t000_L11_allsum_bowl_cabinet_L3_please_base.png,bowl_cabinet_L3_please,please put the bowl on top of the cabinet,0,11,allsum,base,img512,11,3.3780290641407854e-07,1.0074822666169438,7,8,2.183684739567774,0,▁bowl;▁top;▁cabinet,▁put
group_bowl_cabinet,group_bowl_cabinet/t000_L11_noun_bowl_cabinet_L3_please_base.png,bowl_cabinet_L3_please,please put the bowl on top of the cabinet,0,11,noun,base,img512,11,7.819799776446871e-08,0.3115622001083813,7,8,0.7259557731496182,0,▁bowl;▁top;▁cabinet,▁put
group_bowl_cabinet,group_bowl_cabinet/t000_L11_verb_bowl_cabinet_L3_please_base.png,bowl_cabinet_L3_please,please put the bowl on top of the cabinet,0,11,verb,base,img512,11,5.337170183457591e-09,0.13005829954602055,7,9,0.27999008391922203,0,▁bowl;▁top;▁cabinet,▁put
group_bowl_cabinet,group_bowl_cabinet/t000_L11_func_bowl_cabinet_L3_please_base.png,bowl_cabinet_L3_please,please put the bowl on top of the cabinet,0,11,func,base,img512,11,2.3895083185173134e-07,0.5990931902616395,7,8,1.1821241114966494,0,▁bowl;▁top;▁cabinet,▁put
group_bowl_cabinet,group_bowl_cabinet/t000_L12_allmax_bowl_cabinet_L3_please_base.png,bowl_cabinet_L3_please,please put the bowl on top of the cabinet,0,12,allmax,base,img512,11,6.195981570089689e-09,0.2852717911642461,8,8,1.133928235059504,0,▁bowl;▁top;▁cabinet,▁put
group_bowl_cabinet,group_bowl_cabinet/t000_L12_allsum_bowl_cabinet_L3_please_base.png,bowl_cabinet_L3_please,please put the bowl on top of the cabinet,0,12,allsum,base,img512,11,2.423614634560806e-08,1.1406589088189647,8,8,3.979517879598963,0,▁bowl;▁top;▁cabinet,▁put
group_bowl_cabinet,group_bowl_cabinet/t000_L12_noun_bowl_cabinet_L3_please_base.png,bowl_cabinet_L3_please,please put the bowl on top of the cabinet,0,12,noun,base,img512,11,3.1366052364641973e-09,0.3174082096503032,8,8,1.071685060812415,0,▁bowl;▁top;▁cabinet,▁put
group_bowl_cabinet,group_bowl_cabinet/t000_L12_verb_bowl_cabinet_L3_please_base.png,bowl_cabinet_L3_please,please put the bowl on top of the cabinet,0,12,verb,base,img512,11,2.0605010066263131e-10,0.2673230142600902,8,8,0.6577353421923304,0,▁bowl;▁top;▁cabinet,▁put
group_bowl_cabinet,group_bowl_cabinet/t000_L12_func_bowl_cabinet_L3_please_base.png,bowl_cabinet_L3_please,please put the bowl on top of the cabinet,0,12,func,base,img512,11,1.570641697832686e-08,0.7193638711899122,8,8,2.250097476594217,0,▁bowl;▁top;▁cabinet,▁put
group_bowl_cabinet,group_bowl_cabinet/t000_L13_allmax_bowl_cabinet_L3_please_base.png,bowl_cabinet_L3_please,please put the bowl on top of the cabinet,0,13,allmax,base,img512,11,9.109257020799917e-08,0.5278094993319598,1,1,0.6117122408999264,1,▁bowl;▁top;▁cabinet,▁put
group_bowl_cabinet,group_bowl_cabinet/t000_L13_allsum_bowl_cabinet_L3_please_base.png,bowl_cabinet_L3_please,please put the bowl on top of the cabinet,0,13,allsum,base,img512,11,4.81024840711847e-07,1.947737667179649,1,1,2.3207527796971337,1,▁bowl;▁top;▁cabinet,▁put
group_bowl_cabinet,group_bowl_cabinet/t000_L13_noun_bowl_cabinet_L3_please_base.png,bowl_cabinet_L3_please,please put the bowl on top of the cabinet,0,13,noun,base,img512,11,1.2599029868969798e-07,0.84682898636918,1,1,0.9402455761636169,1,▁bowl;▁top;▁cabinet,▁put
group_bowl_cabinet,group_bowl_cabinet/t000_L13_verb_bowl_cabinet_L3_please_base.png,bowl_cabinet_L3_please,please put the bowl on top of the cabinet,0,13,verb,base,img512,11,9.468424390649763e-09,0.1909649653200633,1,1,0.23697591706821552,1,▁bowl;▁top;▁cabinet,▁put
group_bowl_cabinet,group_bowl_cabinet/t000_L13_func_bowl_cabinet_L3_please_base.png,bowl_cabinet_L3_please,please put the bowl on top of the cabinet,0,13,func,base,img512,11,3.218397211529799e-07,0.9099437154904052,1,1,1.1435312864653004,1,▁bowl;▁top;▁cabinet,▁put
group_bowl_cabinet,group_bowl_cabinet/t000_L14_allmax_bowl_cabinet_L3_please_base.png,bowl_cabinet_L3_please,please put the bowl on top of the cabinet,0,14,allmax,base,img512,11,2.5141588820868254e-08,0.1646424532026759,13,2,0.29871997717545573,0,▁bowl;▁top;▁cabinet,▁put
group_bowl_cabinet,group_bowl_cabinet/t000_L14_allsum_bowl_cabinet_L3_please_base.png,bowl_cabinet_L3_please,please put the bowl on top of the cabinet,0,14,allsum,base,img512,11,3.005171575056779e-08,0.470625959890169,7,8,0.9630337711447243,0,▁bowl;▁top;▁cabinet,▁put
group_bowl_cabinet,group_bowl_cabinet/t000_L14_noun_bowl_cabinet_L3_please_base.png,bowl_cabinet_L3_please,please put the bowl on top of the cabinet,0,14,noun,base,img512,11,6.480665101583955e-11,0.14909684904916184,7,8,0.2308817652939179,0,▁bowl;▁top;▁cabinet,▁put
group_bowl_cabinet,group_bowl_cabinet/t000_L14_verb_bowl_cabinet_L3_please_base.png,bowl_cabinet_L3_please,please put the bowl on top of the cabinet,0,14,verb,base,img512,11,7.66119480096355e-12,0.04188295121587939,7,8,0.08460620144881081,0,▁bowl;▁top;▁cabinet,▁put
group_bowl_cabinet,group_bowl_cabinet/t000_L14_func_bowl_cabinet_L3_please_base.png,bowl_cabinet_L3_please,please put the bowl on top of the cabinet,0,14,func,base,img512,11,2.988792944694526e-08,0.3201943714371904,7,8,0.6475458044019957,0,▁bowl;▁top;▁cabinet,▁put
group_bowl_cabinet,group_bowl_cabinet/t000_L15_allmax_bowl_cabinet_L3_please_base.png,bowl_cabinet_L3_please,please put the bowl on top of the cabinet,0,15,allmax,base,img512,11,3.1857833665886936e-09,0.045682519693752976,7,8,0.10666194618942812,0,▁bowl;▁top;▁cabinet,▁put
group_bowl_cabinet,group_bowl_cabinet/t000_L15_allsum_bowl_cabinet_L3_please_base.png,bowl_cabinet_L3_please,please put the bowl on top of the cabinet,0,15,allsum,base,img512,11,6.380169176536946e-09,0.2396779225060457,7,8,0.5388112202171624,0,▁bowl;▁top;▁cabinet,▁put
group_bowl_cabinet,group_bowl_cabinet/t000_L15_noun_bowl_cabinet_L3_please_base.png,bowl_cabinet_L3_please,please put the bowl on top of the cabinet,0,15,noun,base,img512,11,1.1423087166402662e-09,0.06968381225399939,8,8,0.07830816604880445,0,▁bowl;▁top;▁cabinet,▁put
group_bowl_cabinet,group_bowl_cabinet/t000_L15_verb_bowl_cabinet_L3_please_base.png,bowl_cabinet_L3_please,please put the bowl on top of the cabinet,0,15,verb,base,img512,11,1.0050608912617173e-10,0.020522864008367114,8,8,0.04733361198771238,0,▁bowl;▁top;▁cabinet,▁put
group_bowl_cabinet,group_bowl_cabinet/t000_L15_func_bowl_cabinet_L3_please_base.png,bowl_cabinet_L3_please,please put the bowl on top of the cabinet,0,15,func,base,img512,11,3.211964479331359e-09,0.18785866329717116,7,8,0.41706168157744933,0,▁bowl;▁top;▁cabinet,▁put
group_bowl_cabinet,group_bowl_cabinet/t000_L16_allmax_bowl_cabinet_L3_please_base.png,bowl_cabinet_L3_please,please put the bowl on top of the cabinet,0,16,allmax,base,img512,11,1.1587404987128943e-07,0.1437691602893085,3,7,0.2822376317191895,0,▁bowl;▁top;▁cabinet,▁put
group_bowl_cabinet,group_bowl_cabinet/t000_L16_allsum_bowl_cabinet_L3_please_base.png,bowl_cabinet_L3_please,please put the bowl on top of the cabinet,0,16,allsum,base,img512,11,1.996647925280436e-07,0.3217142352354169,3,7,0.7880483484139398,0,▁bowl;▁top;▁cabinet,▁put
group_bowl_cabinet,group_bowl_cabinet/t000_L16_noun_bowl_cabinet_L3_please_base.png,bowl_cabinet_L3_please,please put the bowl on top of the cabinet,0,16,noun,base,img512,11,2.250348862046137e-09,0.07669547795489184,3,7,0.23478805741072972,0,▁bowl;▁top;▁cabinet,▁put
group_bowl_cabinet,group_bowl_cabinet/t000_L16_verb_bowl_cabinet_L3_please_base.png,bowl_cabinet_L3_please,please put the bowl on top of the cabinet,0,16,verb,base,img512,11,1.9947076046410154e-08,0.01751512511778634,8,8,0.027748945163911725,0,▁bowl;▁top;▁cabinet,▁put
group_bowl_cabinet,group_bowl_cabinet/t000_L16_func_bowl_cabinet_L3_please_base.png,bowl_cabinet_L3_please,please put the bowl on top of the cabinet,0,16,func,base,img512,11,5.392320657665833e-08,0.26586236916225797,3,7,0.5385886201120307,0,▁bowl;▁top;▁cabinet,▁put
group_bowl_cabinet,group_bowl_cabinet/t000_L17_allmax_bowl_cabinet_L3_please_base.png,bowl_cabinet_L3_please,please put the bowl on top of the cabinet,0,17,allmax,base,img512,11,2.232674293888001e-05,0.3729482798947768,13,1,0.39041879377341426,1,▁bowl;▁top;▁cabinet,▁put
group_bowl_cabinet,group_bowl_cabinet/t000_L17_allsum_bowl_cabinet_L3_please_base.png,bowl_cabinet_L3_please,please put the bowl on top of the cabinet,0,17,allsum,base,img512,11,2.232674321827634e-05,0.4883526762185043,13,1,0.5350025727000933,1,▁bowl;▁top;▁cabinet,▁put
group_bowl_cabinet,group_bowl_cabinet/t000_L17_noun_bowl_cabinet_L3_please_base.png,bowl_cabinet_L3_please,please put the bowl on top of the cabinet,0,17,noun,base,img512,11,1.7145862623506678e-18,0.164223726684375,14,2,0.17174887265091582,1,▁bowl;▁top;▁cabinet,▁put
group_bowl_cabinet,group_bowl_cabinet/t000_L17_verb_bowl_cabinet_L3_please_base.png,bowl_cabinet_L3_please,please put the bowl on top of the cabinet,0,17,verb,base,img512,11,1.0816916117903488e-22,0.01867393512771717,14,2,0.019850117045779235,1,▁bowl;▁top;▁cabinet,▁put
group_bowl_cabinet,group_bowl_cabinet/t000_L17_func_bowl_cabinet_L3_please_base.png,bowl_cabinet_L3_please,please put the bowl on top of the cabinet,0,17,func,base,img512,11,2.2326743218121855e-05,0.4162666294697442,13,1,0.45421519806673044,1,▁bowl;▁top;▁cabinet,▁put
group_bowl_cabinet,group_bowl_cabinet/t000_Lrollout_allmax_bowl_cabinet_L3_please_base.png,bowl_cabinet_L3_please,please put the bowl on top of the cabinet,0,rollout,allmax,base,img512,11,7.175414317025163e-05,0.03366065753253247,7,9,0.06424540232545808,0,▁bowl;▁top;▁cabinet,▁put
group_bowl_cabinet,group_bowl_cabinet/t000_Lrollout_allsum_bowl_cabinet_L3_please_base.png,bowl_cabinet_L3_please,please put the bowl on top of the cabinet,0,rollout,allsum,base,img512,11,0.0007848463579077633,0.36841339945940843,7,9,0.7023204720434989,0,▁bowl;▁top;▁cabinet,▁put
group_bowl_cabinet,group_bowl_cabinet/t000_Lrollout_noun_bowl_cabinet_L3_please_base.png,bowl_cabinet_L3_please,please put the bowl on top of the cabinet,0,rollout,noun,base,img512,11,0.00021388471781447224,0.10038399852395742,7,9,0.19195758585647651,0,▁bowl;▁top;▁cabinet,▁put
group_bowl_cabinet,group_bowl_cabinet/t000_Lrollout_verb_bowl_cabinet_L3_please_base.png,bowl_cabinet_L3_please,please put the bowl on top of the cabinet,0,rollout,verb,base,img512,11,7.129763402789169e-05,0.033474871604858306,7,9,0.06399051134342969,0,▁bowl;▁top;▁cabinet,▁put
group_bowl_cabinet,group_bowl_cabinet/t000_Lrollout_func_bowl_cabinet_L3_please_base.png,bowl_cabinet_L3_please,please put the bowl on top of the cabinet,0,rollout,func,base,img512,11,0.0004996640060653993,0.23455452933059273,7,9,0.4463723748435927,0,▁bowl;▁top;▁cabinet,▁put
